,Date,signal,short_mavg,long_mavg,signal_ma
1188,2019-01-02,0.0,101.12000274658205,101.12000274658205,0.0
1189,2019-01-03,0.0,100.76571691603888,101.01521397980169,0.0
1190,2019-01-04,0.0,100.87660104833765,101.04098260868547,0.0
1191,2019-01-07,0.0,100.98930547788585,101.06968725516177,0.0
1192,2019-01-08,1.0,101.16175286587367,101.11842854520673,1.0
1193,2019-01-09,0.0,101.45777608274918,101.20720511134363,0.0
1194,2019-01-10,0.0,101.66179726287984,101.27460774128102,0.0
1195,2019-01-11,0.0,101.77019781420157,101.31757662326629,0.0
1196,2019-01-14,0.0,101.79684593206406,101.33820835364634,0.0
1197,2019-01-15,0.0,102.10286080865134,101.44163916442336,0.0
1198,2019-01-16,0.0,102.41496904148626,101.5525788289021,0.0
1199,2019-01-17,0.0,102.76782939435253,101.68123865756914,0.0
1200,2019-01-18,0.0,103.23851222198303,101.85106289494671,0.0
1201,2019-01-22,0.0,103.47103489657282,101.95892028678415,0.0
1202,2019-01-23,0.0,103.7795076763728,102.09275349235286,0.0
1203,2019-01-24,0.0,104.01003046416989,102.2084504911103,0.0
1204,2019-01-25,0.0,104.31097976938659,102.34821239752819,0.0
1205,2019-01-28,0.0,104.38421996573592,102.4251642125571,0.0
1206,2019-01-29,0.0,104.24667543960928,102.4396666978768,0.0
1207,2019-01-30,0.0,104.4498489456863,102.55066192479346,0.0
1208,2019-01-31,0.0,104.44795859897101,102.60360103410001,0.0
1209,2019-02-01,0.0,104.28910528281158,102.60856998466893,0.0
1210,2019-02-04,0.0,104.4272855286171,102.69677922069994,0.0
1211,2019-02-05,0.0,104.69325845167292,102.82419392492538,0.0
1212,2019-02-06,0.0,104.82056705430378,102.91449828702036,0.0
1213,2019-02-07,0.0,104.86336987228117,102.98085035338786,0.0
1214,2019-02-08,0.0,104.94019161482062,103.05660099607962,0.0
1215,2019-02-11,0.0,104.96969717531388,103.118386883514,0.0
1216,2019-02-12,0.0,105.1525831004886,103.2246294893206,0.0
1217,2019-02-13,0.0,105.31043209649862,103.32562577296211,0.0
1218,2019-02-14,0.0,105.4618196612015,103.42631241388935,0.0
1219,2019-02-15,0.0,105.72450361924928,103.56134590140523,0.0
1220,2019-02-19,0.0,105.95740786207747,103.69116709204016,0.0
1221,2019-02-20,0.0,106.07098821101094,103.78859904792294,0.0
1222,2019-02-21,0.0,106.38898968254412,103.94694847367468,0.0
1223,2019-02-22,0.0,106.82527649570213,104.14478094542197,0.0
1224,2019-02-25,0.0,107.27905933781533,104.35450532267461,0.0
1225,2019-02-26,0.0,107.76295850662831,104.58001223218665,0.0
1226,2019-02-27,0.0,108.18267656970612,104.79381465294041,0.0
1227,2019-02-28,0.0,108.54908820871476,104.99765082551384,0.0
1228,2019-03-01,0.0,108.92822254877021,105.20982964111337,0.0
1229,2019-03-04,0.0,109.24553489043308,105.40842604942654,0.0
1230,2019-03-05,0.0,109.47929318165299,105.58565339868896,0.0
1231,2019-03-06,0.0,109.69555097387651,105.75929696492308,0.0
1232,2019-03-07,0.0,109.76168891823575,105.88973928674633,0.0
1233,2019-03-08,0.0,109.83295684375906,106.01988753602758,0.0
1234,2019-03-11,0.0,110.11838969969197,106.2117217415213,0.0
1235,2019-03-12,0.0,110.45187665653864,106.42040571349486,0.0
1236,2019-03-13,0.0,110.83741221305877,106.64799991874854,0.0
1237,2019-03-14,0.0,111.19480117732847,106.87171812773846,0.0
1238,2019-03-15,0.0,111.64386808064094,107.12631772025595,0.0
1239,2019-03-18,0.0,112.20826156770602,107.42050594489169,0.0
1240,2019-03-19,0.0,112.72652251610343,107.70866074998992,0.0
1241,2019-03-20,0.0,113.18304386152847,107.98503640894982,0.0
1242,2019-03-21,0.0,113.85323027668797,108.32968330505555,0.0
1243,2019-03-22,0.0,114.15768482669462,108.57532611482182,0.0
1244,2019-03-25,0.0,114.49123900149603,108.83123252460457,0.0
1245,2019-03-26,0.0,114.81683563584015,109.08697255664697,0.0
1246,2019-03-27,0.0,115.0028509698617,109.30339577034893,0.0
1247,2019-03-28,0.0,115.18638900179637,109.51822970090743,0.0
1248,2019-03-29,0.0,115.44863790080683,109.75546273585105,0.0
1249,2019-04-01,0.0,115.78876730483155,110.0164355219698,0.0
1250,2019-04-02,0.0,116.1126944606958,110.27484585772856,0.0
1251,2019-04-03,0.0,116.48005700926794,110.54794882569968,0.0
1252,2019-04-04,0.0,116.75433735222828,110.79617563653494,0.0
1253,2019-04-05,0.0,117.05297183198257,111.05233968591841,0.0
1254,2019-04-08,0.0,117.32697454371527,111.30241463293974,0.0
1255,2019-04-09,0.0,117.5129768518659,111.52713531311882,0.0
1256,2019-04-10,0.0,117.76793166991736,111.77115973926776,0.0
1257,2019-04-11,0.0,118.01193835193043,112.01225388269837,0.0
1258,2019-04-12,0.0,118.29175345634107,112.26402129299538,0.0
1259,2019-04-15,0.0,118.5544438939998,112.51151373690419,0.0
1260,2019-04-16,0.0,118.76544891772043,112.74414705820453,0.0
1261,2019-04-17,0.0,119.05159632013434,112.99839634228515,0.0
1262,2019-04-18,0.0,119.46287312265316,113.29055426916675,0.0
1263,2019-04-22,0.0,119.87212350489862,113.58546829359108,0.0
1264,2019-04-23,0.0,120.40239768932793,113.91939883296615,0.0
1265,2019-04-24,0.0,120.84121716046151,114.2318101936215,0.0
1266,2019-04-25,0.0,121.63252923055893,114.65204072046271,0.0
1267,2019-04-26,0.0,122.41895495999603,115.08127899283414,0.0
1268,2019-04-29,0.0,123.1190548945165,115.49504590211941,0.0
1269,2019-04-30,0.0,123.8315264382307,115.92053773877846,0.0
1270,2019-05-01,0.0,124.21709508729614,116.25742392228945,0.0
1271,2019-05-02,0.0,124.40689546797962,116.53777815221011,0.0
1272,2019-05-03,0.0,124.8348096040277,116.8860095816263,0.0
1273,2019-05-06,0.0,125.15054144140453,117.2033049144392,0.0
1274,2019-05-07,0.0,125.18572765108661,117.4375779208794,0.0
1275,2019-05-08,0.0,125.21661093538603,117.66497015229774,0.0
1276,2019-05-09,0.0,125.24360037011117,117.88567521843021,0.0
1277,2019-05-10,0.0,125.42325721614039,118.1460786560355,0.0
1278,2019-05-13,0.0,125.22580400261474,118.2926679466858,0.0
1279,2019-05-14,0.0,125.17858489350225,118.47400133852378,0.0
1280,2019-05-15,0.0,125.2587193458417,118.68656458653906,0.0
1281,2019-05-16,0.0,125.60836442488356,118.97511185665856,0.0
1282,2019-05-17,0.0,125.84280660577262,119.23130609518138,0.0
1283,2019-05-20,0.0,125.87872990243267,119.42817074660454,0.0
1284,2019-05-21,0.0,125.9759938665704,119.63864485306298,0.0
1285,2019-05-22,0.0,126.13732760965372,119.86488015773573,0.0
1286,2019-05-23,0.0,126.14139167589391,120.04277086611432,0.0
1287,2019-05-24,0.0,126.15078274140588,120.21734064069616,0.0
1288,2019-05-28,0.0,126.15166092433003,120.38473959904584,0.0
1289,2019-05-29,0.0,126.03626487833729,120.51305686221093,0.0
1290,2019-05-30,0.0,126.00709711439409,120.66001310149889,0.0
1291,2019-05-31,0.0,125.7854688468495,120.74508316357431,0.0
1292,2019-06-03,0.0,125.21923336980579,120.71958776003392,0.0
1293,2019-06-04,0.0,125.02311625478708,120.78833186995155,0.0
1294,2019-06-05,0.0,125.0999625001459,120.9303507420953,0.0
1295,2019-06-06,0.0,125.35901366154383,121.12442536048202,0.0
1296,2019-06-07,0.0,125.93434511249055,121.41387799529899,0.0
1297,2019-06-10,0.0,126.56916996877865,121.72898019553044,0.0
1298,2019-06-11,0.0,127.09591626732502,122.02112177040325,0.0
1299,2019-06-12,0.0,127.51440095550016,122.28785088935426,0.0
1300,2019-06-13,0.0,127.97207775252097,122.57044684526593,0.0
1301,2019-06-14,0.0,128.39854624735156,122.84874403126527,0.0
1302,2019-06-17,0.0,128.82249480508148,123.13046972344134,0.0
1303,2019-06-18,0.0,129.42606707717937,123.46932983438974,0.0
1304,2019-06-19,0.0,130.0226323499629,123.81357413317893,0.0
1305,2019-06-20,0.0,130.68238135932282,124.18361421247648,0.0
1306,2019-06-21,0.0,131.28120229850188,124.54379412820118,0.0
1307,2019-06-24,0.0,131.90013529667283,124.91664496344332,0.0
1308,2019-06-25,0.0,132.04583599944507,125.15645757505848,0.0
1309,2019-06-26,0.0,132.22527949242948,125.40359940888166,0.0
1310,2019-06-27,0.0,132.408585626149,125.6499767183916,0.0
1311,2019-06-28,0.0,132.5563400154555,125.88406207037683,0.0
1312,2019-07-01,0.0,132.85383074501033,126.16000377757133,0.0
1313,2019-07-02,0.0,133.20870418177645,126.45352484950044,0.0
1314,2019-07-03,0.0,133.61359013721366,126.76356659215867,0.0
1315,2019-07-05,0.0,133.94181941544034,127.05360690107234,0.0
1316,2019-07-08,0.0,134.22926582481432,127.33266041692572,0.0
1317,2019-07-09,0.0,134.44171733805746,127.58976876331845,0.0
1318,2019-07-10,0.0,134.7663162681011,127.87878953346485,0.0
1319,2019-07-11,0.0,135.1123808041376,128.17516148735274,0.0
1320,2019-07-12,0.0,135.47310586055156,128.47726944253955,0.0
1321,2019-07-15,0.0,135.79947614968802,128.77086731448168,0.0
1322,2019-07-16,0.0,135.92143097648483,129.0049274417091,0.0
1323,2019-07-17,0.0,135.95462843324447,129.20957749327957,0.0
1324,2019-07-18,0.0,135.99894936045408,129.4126879348476,0.0
1325,2019-07-19,0.0,136.05809657538106,129.61571067237833,0.0
1326,2019-07-22,0.0,136.28399144208583,129.864000306277,0.0
1327,2019-07-23,0.0,136.57027733199507,130.12952123528703,0.0
1328,2019-07-24,0.0,136.96548913091965,130.4278446151579,0.0
1329,2019-07-25,0.0,137.27258563668028,130.70283497646068,0.0
1330,2019-07-26,0.0,137.6599580844146,131.00247332466998,0.0
1331,2019-07-29,0.0,137.98091434107005,131.28493883043413,0.0
1332,2019-07-30,0.0,138.2065421279696,131.54029283812656,0.0
1333,2019-07-31,0.0,138.0221099512545,131.67352414613597,0.0
1334,2019-08-01,0.0,138.02571829481062,131.85342480564182,0.0
1335,2019-08-02,0.0,137.91850644735098,131.99558168144023,0.0
1336,2019-08-05,0.0,137.3748398060668,132.00162182319872,0.0
1337,2019-08-06,0.0,137.11914100943247,132.07735085469753,0.0
1338,2019-08-07,0.0,136.94398460656242,132.16756628919327,0.0
1339,2019-08-08,0.0,137.12931934780872,132.35693060188217,0.0
1340,2019-08-09,0.0,137.18462290648097,132.50772147827612,0.0
1341,2019-08-12,0.0,137.05180103787637,132.60017983906081,0.0
1342,2019-08-13,0.0,137.19924913936583,132.76918902960884,0.0
1343,2019-08-14,0.0,136.8926535763347,132.80329626053646,0.0
1344,2019-08-15,0.0,136.5866858715201,132.82799193420533,0.0
1345,2019-08-16,0.0,136.54319244402413,132.92100638346187,0.0
1346,2019-08-19,0.0,136.72098398860368,133.07562602511393,0.0
1347,2019-08-20,0.0,136.7723183236734,133.19349555981034,0.0
1348,2019-08-21,0.0,136.96447784390762,133.35114338308705,0.0
1349,2019-08-22,0.0,137.04214650442088,133.47589987312114,0.0
1350,2019-08-23,0.0,136.69432296968066,133.47348014119234,0.0
1351,2019-08-26,0.0,136.57581572954365,133.52915667096838,0.0
1352,2019-08-27,0.0,136.49621475465037,133.5914341025795,0.0
1353,2019-08-28,0.0,136.40705121216877,133.64688659429822,0.0
1354,2019-08-29,0.0,136.57018872693246,133.77288965128102,0.0
1355,2019-08-30,0.0,136.69302795392474,133.888019537452,0.0
1356,2019-09-03,0.0,136.6308341760398,133.9486385162881,0.0
1357,2019-09-04,0.0,136.72599329097054,134.05233897731696,0.0
1358,2019-09-05,0.0,137.04256564914076,134.221287261104,0.0
1359,2019-09-06,0.0,137.2385123590812,134.35871596089027,0.0
1360,2019-09-09,0.0,137.26532111273642,134.44776633586412,0.0
1361,2019-09-10,0.0,137.15243356210007,134.4937448005174,0.0
1362,2019-09-11,0.0,137.05410609115603,134.53955466859261,0.0
1363,2019-09-12,0.0,137.0984773465184,134.62351099546214,0.0
1364,2019-09-13,0.0,137.1195754396327,134.6994686385257,0.0
1365,2019-09-16,0.0,137.04437795310147,134.74539915099132,0.0
1366,2019-09-17,0.0,137.07729428039167,134.81989493236193,0.0
1367,2019-09-18,0.0,137.2146952320173,134.9241233644774,0.0
1368,2019-09-19,0.0,137.58186781222696,135.09724685630113,0.0
1369,2019-09-20,0.0,137.75883301500593,135.21957799954353,0.0
1370,2019-09-23,0.0,137.89037266973378,135.3300124048986,0.0
1371,2019-09-24,0.0,137.8417662138365,135.3877586718821,0.0
1372,2019-09-25,0.0,137.98635996588555,135.4996528109939,0.0
1373,2019-09-26,0.0,138.13432504400436,135.6134652187443,0.0
1374,2019-09-27,0.0,138.09581749005528,135.67308579645683,0.0
1375,2019-09-30,0.0,138.18478713664973,135.76764672555092,0.0
1376,2019-10-01,0.0,138.07861763070392,135.8043329395979,0.0
1377,2019-10-02,0.0,137.75208203696872,135.77181634683416,0.0
1378,2019-10-03,0.0,137.61188363147616,135.7861313449317,0.0
1379,2019-10-04,0.0,137.66027520154393,135.85187398640372,0.0
1380,2019-10-07,0.0,137.60881995541473,135.88759570839764,0.0
1381,2019-10-08,0.0,137.42417026146526,135.88146620024406,0.0
1382,2019-10-09,0.0,137.50186885496038,135.9479039268052,0.0
1383,2019-10-10,0.0,137.65407240244184,136.03669553741676,0.0
1384,2019-10-11,0.0,137.84701719037895,136.13932362582142,0.0
1385,2019-10-14,0.0,138.00920632003408,136.23539910260837,0.0
1386,2019-10-15,0.0,138.34833022519453,136.38566975673825,0.0
1387,2019-10-16,0.0,138.54468007632929,136.4990312751994,0.0
1388,2019-10-17,0.0,138.6537583968128,136.58891778692356,0.0
1389,2019-10-18,0.0,138.5353055649363,136.61204696650626,0.0
1390,2019-10-21,0.0,138.52527576596913,136.6632567047957,0.0
1391,2019-10-22,0.0,138.32001094227564,136.65499581500393,0.0
1392,2019-10-23,0.0,138.21715328045548,136.67147496086758,0.0
1393,2019-10-24,0.0,138.38123415292696,136.7635461575025,0.0
1394,2019-10-25,0.0,138.60492573146144,136.87527713130638,0.0
1395,2019-10-28,0.0,139.13683779907524,137.08132573159088,0.0
1396,2019-10-29,0.0,139.4885677068828,137.24326026960395,0.0
1397,2019-10-30,0.0,139.9763232214989,137.4507740820194,0.0
1398,2019-10-31,0.0,140.29953006870733,137.61751270272836,0.0
1399,2019-11-01,0.0,140.62528922604025,137.78941378774175,0.0
1400,2019-11-04,0.0,140.99907149515622,137.9798529219394,0.0
1401,2019-11-05,0.0,141.32868437312868,138.16239246537398,0.0
1402,2019-11-06,0.0,141.58880943841106,138.32852218630975,0.0
1403,2019-11-07,0.0,141.8432080163563,138.49560591364852,0.0
1404,2019-11-08,0.0,142.2352840827859,138.70587072492228,0.0
1405,2019-11-11,0.0,142.60430470445885,138.91443776394846,0.0
1406,2019-11-12,0.0,143.02960971586455,139.1441721177589,0.0
1407,2019-11-13,0.0,143.43726570088637,139.3741953696134,0.0
1408,2019-11-14,0.0,143.87752587781088,139.61886585381004,0.0
1409,2019-11-15,0.0,144.457761624753,139.9104471317507,0.0
1410,2019-11-18,0.0,145.01797445457564,140.2042372502335,0.0
1411,2019-11-19,0.0,145.52959587696353,140.4911601274001,0.0
1412,2019-11-20,0.0,145.9191577093658,140.74831040880258,0.0
1413,2019-11-21,0.0,146.258285139668,140.99427337552757,0.0
1414,2019-11-22,0.0,146.57559096807017,141.2364064167209,0.0
1415,2019-11-25,0.0,147.0188676118291,141.51791597477214,0.0
1416,2019-11-26,0.0,147.496118199207,141.8140309833503,0.0
1417,2019-11-27,0.0,147.95553621111287,142.10997397886774,0.0
1418,2019-11-29,0.0,148.28167608460808,142.3711016099648,0.0
1419,2019-12-02,0.0,148.40246912909853,142.57332418578994,0.0
1420,2019-12-03,0.0,148.4889004080981,142.7630896329112,0.0
1421,2019-12-04,0.0,148.61852952194738,142.9627210827874,0.0
1422,2019-12-05,0.0,148.74343077469348,143.15898225442103,0.0
1423,2019-12-06,0.0,149.02977070091316,143.4009827542965,0.0
1424,2019-12-09,0.0,149.2516973589549,143.6251804403826,0.0
1425,2019-12-10,0.0,149.4305837897985,143.83658394580317,0.0
1426,2019-12-11,0.0,149.64671837631695,144.05808853742118,0.0
1427,2019-12-12,0.0,149.98893619696906,144.31673408547027,0.0
1428,2019-12-13,0.0,150.42141834766693,144.60443168247946,0.0
1429,2019-12-16,0.0,150.90794981734598,144.91219413591094,0.0
1430,2019-12-17,0.0,151.26814530535174,145.18762535578404,0.0
1431,2019-12-18,0.0,151.56355957314562,145.44628365892217,0.0
1432,2019-12-19,0.0,151.9584593008334,145.7354026182164,0.0
1433,2019-12-20,0.0,152.4776540019073,146.06426461945284,0.0
1434,2019-12-23,0.0,152.9474015885932,146.3838629023446,0.0
1435,2019-12-24,0.0,153.36955428328076,146.69361338066764,0.0
1436,2019-12-26,0.0,153.87435846286786,147.0309763324501,0.0
1437,2019-12-27,0.0,154.358705915344,147.36700535727877,0.0
1438,2019-12-30,0.0,154.66644786034843,147.6549769341974,0.0
1439,2019-12-31,0.0,154.95535729729067,147.93793524445218,0.0
1440,2020-01-02,0.0,155.49484661347134,148.29517636762782,0.0
1441,2020-01-03,0.0,155.79247980430145,148.58601633240414,0.0
1442,2020-01-06,0.0,156.10081494477723,148.880213021049,0.0
1443,2020-01-07,0.0,156.24168988632746,149.1252774945703,0.0
1444,2020-01-08,0.0,156.6081952626668,149.43414281410045,0.0
1445,2020-01-09,0.0,157.13027155554525,149.79064573026355,0.0
1446,2020-01-10,0.0,157.53119772529243,150.11597955019673,0.0
1447,2020-01-13,0.0,158.07870258757856,150.48679699327,0.0
1448,2020-01-14,0.0,158.46454090141037,150.81477468029937,0.0
1449,2020-01-15,0.0,158.91363154658856,151.1630906801721,0.0
1450,2020-01-16,0.0,159.60471408205112,151.58582046858828,0.0
1451,2020-01-17,0.0,160.3185514174287,152.0228397822482,0.0
1452,2020-01-21,0.0,160.907260806245,152.43064711232574,0.0
1453,2020-01-22,0.0,161.3637118673876,152.80443161474594,0.0
1454,2020-01-23,0.0,161.87383466294145,153.19641949097007,0.0
1455,2020-01-24,0.0,162.17537357943587,153.53004128801692,0.0
1456,2020-01-27,0.0,162.18533788418452,153.77651896382764,0.0
1457,2020-01-28,0.0,162.49721110605904,154.10563129481469,0.0
1458,2020-01-29,0.0,163.02509512320893,154.49814853400673,0.0
1459,2020-01-30,0.0,163.95413356664588,155.01313023105718,0.0
1460,2020-01-31,0.0,164.55183472482616,155.44177432954965,0.0
1461,2020-02-03,0.0,165.48785093034866,155.97524561274014,0.0
1462,2020-02-04,0.0,166.88138847195236,156.6553794015978,0.0
1463,2020-02-05,0.0,168.12125565524113,157.3101572746932,0.0
1464,2020-02-06,0.0,169.59827939120032,158.0515614326684,0.0
1465,2020-02-07,0.0,170.95939558152872,158.77940475540024,0.0
1466,2020-02-10,0.0,172.64897666407288,159.6222383382972,0.0
1467,2020-02-11,0.0,173.77193150000937,160.32133028486365,0.0
1468,2020-02-12,0.0,174.8136529489482,161.00833525469474,0.0
1469,2020-02-13,0.0,175.66092473608333,161.64781895777003,0.0
1470,2020-02-14,0.0,176.5836943901245,162.31548620131218,0.0
1471,2020-02-18,0.0,177.59762785083063,163.01730337106505,0.0
1472,2020-02-19,0.0,178.51975841544646,163.70075957974765,0.0
1473,2020-02-20,0.0,179.08168601101778,164.28440010338704,0.0
1474,2020-02-21,0.0,179.0348584231009,164.68737464520405,0.0
1475,2020-02-24,0.0,178.2591575627721,164.8620964689912,0.0
1476,2020-02-25,0.0,177.2887623019575,164.95246015505396,0.0
1477,2020-02-26,0.0,176.61078476548013,165.0994330568537,0.0
1478,2020-02-27,0.0,174.85547123312784,164.90451924330236,0.0
1479,2020-02-28,0.0,173.63209249729053,164.8229833352329,0.0
1480,2020-03-02,0.0,173.55189257241835,165.0474061507512,0.0
1481,2020-03-03,0.0,172.69075942331528,165.03226779458458,0.0
1482,2020-03-04,0.0,172.48687786411935,165.1876969567585,0.0
1483,2020-03-05,0.0,171.89479466491377,165.21818448677828,0.0
1484,2020-03-06,0.0,170.9114815848476,165.11541893290337,0.0
1485,2020-03-09,0.0,168.97895906411804,164.70709713527756,0.0
1486,2020-03-10,0.0,168.2114389788635,164.60041829115553,0.0
1487,2020-03-11,0.0,166.8227309697158,164.29139256134306,0.0
1488,2020-03-12,0.0,164.1786611210375,163.58064904013887,0.0
1489,2020-03-13,0.0,163.669264998182,163.44682799199566,0.0
1490,2020-03-16,-1.0,160.97885863349282,162.6573398279661,-1.0
1491,2020-03-17,0.0,159.60658708022862,162.20417553208588,0.0
1492,2020-03-18,0.0,157.77738772939583,161.5899732324915,0.0
1493,2020-03-19,0.0,156.34239906125023,161.05814318971335,0.0
1494,2020-03-20,0.0,154.5335997319422,160.3903083422148,0.0
1495,2020-03-23,0.0,152.76658982676094,159.7026939023648,0.0
1496,2020-03-24,0.0,152.34500949448758,159.38261791463316,0.0
1497,2020-03-25,0.0,151.82834174919785,159.031558203487,0.0
1498,2020-03-26,0.0,152.23611878359344,158.9492608064973,0.0
1499,2020-03-27,0.0,151.99458337070286,158.68871816260278,0.0
1500,2020-03-30,0.0,152.77890835706822,158.7321344320376,0.0
1501,2020-03-31,0.0,153.24853677200144,158.70334210194832,0.0
1502,2020-04-01,0.0,153.1401047566062,158.51761417260758,0.0
1503,2020-04-02,0.0,153.34199901853285,158.4258502383605,0.0
1504,2020-04-03,0.0,153.38847547686828,158.29638971984485,0.0
1505,2020-04-06,0.0,154.5200496478771,158.49282956639743,0.0
1506,2020-04-07,0.0,155.37433115695205,158.6335950854613,0.0
1507,2020-04-08,0.0,156.30344294036732,158.8165925445416,0.0
1508,2020-04-09,0.0,157.14501974506078,158.9947166810235,0.0
1509,2020-04-13,0.0,157.94168400808698,159.1782456338633,0.0
1510,2020-04-14,0.0,159.4424757166732,159.58730905116977,0.0
1511,2020-04-15,1.0,160.62700230392454,159.9335821731879,1.0
1512,2020-04-16,0.0,162.1901443022301,160.4154529087638,0.0
1513,2020-04-17,0.0,163.75298828330492,160.92769384382723,0.0
1514,2020-04-20,0.0,164.8298463095229,161.325786906215,0.0
1515,2020-04-21,0.0,165.11462354901775,161.50872269263763,0.0
1516,2020-04-22,0.0,165.9151359988695,161.84706865263266,0.0
1517,2020-04-23,0.0,166.43940858649574,162.11672863900768,0.0
1518,2020-04-24,0.0,167.21184615461596,162.466961721057,0.0
1519,2020-04-27,0.0,167.863099192439,162.79324457544294,0.0
1520,2020-04-28,0.0,168.04851808445375,162.99089958905282,0.0
1521,2020-04-29,0.0,168.9419918550564,163.3976346055804,0.0
1522,2020-04-30,0.0,169.919898032086,163.8430535382082,0.0
1523,2020-05-01,0.0,170.36276558371767,164.1452212504902,0.0
1524,2020-05-04,0.0,171.1701208936389,164.55915857689584,0.0
1525,2020-05-05,0.0,172.08344219013387,165.0155201523871,0.0
1526,2020-05-06,0.0,173.07930419927663,165.50916728291517,0.0
1527,2020-05-07,0.0,174.08127580920416,166.0187683764532,0.0
1528,2020-05-08,0.0,175.09067741554483,166.54443666657514,0.0
1529,2020-05-11,0.0,176.20013723246095,167.11332592929594,0.0
1530,2020-05-12,0.0,176.80107602049665,167.54703490331116,0.0
1531,2020-05-13,0.0,177.0819259233065,167.89078039899255,0.0
1532,2020-05-14,0.0,177.4103138143532,168.2468147195645,0.0
1533,2020-05-15,0.0,177.95790332366332,168.66690454893194,0.0
1534,2020-05-18,0.0,178.62000811780104,169.1244566366271,0.0
1535,2020-05-19,0.0,179.09715066684976,169.5330636294774,0.0
1536,2020-05-20,0.0,179.7221842854459,169.98734363039662,0.0
1537,2020-05-21,0.0,180.07530889404927,170.36600980068917,0.0
1538,2020-05-22,0.0,180.40242180955278,170.73626289100318,0.0
1539,2020-05-26,0.0,180.51362042999716,171.04143879053038,0.0
1540,2020-05-27,0.0,180.63708491843494,171.3447784741378,0.0
1541,2020-05-28,0.0,180.7097429163444,171.62802397899264,0.0
1542,2020-05-29,0.0,180.95167216240685,171.95540358521822,0.0
1543,2020-06-01,0.0,181.13056070227807,172.26173029636854,0.0
1544,2020-06-02,0.0,181.49050765083342,172.6180196869528,0.0
1545,2020-06-03,0.0,181.85903078983517,172.97694872704855,0.0
1546,2020-06-04,0.0,181.96007530213137,173.2570346268203,0.0
1547,2020-06-05,0.0,182.45911545890385,173.6497941288322,0.0
1548,2020-06-08,0.0,183.0211045209465,174.06416614239615,0.0
1549,2020-06-09,0.0,183.6667139048333,174.50742915392746,0.0
1550,2020-06-10,0.0,184.92131223179115,175.13651555347573,0.0
1551,2020-06-11,0.0,185.0497590928073,175.45013495401054,0.0
1552,2020-06-12,0.0,185.30597303569843,175.79632849032473,0.0
1553,2020-06-15,0.0,185.65207107433727,176.1665728269749,0.0
1554,2020-06-16,0.0,186.40616024099265,176.65681041844658,0.0
1555,2020-06-17,0.0,187.15224074119945,177.15211168815696,0.0
1556,2020-06-18,0.0,188.02536136815368,177.69205241029954,0.0
1557,2020-06-19,0.0,188.7038977994233,178.18382540991038,0.0
1558,2020-06-22,0.0,189.8340034684514,178.8144220835529,0.0
1559,2020-06-23,0.0,190.98409872499028,179.46500184632913,0.0
1560,2020-06-24,0.0,191.6370413547903,179.98260732496468,0.0
1561,2020-06-25,0.0,192.46589421032365,180.5560549027936,0.0
1562,2020-06-26,0.0,192.83390445991708,181.00039143598406,0.0
1563,2020-06-29,0.0,193.36781855339223,181.49164808402412,0.0
1564,2020-06-30,0.0,194.33374007276782,182.1118831945259,0.0
1565,2020-07-01,0.0,195.3210026323368,182.74816808899678,0.0
1566,2020-07-02,0.0,196.3628113822891,183.4104730585134,0.0
1567,2020-07-06,0.0,197.7282576266656,184.17919204132266,0.0
1568,2020-07-07,0.0,198.73032832888794,184.85724296973612,0.0
1569,2020-07-08,0.0,200.07315437671335,185.64520800808313,0.0
1570,2020-07-09,0.0,201.42999751457103,186.45294883388976,0.0
1571,2020-07-10,0.0,202.59571186260666,187.21962627994768,0.0
1572,2020-07-13,0.0,203.02183523990306,187.77879194316657,0.0
1573,2020-07-14,0.0,203.52928008405664,188.35826276458485,0.0
1574,2020-07-15,0.0,203.9588718175877,188.9126777088538,0.0
1575,2020-07-16,0.0,203.95516956533604,189.33541913026482,0.0
1576,2020-07-17,0.0,203.8527729289052,189.71695675709717,0.0
1577,2020-07-20,0.0,204.59060465982049,190.3333806823484,0.0
1578,2020-07-21,0.0,204.98673754936138,190.85215869129632,0.0
1579,2020-07-22,0.0,205.63085778275553,191.440830277457,0.0
1580,2020-07-23,0.0,205.33648973545812,191.7534827565746,0.0
1581,2020-07-24,0.0,204.95206243224857,192.02239882122765,0.0
1582,2020-07-27,0.0,204.84710468665494,192.35557085734843,0.0
1583,2020-07-28,0.0,204.57785702816028,192.6278084183375,0.0
1584,2020-07-29,0.0,204.52853707867774,192.94984191524614,0.0
1585,2020-07-30,0.0,204.46867582323074,193.25829690063313,0.0
1586,2020-07-31,0.0,204.5202299835741,193.58933063601913,0.0
1587,2020-08-03,0.0,205.66496934572257,194.23582817545895,0.0
1588,2020-08-04,0.0,206.39116210195212,194.77256522083007,0.0
1589,2020-08-05,0.0,207.01486118190013,195.28432401577587,0.0
1590,2020-08-06,0.0,207.90392260300638,195.87772351120518,0.0
1591,2020-08-07,0.0,208.3397390910571,196.34539315110192,0.0
1592,2020-08-10,0.0,208.33119251095644,196.68073418909904,0.0
1593,2020-08-11,0.0,207.8596508320856,196.86944603962618,0.0
1594,2020-08-12,0.0,207.98635098535422,197.2165039664369,0.0
1595,2020-08-13,0.0,208.05431726753403,197.5399826419807,0.0
1596,2020-08-14,0.0,208.13485789886263,197.859982959009,0.0
1597,2020-08-17,0.0,208.33915703033256,198.20984255958047,0.0
1598,2020-08-18,0.0,208.6392378363165,198.58393165630113,0.0
1599,2020-08-19,0.0,208.74026251364276,198.89706025607413,0.0
1600,2020-08-20,0.0,209.29642816292008,199.33883325818627,0.0
1601,2020-08-21,0.0,209.65105445906684,199.72421835717992,0.0
1602,2020-08-24,0.0,210.0357161716706,200.11762072574967,0.0
1603,2020-08-25,0.0,210.6485052239594,200.57825116222725,0.0
1604,2020-08-26,0.0,211.6486470022951,201.1577368730514,0.0
1605,2020-08-27,0.0,213.0706807955103,201.87385701271344,0.0
1606,2020-08-28,0.0,214.5791877351864,202.63543860847108,0.0
1607,2020-08-31,0.0,215.62212212033975,203.28035579638166,0.0
1608,2020-09-01,0.0,216.73144423006556,203.9561205421867,0.0
1609,2020-09-02,0.0,218.1522584840102,204.7362296507585,0.0
1610,2020-09-03,0.0,218.07109129998616,205.09013876064583,0.0
1611,2020-09-04,0.0,217.70717784284463,205.34816302090934,0.0
1612,2020-09-08,0.0,216.27411363515557,205.27244022206992,0.0
1613,2020-09-09,0.0,215.7994355066772,205.4419487590858,0.0
1614,2020-09-10,0.0,214.80615546958296,205.43992189593374,0.0
1615,2020-09-11,0.0,213.77985483241287,205.40020575180313,0.0
1616,2020-09-14,0.0,212.98272614952683,205.40048174927654,0.0
1617,2020-09-15,0.0,212.58246639998112,205.495679412094,0.0
1618,2020-09-16,0.0,211.86508893824555,205.48312514842257,0.0
1619,2020-09-17,0.0,211.01222367385162,205.41064285303347,0.0
1620,2020-09-18,0.0,210.0005832658323,205.2692162766001,0.0
1621,2020-09-21,0.0,209.2900508868133,205.19233675574188,0.0
1622,2020-09-22,0.0,209.11195062796872,205.2550877814659,0.0
1623,2020-09-23,0.0,208.3003359336756,205.12367675488633,0.0
1624,2020-09-24,0.0,207.81363750584043,205.06920705591506,0.0
1625,2020-09-25,0.0,207.8142441552098,205.14669438741657,0.0
1626,2020-09-28,0.0,207.96907827770468,205.26763264245852,0.0
1627,2020-09-29,0.0,207.9015464900029,205.32375551187764,0.0
1628,2020-09-30,0.0,208.13282795105545,205.46477653495307,0.0
1629,2020-10-01,0.0,208.54494021418037,205.66182527238726,0.0
1630,2020-10-02,0.0,208.32066042629714,205.6767035025005,0.0
1631,2020-10-05,0.0,208.5167884697748,205.8091908653262,0.0
1632,2020-10-06,0.0,208.26852324999714,205.8120306624187,0.0
1633,2020-10-07,0.0,208.41723549581215,205.92521294885915,0.0
1634,2020-10-08,0.0,208.6232132420257,206.05633376244214,0.0
1635,2020-10-09,0.0,209.30766889122265,206.3310848552915,0.0
1636,2020-10-12,0.0,210.45931889172377,206.75556116631103,0.0
1637,2020-10-13,0.0,211.64033619825975,207.2092073478333,0.0
1638,2020-10-14,0.0,212.51839947560183,207.59373673550988,0.0
1639,2020-10-15,0.0,213.1985522552692,207.9336315785127,0.0
1640,2020-10-16,0.0,213.81392857973015,208.26395191889569,0.0
1641,2020-10-19,0.0,213.85260216458474,208.43172795556632,0.0
1642,2020-10-20,0.0,213.9285442342895,208.60689037643724,0.0
1643,2020-10-21,0.0,214.01154031214364,208.7813442546153,0.0
1644,2020-10-22,0.0,214.09520308142982,208.95341904715147,0.0
1645,2020-10-23,0.0,214.29851666677354,209.1583930381483,0.0
1646,2020-10-26,0.0,213.89675334908603,209.18435384921608,0.0
1647,2020-10-27,0.0,213.8351577920302,209.29887909290014,0.0
1648,2020-10-28,0.0,212.7727611142922,209.11243158819258,0.0
1649,2020-10-29,0.0,212.00583160061703,208.98870115530556,0.0
1650,2020-10-30,0.0,211.09765727872048,208.80507580503507,0.0
1651,2020-11-02,0.0,210.2626424741809,208.6226793550638,0.0
1652,2020-11-03,0.0,209.89762820766666,208.5609135331122,0.0
1653,2020-11-04,0.0,210.51594927261732,208.7814511628738,0.0
1654,2020-11-05,0.0,211.73252489295214,209.19014249028956,0.0
1655,2020-11-06,0.0,212.8741893051189,209.59943428551247,0.0
1656,2020-11-09,0.0,213.39950455126456,209.84705583774166,0.0
1657,2020-11-10,0.0,213.1719321660809,209.8798146734908,0.0
1658,2020-11-11,0.0,213.49365320281203,210.06770730386455,0.0
1659,2020-11-12,0.0,213.67901979696387,210.2190395612601,0.0
1660,2020-11-13,0.0,213.9486364359993,210.39624955972704,0.0
1661,2020-11-16,0.0,214.2611468447174,210.58874945177809,0.0
1662,2020-11-17,0.0,214.28008587987452,210.69779895211863,0.0
1663,2020-11-18,0.0,213.9753159704631,210.70856523039853,0.0
1664,2020-11-19,0.0,213.82719046555664,210.75677460894917,0.0
1665,2020-11-20,0.0,213.49983893451775,210.74644291263084,0.0
1666,2020-11-23,0.0,213.17699718935907,210.72851496045396,0.0
1667,2020-11-24,0.0,213.2420451342155,210.81672582383135,0.0
1668,2020-11-25,0.0,213.30184989449853,210.90273340955972,0.0
1669,2020-11-27,0.0,213.48548283097855,211.02462812274226,0.0
1670,2020-11-30,0.0,213.54115183033474,211.1104134523613,0.0
1671,2020-12-01,0.0,213.79532848590927,211.25406396676993,0.0
1672,2020-12-02,0.0,213.94529673650717,211.3700056893169,0.0
1673,2020-12-03,0.0,213.97336423714117,211.45085075421403,0.0
1674,2020-12-04,0.0,214.0101867488755,211.5327986374855,0.0
1675,2020-12-07,0.0,214.03683499051905,211.61046609237698,0.0
1676,2020-12-08,0.0,214.224754944454,211.73439647024907,0.0
1677,2020-12-09,0.0,213.99382619276864,211.73624454296763,0.0
1678,2020-12-10,0.0,213.6629860098822,211.70198425365757,0.0
1679,2020-12-11,0.0,213.62460586673492,211.7458718664232,0.0
1680,2020-12-14,0.0,213.67940501735467,211.8150021504181,0.0
1681,2020-12-15,0.0,213.72231929025543,211.8802134949926,0.0
1682,2020-12-16,0.0,214.25162209873557,212.0886581508885,0.0
1683,2020-12-17,0.0,214.7438483911365,212.29517477111548,0.0
1684,2020-12-18,0.0,215.11014819558926,212.47249368848944,0.0
1685,2020-12-21,0.0,215.82251468533224,212.75749376312046,0.0
1686,2020-12-22,0.0,216.59560875733928,213.07249400757922,0.0
1687,2020-12-23,0.0,217.01697975877946,213.29636753616745,0.0
1688,2020-12-24,0.0,217.56298168651475,213.5626670421909,0.0
1689,2020-12-28,0.0,218.26746026054832,213.88371886392827,0.0
1690,2020-12-29,0.0,218.8277015592089,214.17290970991576,0.0
1691,2020-12-30,0.0,219.09934833221578,214.3843768357148,0.0
1692,2020-12-31,0.0,219.4156006976186,214.61073236622832,0.0
1693,2021-01-04,0.0,219.25125800655076,214.697472368346,0.0
1694,2021-01-05,0.0,219.12256618654445,214.78768424237808,0.0
1695,2021-01-06,0.0,218.46803607354022,214.7162001792125,0.0
1696,2021-01-07,0.0,218.45107961759666,214.8168704075765,0.0
1697,2021-01-08,0.0,218.56240490327198,214.9521696951712,0.0
1698,2021-01-11,0.0,218.46027162611887,215.02365802750901,0.0
1699,2021-01-12,0.0,218.12405458322957,215.02101956689697,0.0
1700,2021-01-13,0.0,217.95414427414968,215.05817384213623,0.0
1701,2021-01-14,0.0,217.48422617875076,215.00076061482142,0.0
1702,2021-01-15,0.0,217.0238231042492,214.9345418340232,0.0
1703,2021-01-19,0.0,216.9682211363594,214.97694917507624,0.0
1704,2021-01-20,0.0,217.67029496507666,215.24069698247948,0.0
1705,2021-01-21,0.0,218.36550508466016,215.51476189059846,0.0
1706,2021-01-22,0.0,219.08783764309655,215.8087121739124,0.0
1707,2021-01-25,0.0,220.08232917987752,216.19522728955704,0.0
1708,2021-01-26,0.0,221.24877419427537,216.64972798086683,0.0
1709,2021-01-27,0.0,222.35841416591433,217.10748195032085,0.0
1710,2021-01-28,0.0,223.93665973828263,217.72220056230566,0.0
1711,2021-01-29,0.0,224.70078802167163,218.12326552432148,0.0
1712,2021-02-01,0.0,226.12452191451095,218.7296522390303,0.0
1713,2021-02-02,0.0,227.39932882806573,219.315013993053,0.0
1714,2021-02-03,0.0,228.88510703491662,219.98219669747402,0.0
1715,2021-02-04,0.0,230.13509631795657,220.60269804421662,0.0
1716,2021-02-05,0.0,231.28413447322185,221.21107266123144,0.0
1717,2021-02-08,0.0,232.3494551158391,221.80991571924474,0.0
1718,2021-02-09,0.0,233.4371264640888,222.42850976299732,0.0
1719,2021-02-10,0.0,234.33073416505354,223.00291814500358,0.0
1720,2021-02-11,0.0,235.29828381534978,223.60818821114896,0.0
1721,2021-02-12,0.0,236.22130492752257,224.2104929233184,0.0
1722,2021-02-16,0.0,236.93356131044825,224.75949303669657,0.0
1723,2021-02-17,0.0,237.62560279976196,225.30711286519082,0.0
1724,2021-02-18,0.0,238.21268760798773,225.8277573840906,0.0
1725,2021-02-19,0.0,238.4752889044368,226.25429946399518,0.0
1726,2021-02-22,0.0,238.09764181895102,226.48685425393438,0.0
1727,2021-02-23,0.0,237.6378668145234,226.67792890234358,0.0
1728,2021-02-24,0.0,237.34378455140288,226.89967746993273,0.0
1729,2021-02-25,0.0,236.5481865458563,226.95855994946038,0.0
1730,2021-02-26,0.0,236.15121686366166,227.11127670814636,0.0
1731,2021-03-01,0.0,236.22633929963732,227.38814222175932,0.0
1732,2021-03-02,0.0,236.00192556797543,227.57072962726437,0.0
1733,2021-03-03,0.0,235.19793242422477,227.57042731547085,0.0
1734,2021-03-04,0.0,234.39146226263566,227.54675318623333,0.0
1735,2021-03-05,0.0,234.1256092951004,227.66092932474834,0.0
1736,2021-03-08,0.0,233.4841226374383,227.6532974955906,0.0
1737,2021-03-09,0.0,233.5123013176153,227.8258806303429,0.0
1738,2021-03-10,0.0,233.4082724463134,227.9552923919937,0.0
1739,2021-03-11,0.0,233.7627231545514,228.21373499736887,0.0
1740,2021-03-12,0.0,233.9519876160227,228.42602415237258,0.0
1741,2021-03-15,0.0,234.03370284864852,228.60585438916755,0.0
1742,2021-03-16,0.0,234.38382702628837,228.86230938422952,0.0
1743,2021-03-17,0.0,234.63679524151163,229.0926666772409,0.0
1744,2021-03-18,0.0,234.26376723952987,229.13850708691592,0.0
1745,2021-03-19,0.0,233.89102808371896,229.1726338197779,0.0
1746,2021-03-22,0.0,234.09093069414232,229.36467245846484,0.0
1747,2021-03-23,0.0,234.42322318337207,229.5960901872702,0.0
1748,2021-03-24,0.0,234.52196447199066,229.7612709344983,0.0
1749,2021-03-25,0.0,234.31415798302876,229.83391108670656,0.0
1750,2021-03-26,0.0,234.5204282444107,230.021124738561,0.0
1751,2021-03-29,0.0,234.58895941095864,230.1681354640428,0.0
1752,2021-03-30,0.0,234.3281067150117,230.21551210177444,0.0
1753,2021-03-31,0.0,234.46543029191162,230.3719766699628,0.0
1754,2021-04-01,0.0,235.21634227396913,230.7093859497812,0.0
1755,2021-04-05,0.0,236.53573894542149,231.22658655187803,0.0
1756,2021-04-06,0.0,237.6142400563672,231.6951334267646,0.0
1757,2021-04-07,0.0,238.78431185066407,232.20794639774263,0.0
1758,2021-04-08,0.0,240.16199643631512,232.80068030203157,0.0
1759,2021-04-09,0.0,241.6560925950961,233.44995708517197,0.0
1760,2021-04-12,0.0,243.01360793481166,234.08263445353643,0.0
1761,2021-04-13,0.0,244.48754910619866,234.77016560229245,0.0
1762,2021-04-14,0.0,245.5449250330265,235.35663970752057,0.0
1763,2021-04-15,0.0,246.87397979178587,236.03673436364676,0.0
1764,2021-04-16,0.0,248.1945522148896,236.7326007262025,0.0
1765,2021-04-19,0.0,249.1988796453168,237.35252719122144,0.0
1766,2021-04-20,0.0,250.06184441867947,237.94147036233142,0.0
1767,2021-04-21,0.0,251.06357224283053,238.57917504430142,0.0
1768,2021-04-22,0.0,251.64513806996422,239.10286063256714,0.0
1769,2021-04-23,0.0,252.5503624343947,239.72390664000145,0.0
1770,2021-04-26,0.0,253.40746961140175,240.33872582740898,0.0
1771,2021-04-27,0.0,254.2229488122876,240.94805752862854,0.0
1772,2021-04-28,0.0,254.25504869288818,241.3314924590501,0.0
1773,2021-04-29,0.0,254.0888530561213,241.6463798406779,0.0
1774,2021-04-30,0.0,253.90705682942226,241.94310132899068,0.0
1775,2021-05-03,0.0,253.71209909427267,242.222450604522,0.0
1776,2021-05-04,0.0,253.14808901730697,242.3792827927364,0.0
1777,2021-05-05,0.0,252.51208065572564,242.49451429774956,0.0
1778,2021-05-06,0.0,252.24712018637453,242.6983306760535,0.0
1779,2021-05-07,0.0,252.26739509375477,242.97330746585106,0.0
1780,2021-05-10,0.0,251.7828805777573,243.0918056407787,0.0
1781,2021-05-11,0.0,251.25403440154605,243.18020536153253,0.0
1782,2021-05-12,0.0,250.08698350616072,243.0624530978274,0.0
1783,2021-05-13,0.0,249.4148897226499,243.0615388916716,0.0
1784,2021-05-14,0.0,249.29442345349128,243.2048756523706,0.0
1785,2021-05-17,0.0,248.90257290323316,243.2605127516216,0.0
1786,2021-05-18,0.0,248.34804232493045,243.25542793695774,0.0
1787,2021-05-19,0.0,247.85013306705017,243.25161292795016,0.0
1788,2021-05-20,0.0,247.71964379662052,243.34255328850196,0.0
1789,2021-05-21,0.0,247.47682040350858,243.39403060907782,0.0
1790,2021-05-24,0.0,247.79140882025033,243.60208605049246,0.0
1791,2021-05-25,0.0,248.16556047743632,243.83075971725896,0.0
1792,2021-05-26,0.0,248.482174288458,244.04651311939713,0.0
1793,2021-05-27,0.0,248.5610145998995,244.19478028669846,0.0
1794,2021-05-28,0.0,248.66758394045968,244.34929331174305,0.0
1795,2021-06-01,0.0,248.5468610791287,244.43522853948227,0.0
1796,2021-06-02,0.0,248.42811269556955,244.5159264130675,0.0
1797,2021-06-03,0.0,248.16924545921694,244.54956247787874,0.0
1798,2021-06-04,0.0,248.41884049035178,244.72534926120983,0.0
1799,2021-06-07,0.0,248.93228402066052,244.98125484705164,0.0
1800,2021-06-08,0.0,249.27873385909464,245.19502252246482,0.0
1801,2021-06-09,0.0,249.68933028564663,245.43150065811065,0.0
1802,2021-06-10,0.0,250.4084407569541,245.76413416730122,0.0
1803,2021-06-11,0.0,251.12097160376203,246.10570826536141,0.0
1804,2021-06-14,0.0,251.95611856039778,246.49399858601146,0.0
1805,2021-06-15,0.0,252.5660106357468,246.82825173433685,0.0
1806,2021-06-16,0.0,253.0244862783245,247.12548421739248,0.0
1807,2021-06-17,0.0,253.77453462291118,247.51349857455,0.0
1808,2021-06-18,0.0,254.31314967556546,247.84917446472554,0.0
1809,2021-06-21,0.0,255.10523112387472,248.26553588495335,0.0
1810,2021-06-22,0.0,256.096162423089,248.7512957125779,0.0
1811,2021-06-23,0.0,256.9698601936207,249.21661101683407,0.0
1812,2021-06-24,0.0,257.89558802674316,249.70881922597695,0.0
1813,2021-06-25,0.0,258.57410240645066,250.14011978337683,0.0
1814,2021-06-28,0.0,259.54037848399855,250.66349672527335,0.0
1815,2021-06-29,0.0,260.66986566614,251.24762340615254,0.0
1816,2021-06-30,0.0,261.6441635928395,251.80121130728867,0.0
1817,2021-07-01,0.0,262.59233907004676,252.35892383675986,0.0
1818,2021-07-02,0.0,264.0264014344694,253.07134834548452,0.0
1819,2021-07-06,0.0,265.3248397418637,253.76398652341763,0.0
1820,2021-07-07,0.0,266.71580668795104,254.50105711925886,0.0
1821,2021-07-08,0.0,267.73525494888275,255.14666152231453,0.0
1822,2021-07-09,0.0,268.70713566245644,255.7887274636974,0.0
1823,2021-07-12,0.0,269.52740915405286,256.39524238934587,0.0
1824,2021-07-13,0.0,270.6181331380791,257.08777108221864,0.0
1825,2021-07-14,0.0,271.750692816893,257.80389048175124,0.0
1826,2021-07-15,0.0,272.6344362418838,258.45814705351313,0.0
1827,2021-07-16,0.0,273.4073470759901,259.0860865731325,0.0
1828,2021-07-19,0.0,273.7504578083363,259.59098581799145,0.0
1829,2021-07-20,0.0,274.2808910955632,260.14673290267393,0.0
1830,2021-07-21,0.0,274.95890088612714,260.7454163109503,0.0
1831,2021-07-22,0.0,276.02376886349003,261.4607571091894,0.0
1832,2021-07-23,0.0,277.3234112029419,262.25538404774,0.0
1833,2021-07-26,0.0,278.4402280210397,263.0101616180282,0.0
1834,2021-07-27,0.0,279.2116356899808,263.67297420751817,0.0
1835,2021-07-28,0.0,279.87909907385915,264.30810172901636,0.0
1836,2021-07-29,0.0,280.50966106682495,264.93322562397367,0.0
1837,2021-07-30,0.0,280.9287413139949,265.495951765893,0.0
1838,2021-08-02,0.0,281.29933807687337,266.04029135908524,0.0
1839,2021-08-03,0.0,281.8536863664271,266.6340858311445,0.0
1840,2021-08-04,0.0,282.29714573777926,267.19397101239747,0.0
1841,2021-08-05,0.0,282.98503557357856,267.82287292792637,0.0
1842,2021-08-06,0.0,283.6016980384833,268.43236922446584,0.0
1843,2021-08-09,0.0,284.0520112321769,268.9928654877842,0.0
1844,2021-08-10,0.0,284.2794389663892,269.4843341343651,0.0
1845,2021-08-11,0.0,284.53377927502174,269.9763250659895,0.0
1846,2021-08-12,0.0,285.03627625440953,270.53502006578117,0.0
1847,2021-08-13,0.0,285.7804410019435,271.1636112217737,0.0
1848,2021-08-16,0.0,286.6203995830456,271.8237913592876,0.0
1849,2021-08-17,0.0,287.23559834392364,272.422557421625,0.0
1850,2021-08-18,0.0,287.5683995479622,272.9382603389406,0.0
1851,2021-08-19,0.0,288.4447414018393,273.6095766396372,0.0
1852,2021-08-20,0.0,289.9604789208605,274.4757853357478,0.0
1853,2021-08-23,0.0,291.3594803471104,275.325763041684,0.0
1854,2021-08-24,0.0,292.4319103252129,276.0946146494447,0.0
1855,2021-08-25,0.0,293.34411027191885,276.8246257794779,0.0
1856,2021-08-26,0.0,293.8913375162971,277.4518193163346,0.0
1857,2021-08-27,0.0,294.4464483452881,278.0790920460351,0.0
1858,2021-08-30,0.0,295.31726243982166,278.7977090683409,0.0
1859,2021-08-31,0.0,295.94228552963034,279.4479145842415,0.0
1860,2021-09-01,0.0,296.5030189622623,280.0783954853126,0.0
1861,2021-09-02,0.0,296.94558800361676,280.67196163774,0.0
1862,2021-09-03,0.0,297.3450572078854,281.24852651128083,0.0
1863,2021-09-07,0.0,297.61505106197075,281.781807248309,0.0
1864,2021-09-08,0.0,297.8621882422667,282.3009110287814,0.0
1865,2021-09-09,0.0,297.80388460014603,282.7220121265622,0.0
1866,2021-09-10,0.0,297.60446620537766,283.08787069919646,0.0
1867,2021-09-13,0.0,297.5459446843298,283.4794797001874,0.0
1868,2021-09-14,0.0,297.7596650520053,283.9389312169405,0.0
1869,2021-09-15,0.0,298.4320786017399,284.5271305439061,0.0
1870,2021-09-16,0.0,299.0785474225935,285.1100283094497,0.0
1871,2021-09-17,0.0,299.15392339350717,285.5258020223438,0.0
1872,2021-09-20,0.0,298.6916438125035,285.7729621848966,0.0
1873,2021-09-21,0.0,298.32100990588117,286.02724459639154,0.0
1874,2021-09-22,0.0,298.34567435029874,286.3808429619091,0.0
1875,2021-09-23,0.0,298.4613241796602,286.752086753365,0.0
1876,2021-09-24,0.0,298.5459605533607,287.1069577209749,0.0
1877,2021-09-27,0.0,298.1292036842534,287.3059170366583,0.0
1878,2021-09-28,0.0,296.7378499061028,287.19927117685586,0.0
1879,2021-09-29,0.0,295.5247213436168,287.10915086201487,0.0
1880,2021-09-30,0.0,294.22903487543755,286.9629779765422,0.0
1881,2021-10-01,0.0,293.7405559447783,287.0231759519499,0.0
1882,2021-10-04,0.0,292.72812065018627,286.9129452308122,0.0
1883,2021-10-05,0.0,292.3502053278471,286.9649752177084,0.0
1884,2021-10-06,0.0,292.4225653301057,287.1380740947184,0.0
1885,2021-10-07,0.0,292.65375016566855,287.35531161609293,0.0
1886,2021-10-08,0.0,292.86291739784446,287.5664297706682,0.0
1887,2021-10-11,0.0,292.99311678722387,287.7541362837854,0.0
1888,2021-10-12,0.0,292.98234422489895,287.8985269485467,0.0
1889,2021-10-13,0.0,293.29926359001274,288.1354697826325,0.0
1890,2021-10-14,0.0,294.1993337242972,288.54714669016397,0.0
1891,2021-10-15,0.0,295.15272969865725,288.9883535849503,0.0
1892,2021-10-18,0.0,296.3086610173491,289.5038931612875,0.0
1893,2021-10-19,0.0,297.44402768106136,290.03138943804925,0.0
1894,2021-10-20,0.0,298.393168250685,290.520927866896,0.0
1895,2021-10-21,0.0,299.57096268067926,291.0910428499588,0.0
1896,2021-10-22,0.0,300.48420467891066,291.6000276615687,0.0
1897,2021-10-25,0.0,301.2123761269013,292.0656608227305,0.0
1898,2021-10-26,0.0,302.05976748163096,292.57395165452857,0.0
1899,2021-10-27,0.0,304.07026709554555,293.4358125495485,0.0
1900,2021-10-28,0.0,306.0016708105903,294.30663490318136,0.0
1901,2021-10-29,0.0,308.4415112207424,295.35771547259003,0.0
1902,2021-11-01,0.0,310.434700163261,296.3158078569449,0.0
1903,2021-11-02,0.0,312.5961577555993,297.35282749147643,0.0
1904,2021-11-03,0.0,314.6346189217327,298.3851422100264,0.0
1905,2021-11-04,0.0,316.7113221140826,299.4571101038681,0.0
1906,2021-11-05,0.0,318.5540531087979,300.4881773561139,0.0
1907,2021-11-08,0.0,320.30985664456716,301.5163974371917,0.0
1908,2021-11-09,0.0,321.7993952695637,302.48635841662383,0.0
1909,2021-11-10,0.0,322.65659455750705,303.28392544130963,0.0
1910,2021-11-11,0.0,323.5873943782951,304.10494141974544,0.0
1911,2021-11-12,0.0,324.8381188394768,305.0236754986457,0.0
1912,2021-11-15,0.0,325.90782250469033,305.8982200571125,0.0
1913,2021-11-16,0.0,327.20326891049365,306.8450310348171,0.0
1914,2021-11-17,0.0,328.33819521589305,307.7541849526304,0.0
1915,2021-11-18,0.0,329.5697946252053,308.69829210927946,0.0
1916,2021-11-19,0.0,330.85933659914406,309.6676355808931,0.0
1917,2021-11-22,0.0,331.7136842156318,310.5172792707909,0.0
1918,2021-11-23,0.0,332.2819040689794,311.2824261272695,0.0
1919,2021-11-24,0.0,332.81791355403936,312.0324987338847,0.0
1920,2021-11-26,0.0,332.5190639465862,312.5296112392903,0.0
1921,2021-11-29,0.0,332.9105821309887,313.2084955672769,0.0
1922,2021-11-30,0.0,332.68957396021744,313.6981153072942,0.0
1923,2021-12-01,0.0,332.44104182803153,314.15957646968775,0.0
1924,2021-12-02,0.0,332.15998929530235,314.59141911094656,0.0
1925,2021-12-03,0.0,331.2885626734283,314.8285625096699,0.0
1926,2021-12-06,0.0,330.80298550847385,315.1486030711273,0.0
1927,2021-12-07,0.0,331.1950834055463,315.70554420793314,0.0
1928,2021-12-08,0.0,331.55459938794223,316.24820496885627,0.0
1929,2021-12-09,0.0,331.7017809799016,316.7229035923678,0.0
1930,2021-12-10,0.0,332.73399312895117,317.4501459853975,0.0
1931,2021-12-13,0.0,333.3688503449067,318.0684515603577,0.0
1932,2021-12-14,0.0,332.88991186804805,318.3577908498657,0.0
1933,2021-12-15,0.0,333.0575387278991,318.81672614695356,0.0
1934,2021-12-16,0.0,332.28062969633584,318.98808580186994,0.0
1935,2021-12-17,0.0,331.47294951506274,319.1236323368305,0.0
1936,2021-12-20,0.0,330.3717165766862,319.14578364176793,0.0
1937,2021-12-21,0.0,330.07822057366104,319.37519842777226,0.0
1938,2021-12-22,0.0,330.37553406255347,319.7646298018359,0.0
1939,2021-12-23,0.0,330.7864358129204,320.18506283393646,0.0
1940,2021-12-27,0.0,331.89725261235947,320.812244506418,0.0
1941,2021-12-28,0.0,332.7879904588014,321.38795592877244,0.0
1942,2021-12-29,0.0,333.6605639586328,321.96716878168115,0.0
1943,2021-12-30,0.0,334.1995585648791,322.4559811349921,0.0
1944,2021-12-31,0.0,334.40150606576856,322.84651708398445,0.0
1945,2022-01-03,0.0,334.4346959642668,323.1818264619004,0.0
1946,2022-01-04,0.0,333.91805918344375,323.3460006394701,0.0
1947,2022-01-05,0.0,332.2477682976693,323.1497754068882,0.0
1948,2022-01-06,0.0,330.4984574962544,322.88865511043537,0.0
1949,2022-01-07,0.0,328.93098616755606,322.6393974607026,0.0
1950,2022-01-10,0.0,327.534700724329,322.4036394762792,0.0
1951,2022-01-11,0.0,326.33901598737657,322.19452318078766,0.0
1952,2022-01-12,0.0,325.5705372279761,322.08397292255904,0.0
1953,2022-01-13,0.0,323.59238966273733,321.59710010200723,0.0
1954,2022-01-14,0.0,322.31692514314625,321.2760553725713,0.0
1955,2022-01-18,-1.0,320.4438840720356,320.7513775845125,-1.0
1956,2022-01-19,0.0,318.8139890720575,320.26063417571686,0.0
1957,2022-01-20,0.0,317.17456212267257,319.73498268072524,0.0
1958,2022-01-21,0.0,315.16079418520826,319.0672366553329,0.0
1959,2022-01-24,0.0,313.3711942739682,318.42787773876546,0.0
1960,2022-01-25,0.0,311.0015557940069,317.5845569639939,0.0
1961,2022-01-26,0.0,309.64045442839466,316.9965410341653,0.0
1962,2022-01-27,0.0,308.7070774673943,316.5132580849745,0.0
1963,2022-01-28,0.0,308.66449959103534,316.28077221682383,0.0
1964,2022-01-31,0.0,308.8850244858251,316.1314549990634,0.0
1965,2022-02-01,0.0,308.8731183219965,315.9238086544595,0.0
1966,2022-02-02,0.0,309.30996338229,315.85440535306844,0.0
1967,2022-02-03,0.0,308.5423478220719,315.443013652982,0.0
1968,2022-02-04,0.0,308.2945054048657,315.1753231963179,0.0
1969,2022-02-07,0.0,307.5950298622148,314.7746102107042,0.0
1970,2022-02-08,0.0,307.3059791666318,314.48687464303913,0.0
1971,2022-02-09,0.0,307.67778986076956,314.3945680743642,0.0
1972,2022-02-10,0.0,307.17323891048795,314.0561296746022,0.0
1973,2022-02-11,0.0,306.01769316138643,313.5204642906675,0.0
1974,2022-02-14,0.0,304.96838905077817,312.99876107121213,0.0
1975,2022-02-15,0.0,304.5399711621996,312.64583825852174,0.0
1976,2022-02-16,0.0,304.0599739086568,312.2755329554648,0.0
1977,2022-02-17,0.0,302.7904536303398,311.6686168436582,0.0
1978,2022-02-18,0.0,301.37517163466754,310.9999232051265,0.0
1979,2022-02-22,0.0,300.07467921429,310.34415075486106,0.0
1980,2022-02-23,0.0,298.18851824280256,309.49699126919376,0.0
1981,2022-02-24,0.0,297.8458018709062,309.0770759190162,0.0
1982,2022-02-25,0.0,297.7947728887812,308.74560892294795,0.0
1983,2022-02-28,0.0,297.88955723698507,308.4651694756796,0.0
1984,2022-03-01,0.0,297.60960056746563,308.0844608202247,0.0
1985,2022-03-02,0.0,297.8553531268886,307.86208171096223,0.0
1986,2022-03-03,0.0,297.6710350603025,307.5256854212939,0.0
1987,2022-03-04,0.0,296.927125564232,307.0280600672169,0.0
1988,2022-03-07,0.0,295.2112091926013,306.2360021403125,0.0
1989,2022-03-08,0.0,293.3672850888789,305.3800585899802,0.0
1990,2022-03-09,0.0,292.90373412803325,304.90456398181175,0.0
1991,2022-03-10,0.0,292.20718767182916,304.36049165381394,0.0
1992,2022-03-11,0.0,291.0512657339615,303.6762526586141,0.0
1993,2022-03-14,0.0,289.65971684895624,302.9090343426364,0.0
1994,2022-03-15,0.0,289.42069561538744,302.46511771035046,0.0
1995,2022-03-16,0.0,289.89396409472556,302.23765001846556,0.0
1996,2022-03-17,0.0,290.4012057257711,302.0399697706413,0.0
1997,2022-03-18,0.0,291.3563282924387,301.99461830318046,0.0
1998,2022-03-21,0.0,292.09953547050264,301.91477000343195,0.0
1999,2022-03-22,0.0,293.23862709793985,301.9751989486478,0.0
2000,2022-03-23,0.0,293.83399501569556,301.9051930693725,0.0
2001,2022-03-24,0.0,294.8117103573927,301.96701878864417,0.0
2002,2022-03-25,0.0,295.6563086734297,302.01527157419736,0.0
2003,2022-03-28,0.0,297.0890423432965,302.2599121554039,0.0
2004,2022-03-29,0.0,298.8338958022311,302.6303372682689,0.0
2005,2022-03-30,0.0,300.26495194978645,302.94666538329125,0.0
2006,2022-03-31,0.0,301.0311467696729,303.0977451628773,0.0
2007,2022-04-01,0.0,301.830086451393,303.27583722667606,0.0
2008,2022-04-04,0.0,303.081506905613,303.60525029693036,0.0
2009,2022-04-05,1.0,303.8242209986796,303.8101729613214,1.0
2010,2022-04-06,-1.0,303.4123904273768,303.68875963846733,-1.0
2011,2022-04-07,0.0,303.2178765883112,303.6234423280087,0.0
2012,2022-04-08,0.0,302.62284083901517,303.4360214517466,0.0
2013,2022-04-11,0.0,300.96923787964465,302.9240211225601,0.0
2014,2022-04-12,0.0,299.1683578490684,302.33630214892725,0.0
2015,2022-04-13,0.0,298.06851377936545,301.92175828887827,0.0
2016,2022-04-14,0.0,296.3315111882131,301.2994548602413,0.0
2017,2022-04-18,0.0,294.8256519334949,300.7141177941408,0.0
2018,2022-04-19,0.0,293.9184458248734,300.27991694903733,0.0
2019,2022-04-20,0.0,293.19859244646284,299.8878061998127,0.0
2020,2022-04-21,0.0,292.01872626666574,299.3504031394967,0.0
2021,2022-04-22,0.0,290.30551412501154,298.63715231244885,0.0
2022,2022-04-25,0.0,289.392608134125,298.13244383099124,0.0
2023,2022-04-26,0.0,287.56664557094194,297.34617784196905,0.0
2024,2022-04-27,0.0,287.1526794423478,296.94825737376436,0.0
2025,2022-04-28,0.0,287.3886151985825,296.74210941627274,0.0
2026,2022-04-29,0.0,286.44874603811485,296.20064123591783,0.0
2027,2022-05-02,0.0,286.2602941507423,295.870200672109,0.0
2028,2022-05-03,0.0,285.8335993534618,295.4732935765368,0.0
2029,2022-05-04,0.0,286.22849569944907,295.318553221883,0.0
2030,2022-05-05,0.0,285.38292526174115,294.81239696502763,0.0
2031,2022-05-06,0.0,284.36836199741606,294.24669595154313,0.0
2032,2022-05-09,0.0,282.48375481406845,293.4110139971973,0.0
2033,2022-05-10,0.0,281.24720673653815,292.73746430713544,0.0
2034,2022-05-11,0.0,279.27604302762677,291.83077482786314,0.0
2035,2022-05-12,0.0,276.9973728443781,290.80314753985334,0.0
2036,2022-05-13,0.0,275.4852416322647,289.96700240118673,0.0
2037,2022-05-16,0.0,274.15331385776335,289.16511500960405,0.0
2038,2022-05-17,0.0,273.4549037117115,288.5356753564946,0.0
2039,2022-05-18,0.0,271.60967496117274,287.5650930036653,0.0
2040,2022-05-19,0.0,269.8506582400752,286.5953720567916,0.0
2041,2022-05-20,0.0,268.2039286513627,285.63662911318033,0.0
2042,2022-05-23,0.0,267.4845062937552,284.9327802338368,0.0
2043,2022-05-24,0.0,266.7355052293202,284.2197440333678,0.0
2044,2022-05-25,0.0,266.3340274944966,283.6084833285876,0.0
2045,2022-05-26,0.0,266.29269096135255,283.10965264035934,0.0
2046,2022-05-27,0.0,266.9543385111642,282.83163398103585,0.0
2047,2022-05-31,0.0,267.4224962831664,282.5228554214908,0.0
2048,2022-06-01,0.0,267.8984502969348,282.23826832307515,0.0
2049,2022-06-02,0.0,268.53478708506157,282.0225420765735,0.0
2050,2022-06-03,0.0,268.67623488778634,281.6844419902946,0.0
2051,2022-06-06,0.0,268.6832601365686,281.3200915116948,0.0
2052,2022-06-07,0.0,269.0467591711811,281.0716382296752,0.0
2053,2022-06-08,0.0,269.17659197984096,280.77131049537763,0.0
2054,2022-06-09,0.0,268.75882212889627,280.3211329756465,0.0
2055,2022-06-10,0.0,267.25703006835033,279.55124206064704,0.0
2056,2022-06-13,0.0,264.8763600148728,278.5007843830749,0.0
2057,2022-06-14,0.0,262.93480244137675,277.54273427349995,0.0
2058,2022-06-15,0.0,261.8705350190395,276.81645991387563,0.0
2059,2022-06-16,0.0,260.2609603715789,275.91937657040603,0.0
2060,2022-06-17,0.0,259.05991594537943,275.123055931704,0.0
2061,2022-06-21,0.0,258.55325780707324,274.520716482731,0.0
2062,2022-06-22,0.0,258.0367575285722,273.9181612263953,0.0
2063,2022-06-23,0.0,258.1151601783808,273.49398725809016,0.0
2064,2022-06-24,0.0,259.0280032287285,273.3307766932716,0.0
2065,2022-06-27,0.0,259.58629003060554,273.09300874834673,0.0
2066,2022-06-28,0.0,259.2904539311505,272.62503698040257,0.0
2067,2022-06-29,0.0,259.38279258205284,272.2767263546342,0.0
2068,2022-06-30,0.0,259.13966820016833,271.84160692414497,0.0
2069,2022-07-01,0.0,259.18160328322523,271.496209167754,0.0
2070,2022-07-05,0.0,259.53097498039574,271.25265415186,0.0
2071,2022-07-06,0.0,260.16707178750835,271.1106073153309,0.0
2072,2022-07-07,0.0,260.95115960741083,271.0342520077578,0.0
2073,2022-07-08,0.0,261.59009713642973,270.9392027585846,0.0
2074,2022-07-11,0.0,261.86818405349595,270.7580987306139,0.0
2075,2022-07-12,0.0,261.0874044454435,270.27674378521476,0.0
2076,2022-07-13,0.0,260.2905089002301,269.78218765663695,0.0
2077,2022-07-14,0.0,259.69903203649915,269.3398725629586,0.0
2078,2022-07-15,0.0,259.4153148159471,268.9843832293739,0.0
2079,2022-07-18,0.0,258.9233800715712,268.56933018065916,0.0
2080,2022-07-19,0.0,258.9811532818308,268.3147011270997,0.0
2081,2022-07-20,0.0,259.29437573248237,268.1444275464398,0.0
2082,2022-07-21,0.0,259.82253007585456,268.0513449771849,0.0
2083,2022-07-22,0.0,259.87371629258865,267.83468695956174,0.0
2084,2022-07-25,0.0,259.7743134620817,267.58103342752526,0.0
2085,2022-07-26,0.0,259.0243782653581,267.13931400411565,0.0
2086,2022-07-27,0.0,259.94967464335974,267.1844034753906,0.0
2087,2022-07-28,0.0,261.5173250260978,267.4442795369883,0.0
2088,2022-07-29,0.0,263.34805504593373,267.8188065988865,0.0
2089,2022-08-01,0.0,264.7444316859043,268.10588274442847,0.0
2090,2022-08-02,0.0,265.70401031812474,268.2950130142817,0.0
2091,2022-08-03,0.0,267.30077135646553,268.6943084567161,0.0
2092,2022-08-04,0.0,268.8578401698006,269.1155953705124,0.0
2093,2022-08-05,1.0,270.1961414547824,269.50417025196583,1.0
2094,2022-08-08,0.0,271.1603191566335,269.80884171878984,0.0
2095,2022-08-09,0.0,272.2212399791416,270.160704988485,0.0
2096,2022-08-10,0.0,273.8344555679957,270.6958965004181,0.0
2097,2022-08-11,0.0,275.09022065806005,271.1557300923408,0.0
2098,2022-08-12,0.0,276.6921047536838,271.7403575168413,0.0
2099,2022-08-15,0.0,278.28999965530465,272.3524601563867,0.0
2100,2022-08-16,0.0,279.66333220766404,272.9259117422654,0.0
2101,2022-08-17,0.0,280.77349174257404,273.44405527978523,0.0
2102,2022-08-18,0.0,281.6683985697322,273.9152090304317,0.0
2103,2022-08-19,0.0,282.09521717228,274.25985085764444,0.0
2104,2022-08-22,0.0,281.6813869653962,274.3581649179925,0.0
2105,2022-08-23,0.0,281.18220748692096,274.41680822851123,0.0
2106,2022-08-24,0.0,280.66866473054006,274.45548992756505,0.0
2107,2022-08-25,0.0,280.49545914701395,274.57927911562,0.0
2108,2022-08-26,0.0,279.313986498526,274.3964824176558,0.0
2109,2022-08-29,0.0,277.97265549736426,274.1382719548015,0.0
2110,2022-08-30,0.0,276.5438312805394,273.8236727791931,0.0
2111,2022-08-31,0.0,275.10822841769783,273.47568203106664,0.0
2112,2022-09-01,0.0,273.70744417758226,273.107352787839,0.0
2113,2022-09-02,-1.0,272.0267349757738,272.62714559828277,-1.0
2114,2022-09-06,0.0,270.2384745018906,272.08131051100725,0.0
2115,2022-09-07,0.0,269.08147658150966,271.687188985004,0.0
2116,2022-09-08,0.0,268.075620622668,271.31628194355807,0.0
2117,2022-09-09,0.0,267.73127498765945,271.12314700022057,0.0
2118,2022-09-12,0.0,267.628295836119,270.9971426874393,0.0
2119,2022-09-13,0.0,266.13893485107565,270.4617303721076,0.0
2120,2022-09-14,0.0,264.8133221243735,269.9478788467159,0.0
2121,2022-09-15,0.0,262.96253000612955,269.25582605900036,0.0
2122,2022-09-16,0.0,261.22705148108525,268.5652395641881,0.0
2123,2022-09-19,0.0,259.63590412788295,267.88790899259016,0.0
2124,2022-09-20,0.0,257.99915106315524,267.1713480899325,0.0
2125,2022-09-21,0.0,256.184945909354,266.3763804521384,0.0
2126,2022-09-22,0.0,254.7368554158478,265.6609893331356,0.0
2127,2022-09-23,0.0,253.13524996376185,264.87955296231337,0.0
2128,2022-09-26,0.0,251.64141634323616,264.10688941262123,0.0
2129,2022-09-27,0.0,250.19080561170026,263.32669544781805,0.0
2130,2022-09-28,0.0,249.32215815574963,262.6997464865899,0.0
2131,2022-09-29,0.0,248.19623833139252,261.9898944728831,0.0
2132,2022-09-30,0.0,246.73945314711557,261.17046065382965,0.0
2133,2022-10-03,0.0,246.16807718007257,260.59495487465597,0.0
2134,2022-10-04,0.0,246.42635600890495,260.26495628333646,0.0
2135,2022-10-05,0.0,246.69051228884183,259.9532672879817,0.0
2136,2022-10-06,0.0,246.69998666953623,259.5824708372254,0.0
2137,2022-10-07,0.0,245.51332179559603,258.8685985740124,0.0
2138,2022-10-10,0.0,243.96443400553926,258.0342718536177,0.0
2139,2022-10-11,0.0,242.19734540140308,257.11527838343443,0.0
2140,2022-10-12,0.0,240.6309315536504,256.23174941488696,0.0
2141,2022-10-13,0.0,240.02227192884217,255.6122636706131,0.0
2142,2022-10-14,0.0,238.93062675072326,254.8502280054858,0.0
2143,2022-10-17,0.0,238.7972336105874,254.3623342244664,0.0
2144,2022-10-18,0.0,238.7689256476743,253.91550790828427,0.0
2145,2022-10-19,0.0,238.55093232194716,253.4243667200943,0.0
2146,2022-10-20,0.0,238.32227151952213,252.937764668725,0.0
2147,2022-10-21,0.0,238.68395948120457,252.63303876586482,0.0
2148,2022-10-24,0.0,239.499772863947,252.48140387105175,0.0
2149,2022-10-25,0.0,240.5626519875815,252.43009682291253,0.0
2150,2022-10-26,0.0,239.6824001148803,251.83544641449865,0.0
2151,2022-10-27,0.0,238.45074296108217,251.1288141211325,0.0
2152,2022-10-28,0.0,238.2049574521398,250.69898823369743,0.0
2153,2022-10-31,0.0,237.6263905407753,250.1759182801514,0.0
2154,2022-11-01,0.0,236.72578174345816,249.5560332065963,0.0
2155,2022-11-02,0.0,235.14237453965413,248.72628596425602,0.0
2156,2022-11-03,0.0,233.1526245834966,247.75512297934742,0.0
2157,2022-11-04,0.0,232.03237456503484,247.0124434416094,0.0
2158,2022-11-07,0.0,231.63595747476367,246.47321954514683,0.0
2159,2022-11-08,0.0,231.37253248832786,245.97735406830293,0.0
2160,2022-11-09,0.0,230.7189574424715,245.37263971445878,0.0
2161,2022-11-10,0.0,231.8866753743827,245.30524129229204,0.0
2162,2022-11-11,0.0,233.33651587304638,245.3560795829416,0.0
2163,2022-11-14,0.0,234.11875274720938,245.24886615952798,0.0
2164,2022-11-15,0.0,234.86649069706593,245.15650376688504,0.0
2165,2022-11-16,0.0,235.52015784282528,245.05998241366404,0.0
2166,2022-11-17,0.0,236.1068087792973,244.96477143513215,0.0
2167,2022-11-18,0.0,236.5937794880026,244.85928495021867,0.0
2168,2022-11-21,0.0,237.11341982740785,244.7801502488536,0.0
2169,2022-11-22,0.0,237.86737972758775,244.78718823562667,0.0
2170,2022-11-23,0.0,238.79239135648936,244.8658590411317,0.0
2171,2022-11-25,0.0,239.6207355599822,244.9397786594988,0.0
2172,2022-11-28,0.0,239.8244745073016,244.85020727491678,0.0
2173,2022-11-29,0.0,239.87261996670668,244.72287754410377,0.0
2174,2022-11-30,0.0,241.32665610222494,245.01631759609094,0.0
2175,2022-12-01,0.0,242.59935575357554,245.28881576074772,0.0
2176,2022-12-02,0.0,243.78227466013607,245.5629337469932,0.0
2177,2022-12-05,0.0,244.39348630662238,245.69355524561993,0.0
2178,2022-12-06,0.0,244.46267762191428,245.67739862228382,0.0
2179,2022-12-07,0.0,244.45385071670222,245.64057035453465,0.0
2180,2022-12-08,0.0,244.73443578144338,245.69013158106844,0.0
2181,2022-12-09,0.0,244.79972743739594,245.68252218917766,0.0
2182,2022-12-12,0.0,245.53403858686644,245.87484535305538,0.0
2183,2022-12-13,1.0,246.61841714313957,246.18597684811678,1.0
2184,2022-12-14,0.0,247.62809181719322,246.49679443607698,0.0
2185,2022-12-15,0.0,247.7597015971592,246.5675888042674,0.0
2186,2022-12-16,0.0,247.46734929661127,246.51469904756706,0.0
2187,2022-12-19,0.0,246.79903002533803,246.34386236871285,0.0
2188,2022-12-20,0.0,246.32293221833038,246.21586633161553,0.0
2189,2022-12-21,-1.0,246.14265226189713,246.16556003145118,-1.0
2190,2022-12-22,0.0,245.38525704089798,245.9408964373654,0.0
2191,2022-12-23,0.0,244.75142263010187,245.73777247370833,0.0
2192,2022-12-27,0.0,244.0093830190319,245.49051146638888,0.0
2193,2022-12-28,0.0,243.1065845200095,245.1817646301328,0.0
2194,2022-12-29,0.0,242.90690928065965,245.06424997877232,0.0
2195,2022-12-30,0.0,242.61291861814146,244.91652483357365,0.0
2196,2023-01-03,0.0,242.32406940032368,244.76620024195338,0.0
2197,2023-01-04,0.0,241.06463480062766,244.32489899861713,0.0
2198,2023-01-05,0.0,239.2784788728149,243.70476092988406,0.0
2199,2023-01-06,0.0,237.91195637785933,243.1758942185009,0.0
2200,2023-01-09,0.0,236.8841505435096,242.7236153705766,0.0
2201,2023-01-10,0.0,236.11899393017683,242.3328094757298,0.0
2202,2023-01-11,0.0,236.08575681991817,242.14794172352504,0.0
2203,2023-01-12,0.0,236.31663659962464,242.04546433713944,0.0
2204,2023-01-13,0.0,236.59409937371174,241.96615536222112,0.0
2205,2023-01-17,0.0,236.9518047765502,241.92063003098997,0.0
2206,2023-01-18,0.0,236.84306123198292,241.7484995388098,0.0
2207,2023-01-19,0.0,236.3751499409161,241.47192188069633,0.0
2208,2023-01-20,0.0,236.74132625327675,241.4366565099923,0.0
2209,2023-01-23,0.0,237.2973905940175,241.4688634204448,0.0
2210,2023-01-24,0.0,237.74906704088562,241.48495158567545,0.0
2211,2023-01-25,0.0,238.0215369046443,241.4603050793283,0.0
2212,2023-01-26,0.0,238.9718667232496,241.6445218376571,0.0
2213,2023-01-27,0.0,239.8469273840934,241.82805653693745,0.0
2214,2023-01-30,0.0,240.1196016059766,241.85290020389323,0.0
2215,2023-01-31,0.0,240.85202026813062,242.0207057631806,0.0
2216,2023-02-01,0.0,241.98516119497532,242.3229394036544,0.0
2217,2023-02-02,1.0,244.13895594816964,242.9504624092843,1.0
2218,2023-02-03,0.0,245.49238929629783,243.3842523725021,0.0
2219,2023-02-06,0.0,246.5664464122382,243.7613153764787,0.0
2220,2023-02-07,0.0,248.56583223570064,244.43170079005944,0.0
2221,2023-02-08,0.0,250.2957540214747,245.05982220403882,0.0
2222,2023-02-09,0.0,251.56472936392353,245.5826439762402,0.0
2223,2023-02-10,0.0,252.66332714864657,246.07609079672685,0.0
2224,2023-02-13,0.0,254.44015383203438,246.7871870369379,0.0
2225,2023-02-14,0.0,256.1287118887677,247.50219623104482,0.0
2226,2023-02-15,0.0,257.3850257397631,248.11678245902155,0.0
2227,2023-02-16,0.0,257.8388322308794,248.5120841896543,0.0
2228,2023-02-17,0.0,257.8598955954236,248.78103949582163,0.0
2229,2023-02-21,0.0,257.3656196500447,248.89058762745893,0.0
2230,2023-02-22,0.0,256.80794106497723,248.96437373673717,0.0
2231,2023-02-23,0.0,256.6138518466423,249.12791262506744,0.0
2232,2023-02-24,0.0,255.90967559655286,249.13050667001494,0.0
2233,2023-02-27,0.0,255.36208779327254,249.15950658528521,0.0
2234,2023-02-28,0.0,254.79617449571757,249.16684437637423,0.0
2235,2023-03-01,0.0,253.98415828397884,249.08524324668653,0.0
2236,2023-03-02,0.0,253.71042898172865,249.14227866538133,0.0
2237,2023-03-03,0.0,253.8608636773862,249.31545372512082,0.0
2238,2023-03-06,0.0,254.14744762403393,249.52825770799595,0.0
2239,2023-03-07,0.0,254.14769012617208,249.65844745978438,0.0
2240,2023-03-08,0.0,254.10505268065495,249.77229392424798,0.0
2241,2023-03-09,0.0,253.93504836099436,249.84406049889506,0.0
2242,2023-03-10,0.0,253.42599578736542,249.80873474788086,0.0
2243,2023-03-13,0.0,253.4730436332302,249.92454498509397,0.0
2244,2023-03-14,0.0,254.16989743434368,250.23061438114547,0.0
2245,2023-03-15,0.0,255.24324076834964,250.6590478476317,0.0
2246,2023-03-16,0.0,257.2391237625098,251.37851163240356,0.0
2247,2023-03-17,0.0,259.35253984948804,252.16869419700575,0.0
2248,2023-03-20,0.0,260.5789656720442,252.73380171219793,0.0
2249,2023-03-21,0.0,261.836206920354,253.32665233380635,0.0
2250,2023-03-22,0.0,262.8318070750748,253.8608313820068,0.0
2251,2023-03-23,0.0,264.24401627384,254.53123060116462,0.0
2252,2023-03-24,0.0,265.7988725643522,255.26471726941966,0.0
2253,2023-03-27,0.0,266.80659945182464,255.85951410359974,0.0
2254,2023-03-28,0.0,267.6088291217774,256.4051619031132,0.0
2255,2023-03-29,0.0,268.83751299262,257.0841717020572,0.0
2256,2023-03-30,0.0,270.2863201164628,257.8437721553223,0.0
2257,2023-03-31,0.0,272.00190751422525,258.70169372258,0.0
2258,2023-04-03,0.0,273.45220308299696,259.5053082933898,0.0
2259,2023-04-04,0.0,274.7596116156431,260.2848768675417,0.0
2260,2023-04-05,0.0,275.6720292082381,260.96248586670646,0.0
2261,2023-04-06,0.0,277.18897938874073,261.8255146057715,0.0
2262,2023-04-10,0.0,278.3509827468071,262.60197939570577,0.0
2263,2023-04-11,0.0,278.7775545397079,263.1717824147638,0.0
2264,2023-04-12,0.0,279.2263579392,263.7441262970064,0.0
2265,2023-04-13,0.0,280.2371806438372,264.4792212277356,0.0
2266,2023-04-14,0.0,280.79935531094196,265.08938442268493,0.0
2267,2023-04-17,0.0,281.56132030923027,265.75728874297465,0.0
2268,2023-04-18,0.0,282.20976552903574,266.3942663873187,0.0
2269,2023-04-19,0.0,282.80407473646386,267.01555500195843,0.0
2270,2023-04-20,0.0,283.11892336647327,267.55342627941207,0.0
2271,2023-04-21,0.0,283.3704554044877,268.06628778606597,0.0
2272,2023-04-24,0.0,283.2180300339338,268.4523075389563,0.0
2273,2023-04-25,0.0,282.4753617857243,268.648580944274,0.0
2274,2023-04-26,0.0,283.7034221030065,269.40129683646876,0.0
2275,2023-04-27,0.0,285.7154758619836,270.39928809663206,0.0
2276,2023-04-28,0.0,287.76733623375895,271.43761828449107,0.0
2277,2023-05-01,0.0,289.4618754075527,272.39881206686016,0.0
2278,2023-05-02,0.0,290.98074476512954,273.3287047878531,0.0
2279,2023-05-03,0.0,292.25876849192525,274.20395236837794,0.0
2280,2023-05-04,0.0,293.51126707956183,275.0829960667929,0.0
2281,2023-05-05,0.0,295.1435267764116,276.0848833296011,0.0
2282,2023-05-08,0.0,296.4298569783233,277.0022103878232,0.0
2283,2023-05-09,0.0,297.43653726610205,277.8472185459127,0.0
2284,2023-05-10,0.0,298.8530572939584,278.8180010533122,0.0
2285,2023-05-11,0.0,299.9251456803969,279.69946539974177,0.0
2286,2023-05-12,0.0,300.7865604937594,280.52398753554354,0.0
2287,2023-05-15,0.0,301.6126015376945,281.3390862375023,0.0
2288,2023-05-16,0.0,302.57711474690217,282.19544973037193,0.0
2289,2023-05-17,0.0,303.6650085805306,283.09135255486854,0.0
2290,2023-05-18,0.0,305.07976862178214,284.08934231427145,0.0
2291,2023-05-19,0.0,306.34264745188773,285.0541494698664,0.0
2292,2023-05-22,0.0,307.7557279494014,286.0717788559485,0.0
2293,2023-05-23,0.0,308.4704214557084,286.893982543545,0.0
2294,2023-05-24,0.0,308.9827628507377,287.6533071508681,0.0
2295,2023-05-25,0.0,310.59583433426116,288.73124253894883,0.0
2296,2023-05-26,0.0,312.71908960227796,289.97515161245553,0.0
2297,2023-05-30,0.0,314.48012787397323,291.13669639675476,0.0
2298,2023-05-31,0.0,315.8048789953508,292.18608564328105,0.0
2299,2023-06-01,0.0,317.40250828839027,293.3239420074778,0.0
2300,2023-06-02,0.0,319.1165545367802,294.5091829057597,0.0
2301,2023-06-05,0.0,320.7187876705541,295.676248244792,0.0
2302,2023-06-06,0.0,321.95318814724243,296.74677625693255,0.0
2303,2023-06-07,0.0,322.08907545539194,297.4970080492109,0.0
2304,2023-06-08,0.0,322.3910691992237,298.27906443558874,0.0
2305,2023-06-09,0.0,322.81001580357594,299.08218962176716,0.0
2306,2023-06-12,0.0,323.67096726071304,300.0052267057601,0.0
2307,2023-06-13,0.0,324.6823045258758,300.9709952082717,0.0
2308,2023-06-14,0.0,325.88779898416294,301.9954741133314,0.0
2309,2023-06-15,0.0,328.00324728124417,303.2941933243225,0.0
2310,2023-06-16,0.0,329.3676986422938,304.3937931341237,0.0
2311,2023-06-20,0.0,330.1945833233105,305.3418549554996,0.0
2312,2023-06-21,0.0,330.5150989647661,306.1367322119248,0.0
2313,2023-06-22,0.0,331.3908030114625,307.08245782440804,0.0
2314,2023-06-23,0.0,331.7364397735777,307.86943053396476,0.0
2315,2023-06-26,0.0,331.43773180500034,308.4533904091634,0.0
2316,2023-06-27,0.0,331.7360437592116,309.1890697588833,0.0
2317,2023-06-28,0.0,332.1278496967644,309.9400820502814,0.0
2318,2023-06-29,0.0,332.40614856306956,310.6474033388078,0.0
2319,2023-06-30,0.0,333.1808018946745,311.48944855588144,0.0
2320,2023-07-03,0.0,333.63881983178885,312.23594268767,0.0
2321,2023-07-05,0.0,334.068455456998,312.9659159611577,0.0
2322,2023-07-06,0.0,334.7543157957288,313.76321379362287,0.0
2323,2023-07-07,0.0,334.98914297905975,314.42396836903356,0.0
2324,2023-07-10,0.0,334.68827094031747,314.9142787409556,0.0
2325,2023-07-11,0.0,334.47700715749704,315.40880613475133,0.0
2326,2023-07-12,0.0,334.7363409717384,316.0226429255198,0.0
2327,2023-07-13,0.0,335.4909755136785,316.77299111528293,0.0
2328,2023-07-14,0.0,336.4194531061258,317.5748784144123,0.0
2329,2023-07-17,0.0,337.30617290424027,318.36798074038177,0.0
2330,2023-07-18,0.0,339.41891741187214,319.52634720500134,0.0
2331,2023-07-19,0.0,340.9104478081001,320.5278581730933,0.0
2332,2023-07-20,0.0,341.4780237422989,321.26989019968755,0.0
2333,2023-07-21,0.0,341.6963061490963,321.9036958000815,0.0
2334,2023-07-24,0.0,342.02141845409307,322.5573940973063,0.0
2335,2023-07-25,0.0,342.8746177428774,323.35803119277176,0.0
2336,2023-07-26,0.0,342.3884626258102,323.76400183561407,0.0
2337,2023-07-27,0.0,341.27718058722854,323.9599454802645,0.0
2338,2023-07-28,0.0,341.00030578055794,324.3658623714454,0.0
2339,2023-07-31,0.0,340.51646841362236,324.6913314152846,0.0
2340,2023-08-01,0.0,340.1187091683146,325.0194628215552,0.0
2341,2023-08-02,0.0,338.9169273427608,325.08933710827193,0.0
2342,2023-08-03,0.0,337.74960127793685,325.13358123654905,0.0
2343,2023-08-04,0.0,336.80011532568545,325.20812820958423,0.0
2344,2023-08-07,0.0,336.1629600900547,325.3462086924569,0.0
2345,2023-08-08,0.0,335.1998198712846,325.3660334558516,0.0
2346,2023-08-09,0.0,333.9645999774792,325.2776947947383,0.0
2347,2023-08-10,0.0,332.91368499636513,325.21156234068314,0.0
2348,2023-08-11,0.0,331.7800016410566,325.09320874701956,0.0
2349,2023-08-14,0.0,331.0428594414247,325.06354113569284,0.0
2350,2023-08-15,0.0,330.16830000429496,324.9733001276892,0.0
2351,2023-08-16,0.0,329.23798513688445,324.8444746000496,0.0
2352,2023-08-17,0.0,328.06103463649663,324.62012334040907,0.0
2353,2023-08-18,0.0,326.95808000314724,324.39082440085747,0.0
2354,2023-08-21,0.0,326.4744538012106,324.32009709049,0.0
2355,2023-08-22,0.0,326.0921240539599,324.26769974864743,0.0
2356,2023-08-23,0.0,326.17858842977324,324.3446659529109,0.0
2357,2023-08-24,0.0,325.5872944098618,324.2214359604543,0.0
2358,2023-08-25,0.0,325.3389817028586,324.1864662428733,0.0
2359,2023-08-28,0.0,325.18288936992263,324.1727633122862,0.0
2360,2023-08-29,0.0,325.49023358822615,324.2921221953798,0.0
2361,2023-08-30,0.0,325.80449786981626,324.4188232193106,0.0
2362,2023-08-31,0.0,325.9907370979885,324.51294115019266,0.0
2363,2023-09-01,0.0,326.2449529612381,324.6297598125002,0.0
2364,2023-09-05,0.0,326.9406705642601,324.881033840119,0.0
2365,2023-09-06,0.0,327.50632145174126,325.1063569680822,0.0
2366,2023-09-07,0.0,327.7352435670144,325.24167095946325,0.0
2367,2023-09-08,0.0,328.35760027621984,325.4959897778917,0.0
2368,2023-09-11,0.0,329.27021000623756,325.84652534587804,0.0
2369,2023-09-12,0.0,329.5082841974218,326.0133834773652,0.0
2370,2023-09-13,0.0,330.1322568984858,326.29638669092094,0.0
2371,2023-09-14,0.0,330.9482335945378,326.64578459278323,0.0
2372,2023-09-15,0.0,330.87887813036303,326.7464667513162,0.0
2373,2023-09-18,0.0,330.70565140924214,326.8116366332113,0.0
2374,2023-09-19,0.0,330.5098745032652,326.86342134485284,0.0
2375,2023-09-20,0.0,329.58226636139915,326.69177536369284,0.0
2376,2023-09-21,0.0,328.6249075440561,326.49003517821694,0.0
2377,2023-09-22,0.0,327.5187268032531,326.22299220884815,0.0
2378,2023-09-25,0.0,326.568372683412,325.97840111972346,0.0
2379,2023-09-26,-1.0,325.1942433467477,325.58858741630695,-1.0
2380,2023-09-27,0.0,324.01288765133575,325.22806406781723,0.0
2381,2023-09-28,0.0,323.02499498439306,324.9016401405108,0.0
2382,2023-09-29,0.0,322.33213831921273,324.64384746049643,0.0
2383,2023-10-02,0.0,322.28145731671333,324.5637387374675,0.0
2384,2023-10-03,0.0,321.434653253068,324.2489859462272,0.0
2385,2023-10-04,0.0,321.198971177069,324.10000018591313,0.0
2386,2023-10-05,0.0,321.0238296698779,323.9664786412836,0.0
2387,2023-10-06,0.0,321.61775158375855,324.05925416591293,0.0
2388,2023-10-09,0.0,322.3989187971357,324.22152890276664,0.0
2389,2023-10-10,0.0,322.9694993544025,324.33895103644755,0.0
2390,2023-10-11,0.0,323.86954831376744,324.5665865967655,0.0
2391,2023-10-12,0.0,324.5638773945619,324.7523166549442,0.0
2392,2023-10-13,1.0,324.8654139271111,324.83619536850426,1.0
2393,2023-10-16,0.0,325.6058520910469,325.05602126371366,0.0
2394,2023-10-17,0.0,326.2205326117657,325.2533163706117,0.0
2395,2023-10-18,0.0,326.5909566822225,325.3901239475399,0.0
2396,2023-10-19,0.0,327.04134245765067,325.5571629158971,0.0
2397,2023-10-20,0.0,327.0059777881348,325.58851081763896,0.0
2398,2023-10-23,0.0,327.2263615534762,325.69362339528914,0.0
2399,2023-10-24,0.0,327.54099367022104,325.82985932159926,0.0
2400,2023-10-25,0.0,328.7913765042699,326.24789183163125,0.0
2401,2023-10-26,0.0,328.70553251800015,326.29414881238637,0.0
2402,2023-10-27,0.0,328.81071966472336,326.3931868052373,0.0
2403,2023-10-30,0.0,329.6201747022348,326.7007026011065,0.0
2404,2023-10-31,0.0,330.42872809740885,327.02209084759824,0.0
2405,2023-11-01,0.0,331.9183737380574,327.55865187510864,0.0
2406,2023-11-02,0.0,333.4804340795966,328.1434787891681,0.0
2407,2023-11-03,0.0,335.3203915761082,328.83802833857095,0.0
2408,2023-11-06,0.0,337.3403541668881,329.61808384394357,0.0
2409,2023-11-07,0.0,339.5488917490223,330.4888420111366,0.0
2410,2023-11-08,0.0,341.8013794116898,331.41028342510555,0.0
2411,2023-11-09,0.0,343.60029589071047,332.23506424246614,0.0
2412,2023-11-10,0.0,346.0831261323318,333.28956985331877,0.0
2413,2023-11-13,0.0,348.0447324698032,334.2301451440924,0.0
2414,2023-11-14,0.0,350.16142356921927,335.24535201365796,0.0
2415,2023-11-15,0.0,352.0193845081255,336.21506078588544,0.0
2416,2023-11-16,0.0,354.31944440523114,337.3405524095995,0.0
2417,2023-11-17,0.0,355.79854551935347,338.2563116685831,0.0
2418,2023-11-20,0.0,357.85963665478704,339.3600776058458,0.0
2419,2023-11-21,0.0,359.3082433852091,340.3096530908704,0.0
2420,2023-11-22,0.0,361.07412554885735,341.367127823621,0.0
2421,2023-11-24,0.0,362.63182717999297,342.38298317156915,0.0
2422,2023-11-27,0.0,364.1535565296663,343.40346210621686,0.0
2423,2023-11-28,0.0,365.91988564179627,344.5104071794793,0.0
2424,2023-11-29,0.0,367.1513256857695,345.4777198252268,0.0
2425,2023-11-30,0.0,368.27119977875424,346.41947429950517,0.0
2426,2023-12-01,0.0,368.8653721584562,347.2107569886917,0.0
2427,2023-12-04,0.0,368.89152858607343,347.8284825565718,0.0
2428,2023-12-05,0.0,369.2370962458447,348.52401794972957,0.0
2429,2023-12-06,0.0,369.1954668693803,349.09517202982084,0.0
2430,2023-12-07,0.0,369.36256642534704,349.71080133058734,0.0
2431,2023-12-08,0.0,369.82613257401187,350.4014832927209,0.0
2432,2023-12-11,0.0,369.9664997377221,350.9901735603336,0.0
2433,2023-12-12,0.0,370.386833561064,351.64904204829077,0.0
2434,2023-12-13,0.0,370.7661822806948,352.28906889530197,0.0
2435,2023-12-14,0.0,370.30559279451256,352.67332026939994,0.0
2436,2023-12-15,0.0,370.34601357468546,353.1819594445247,0.0
2437,2023-12-18,0.0,370.56544027199965,353.73035478119965,0.0
2438,2023-12-19,0.0,370.8220659380592,354.28048590752155,0.0
2439,2023-12-20,0.0,370.80282109797616,354.7407537725826,0.0
2440,2023-12-21,0.0,371.0635056167329,355.2703102450429,0.0
2441,2023-12-22,0.0,371.3984085648789,355.81424478947173,0.0
2442,2023-12-26,0.0,371.709036669377,356.3451112365883,0.0
2443,2023-12-27,0.0,371.9338910174572,356.8444040841272,0.0
2444,2023-12-28,0.0,372.25256794715625,357.3637166107517,0.0
2445,2023-12-29,0.0,372.61327657551493,357.8898093412917,0.0
2446,2024-01-02,0.0,372.44724976995997,358.2554483772325,0.0
2447,2024-01-03,0.0,372.27132180172714,358.60318239769117,0.0
2448,2024-01-04,0.0,371.85881519598234,358.86619141300713,0.0
2449,2024-01-05,0.0,371.46749946303163,359.1164395422182,0.0
2450,2024-01-08,0.0,371.7744045085911,359.5551314548714,0.0
2451,2024-01-09,0.0,372.1568429882417,360.0124519362813,0.0
2452,2024-01-10,0.0,373.1676188001874,360.65350931874303,0.0
2453,2024-01-11,0.0,374.2592746175803,361.32890355998444,0.0
2454,2024-01-12,0.0,375.612677151211,362.0934415222582,0.0
2455,2024-01-16,0.0,377.00861161430254,362.88714708539663,0.0
2456,2024-01-17,0.0,378.1954106244359,363.63595987794054,0.0
2457,2024-01-18,0.0,379.68822819517413,364.48762284242633,0.0
2458,2024-01-19,0.0,381.49601726494177,365.450507084266,0.0
2459,2024-01-22,0.0,382.9259213126259,366.32542265275504,0.0
2460,2024-01-23,0.0,384.4472615587077,367.2430162089164,0.0
2461,2024-01-24,0.0,386.1722840348873,368.23786075397777,0.0
2462,2024-01-25,0.0,387.95301842367775,369.2697518628006,0.0
2463,2024-01-26,0.0,389.4746350191162,370.2460966744339,0.0
2464,2024-01-29,0.0,391.40276513355303,371.35803764756827,0.0
2465,2024-01-30,0.0,393.0396442958709,372.40682521630976,0.0
2466,2024-01-31,0.0,393.47205784600374,373.1159283530972,0.0
2467,2024-02-01,0.0,394.4537665063174,373.9797049848212,0.0
2468,2024-02-02,0.0,396.0505507648303,375.02872741400097,0.0
2469,2024-02-05,0.0,396.96478344403545,375.8912983008315,0.0
2470,2024-02-06,0.0,397.77670790025826,376.7250642707905,0.0
2471,2024-02-07,0.0,399.32654408051644,377.77647056718985,0.0
2472,2024-02-08,0.0,400.73449086823507,378.79994985689046,0.0
2473,2024-02-09,0.0,402.621681051543,379.97600726354057,0.0
2474,2024-02-12,0.0,403.8253314052651,380.96992282697954,0.0
2475,2024-02-13,0.0,404.0629195880226,381.68400971422574,0.0
2476,2024-02-14,0.0,404.5797834591038,382.46727677113137,0.0
2477,2024-02-15,0.0,404.7683752781029,383.1459449623275,0.0
2478,2024-02-16,0.0,404.7009107333878,383.73507320447584,0.0
2479,2024-02-20,0.0,404.518920048772,384.2718319464602,0.0
2480,2024-02-21,0.0,404.2961650608681,384.77628717827207,0.0
2481,2024-02-22,0.0,404.9965297118792,385.5332930013203,0.0
2482,2024-02-23,0.0,405.5054312953089,386.2320733769984,0.0
2483,2024-02-26,0.0,405.6992005571768,386.8322969028554,0.0
2484,2024-02-27,0.0,405.86880155042934,387.41392265168565,0.0
2485,2024-02-28,0.0,406.0451062809316,387.9859248648974,0.0
2486,2024-02-29,0.0,406.7684308873607,388.7085752813352,0.0
2487,2024-03-01,0.0,407.6000088980882,389.46326330157933,0.0
2488,2024-03-04,0.0,408.2971521866259,390.1803548544288,0.0
2489,2024-03-05,0.0,407.75932758756477,390.5316122922332,0.0
2490,2024-03-06,0.0,407.21939127807195,390.8572005752095,0.0
2491,2024-03-07,0.0,407.4023077895353,391.3722094223427,0.0
2492,2024-03-08,0.0,407.28970716393223,391.7904570786345,0.0
2493,2024-03-11,0.0,407.025924482955,392.14903544300176,0.0
2494,2024-03-12,0.0,407.8120267968923,392.8006118750101,0.0
2495,2024-03-13,0.0,408.50612006418976,393.42876382510883,0.0
2496,2024-03-14,0.0,410.09791826957195,394.32429163906926,0.0
2497,2024-03-15,0.0,410.70002257034935,394.94670633734154,0.0
2498,2024-03-18,0.0,411.3304973088131,395.5769401679578,0.0
2499,2024-03-19,0.0,412.2904502948413,396.3046320973705,0.0
2500,2024-03-20,0.0,413.52278940831627,397.11943150269326,0.0
2501,2024-03-21,0.0,415.03204709487545,398.0278980833832,0.0
2502,2024-03-22,0.0,416.3375654891135,398.8930274397492,0.0
2503,2024-03-25,0.0,416.9587483331563,399.56815301472983,0.0
2504,2024-03-26,0.0,417.40553362490186,400.1901767015399,0.0
2505,2024-03-27,0.0,417.78881543927133,400.78848137687066,0.0
2506,2024-03-28,0.0,418.06797598988385,401.3499326400772,0.0
2507,2024-04-01,0.0,418.68721706934434,402.0040192508981,0.0
2508,2024-04-02,0.0,418.9493871047788,402.5515117351378,0.0
2509,2024-04-03,0.0,419.0923037811838,403.05569484702215,0.0
2510,2024-04-04,0.0,418.97684674324364,403.47328104521347,0.0
2511,2024-04-05,0.0,419.6000031499511,404.094315072494,0.0
2512,2024-04-08,0.0,420.0752405964215,404.6716582067305,0.0
2513,2024-04-09,0.0,420.6661699471715,405.28034385666194,0.0
2514,2024-04-10,0.0,420.91320231083375,405.7868133188863,0.0
2515,2024-04-11,0.0,421.5814680598764,406.41056485006646,0.0
2516,2024-04-12,0.0,421.6118038538391,406.84688679503597,0.0
