,Cash,Position,pnl,g_sl,g_tp,close,no_trades,no_wins
1188,10000,0.0,0,0,0,101,0.0,0.0
1189,10000,0.0,0,0,0,97,0.0,0.0
1190,10000,0.0,0,0,0,101,0.0,0.0
1191,10000,0.0,0,0,0,102,0.0,0.0
1192,10000,0.0,0,0,0,102,0.0,0.0
1193,10000,0.0,0,0,0,104,0.0,0.0
1194,10000,0.0,0,0,0,103,0.0,0.0
1195,10000,0.0,0,0,0,102,0.0,0.0
1196,10000,0.0,0,0,0,102,0.0,0.0
1197,10000,0.0,0,0,0,105,0.0,0.0
1198,10000,0.0,0,0,0,105,0.0,0.0
1199,10000,0.0,0,0,0,106,0.0,0.0
1200,10000,0.0,0,0,0,107,0.0,0.0
1201,10000,0.0,0,0,0,105,0.0,0.0
1202,10000,0.0,0,0,0,106,0.0,0.0
1203,10000,0.0,0,0,0,106,0.0,0.0
1204,10000,0.0,0,0,0,107,0.0,0.0
1205,10000,0.0,0,0,0,105,0.0,0.0
1206,10000,0.0,0,0,0,102,0.0,0.0
1207,10000,0.0,0,0,0,106,0.0,0.0
1208,10000,0.0,0,0,0,104,0.0,0.0
1209,10000,0.0,0,0,0,102,0.0,0.0
1210,10000,0.0,0,0,0,105,0.0,0.0
1211,10000,0.0,0,0,0,107,0.0,0.0
1212,10000,0.0,0,0,0,106,0.0,0.0
1213,10000,0.0,0,0,0,105,0.0,0.0
1214,10000,0.0,0,0,0,105,0.0,0.0
1215,10000,0.0,0,0,0,105,0.0,0.0
1216,10000,0.0,0,0,0,106,0.0,0.0
1217,10000,0.0,0,0,0,106,0.0,0.0
1218,10000,0.0,0,0,0,106,0.0,0.0
1219,10000,0.0,0,0,0,108,0.0,0.0
1220,10000,0.0,0,0,0,108,0.0,0.0
1221,10000,0.0,0,0,0,107,0.0,0.0
1222,10000,0.0,0,0,0,109,0.0,0.0
1223,10000,0.0,0,0,0,110,0.0,0.0
1224,10000,0.0,0,0,0,111,0.0,0.0
1225,10000,0.0,0,0,0,112,0.0,0.0
1226,10000,0.0,0,0,0,112,0.0,0.0
1227,10000,0.0,0,0,0,112,0.0,0.0
1228,10000,0.0,0,0,0,112,0.0,0.0
1229,10000,0.0,0,0,0,112,0.0,0.0
1230,10000,0.0,0,0,0,111,0.0,0.0
1231,10000,0.0,0,0,0,111,0.0,0.0
1232,10000,0.0,0,0,0,110,0.0,0.0
1233,10000,0.0,0,0,0,110,0.0,0.0
1234,10000,0.0,0,0,0,112,0.0,0.0
1235,10000,0.0,0,0,0,113,0.0,0.0
1236,10000,0.0,0,0,0,114,0.0,0.0
1237,10000,0.0,0,0,0,114,0.0,0.0
1238,10000,0.0,0,0,0,115,0.0,0.0
1239,10000,0.0,0,0,0,117,0.0,0.0
1240,10000,0.0,0,0,0,117,0.0,0.0
1241,10000,0.0,0,0,0,117,0.0,0.0
1242,10000,0.0,0,0,0,120,0.0,0.0
1243,10000,0.0,0,0,0,117,0.0,0.0
1244,10000,0.0,0,0,0,117,0.0,0.0
1245,10000,0.0,0,0,0,117,0.0,0.0
1246,10000,0.0,0,0,0,116,0.0,0.0
1247,10000,0.0,0,0,0,116,0.0,0.0
1248,10000,0.0,0,0,0,117,0.0,0.0
1249,10000,0.0,0,0,0,119,0.0,0.0
1250,10000,0.0,0,0,0,119,0.0,0.0
1251,10000,0.0,0,0,0,119,0.0,0.0
1252,10000,0.0,0,0,0,119,0.0,0.0
1253,10000,0.0,0,0,0,119,0.0,0.0
1254,10000,0.0,0,0,0,119,0.0,0.0
1255,10000,0.0,0,0,0,119,0.0,0.0
1256,10000,0.0,0,0,0,120,0.0,0.0
1257,10000,0.0,0,0,0,120,0.0,0.0
1258,10000,0.0,0,0,0,120,0.0,0.0
1259,10000,0.0,0,0,0,121,0.0,0.0
1260,10000,0.0,0,0,0,120,0.0,0.0
1261,10000,0.0,0,0,0,121,0.0,0.0
1262,10000,0.0,0,0,0,123,0.0,0.0
1263,10000,0.0,0,0,0,123,0.0,0.0
1264,10000,0.0,0,0,0,125,0.0,0.0
1265,10000,0.0,0,0,0,125,0.0,0.0
1266,10000,0.0,0,0,0,129,0.0,0.0
1267,10000,0.0,0,0,0,129,0.0,0.0
1268,10000,0.0,0,0,0,129,0.0,0.0
1269,10000,0.0,0,0,0,130,0.0,0.0
1270,10000,0.0,0,0,0,127,0.0,0.0
1271,10000,0.0,0,0,0,126,0.0,0.0
1272,10000,0.0,0,0,0,128,0.0,0.0
1273,10000,0.0,0,0,0,128,0.0,0.0
1274,10000,0.0,0,0,0,125,0.0,0.0
1275,10000,0.0,0,0,0,125,0.0,0.0
1276,10000,0.0,0,0,0,125,0.0,0.0
1277,10000,0.0,0,0,0,127,0.0,0.0
1278,10000,0.0,0,0,0,123,0.0,0.0
1279,10000,0.0,0,0,0,124,0.0,0.0
1280,10000,0.0,0,0,0,126,0.0,0.0
1281,10000,0.0,0,0,0,128,0.0,0.0
1282,10000,0.0,0,0,0,128,0.0,0.0
1283,10000,0.0,0,0,0,126,0.0,0.0
1284,10000,0.0,0,0,0,126,0.0,0.0
1285,10000,0.0,0,0,0,127,0.0,0.0
1286,10000,0.0,0,0,0,126,0.0,0.0
1287,10000,0.0,0,0,0,126,0.0,0.0
1288,10000,0.0,0,0,0,126,0.0,0.0
1289,10000,0.0,0,0,0,124,0.0,0.0
1290,10000,0.0,0,0,0,125,0.0,0.0
1291,9876,1.0,0,119,127,123,0.0,0.0
1292,9876,0.0,0,119,127,119,0.0,0.0
1293,9876,0.0,0,119,127,123,0.0,0.0
1294,9876,0.0,0,119,127,125,0.0,0.0
1295,10004,0.0,4,0,0,127,1.0,1.0
1296,10004,0.0,4,0,0,131,1.0,1.0
1297,10004,0.0,4,0,0,132,1.0,1.0
1298,10004,0.0,4,0,0,132,1.0,1.0
1299,10004,0.0,4,0,0,131,1.0,1.0
1300,10004,0.0,4,0,0,132,1.0,1.0
1301,10004,0.0,4,0,0,132,1.0,1.0
1302,10004,0.0,4,0,0,132,1.0,1.0
1303,10004,0.0,4,0,0,135,1.0,1.0
1304,10004,0.0,4,0,0,135,1.0,1.0
1305,10004,0.0,4,0,0,136,1.0,1.0
1306,10004,0.0,4,0,0,136,1.0,1.0
1307,10004,0.0,4,0,0,137,1.0,1.0
1308,10004,0.0,4,0,0,133,1.0,1.0
1309,10004,0.0,4,0,0,133,1.0,1.0
1310,10004,0.0,4,0,0,134,1.0,1.0
1311,10004,0.0,4,0,0,133,1.0,1.0
1312,10004,0.0,4,0,0,135,1.0,1.0
1313,10004,0.0,4,0,0,136,1.0,1.0
1314,10004,0.0,4,0,0,137,1.0,1.0
1315,10004,0.0,4,0,0,137,1.0,1.0
1316,10004,0.0,4,0,0,136,1.0,1.0
1317,10004,0.0,4,0,0,136,1.0,1.0
1318,10004,0.0,4,0,0,137,1.0,1.0
1319,10004,0.0,4,0,0,138,1.0,1.0
1320,10004,0.0,4,0,0,138,1.0,1.0
1321,10004,0.0,4,0,0,138,1.0,1.0
1322,10004,0.0,4,0,0,137,1.0,1.0
1323,10004,0.0,4,0,0,136,1.0,1.0
1324,10004,0.0,4,0,0,136,1.0,1.0
1325,10004,0.0,4,0,0,136,1.0,1.0
1326,10004,0.0,4,0,0,138,1.0,1.0
1327,10004,0.0,4,0,0,139,1.0,1.0
1328,10004,0.0,4,0,0,140,1.0,1.0
1329,10004,0.0,4,0,0,140,1.0,1.0
1330,10004,0.0,4,0,0,141,1.0,1.0
1331,10004,0.0,4,0,0,141,1.0,1.0
1332,10004,0.0,4,0,0,140,1.0,1.0
1333,10004,0.0,4,0,0,136,1.0,1.0
1334,10004,0.0,4,0,0,138,1.0,1.0
1335,10004,0.0,4,0,0,136,1.0,1.0
1336,9871,1.0,4,128,136,132,1.0,1.0
1337,9871,0.0,4,128,136,134,1.0,1.0
1338,9871,0.0,4,128,136,135,1.0,1.0
1339,10008,0.0,8,0,0,138,2.0,2.0
1340,9870,1.0,8,133,141,137,2.0,2.0
1341,9870,0.0,8,133,141,135,2.0,2.0
1342,9870,0.0,8,133,141,138,2.0,2.0
1343,9870,0.0,8,133,141,133,2.0,2.0
1344,10004,0.0,4,0,0,133,3.0,2.0
1345,9867,1.0,4,132,140,136,3.0,2.0
1346,9867,0.0,4,132,140,138,3.0,2.0
1347,9867,0.0,4,132,140,137,3.0,2.0
1348,9867,0.0,4,132,140,138,3.0,2.0
1349,9867,0.0,4,132,140,137,3.0,2.0
1350,9867,0.0,4,132,140,133,3.0,2.0
1351,9867,0.0,4,132,140,135,3.0,2.0
1352,9867,0.0,4,132,140,135,3.0,2.0
1353,9867,0.0,4,132,140,135,3.0,2.0
1354,9867,0.0,4,132,140,138,3.0,2.0
1355,9867,0.0,4,132,140,137,3.0,2.0
1356,9867,0.0,4,132,140,136,3.0,2.0
1357,9867,0.0,4,132,140,137,3.0,2.0
1358,9867,0.0,4,132,140,140,3.0,2.0
1359,9867,0.0,4,132,140,139,3.0,2.0
1360,9867,0.0,4,132,140,137,3.0,2.0
1361,9867,0.0,4,132,140,136,3.0,2.0
1362,9867,0.0,4,132,140,136,3.0,2.0
1363,9867,0.0,4,132,140,137,3.0,2.0
1364,9867,0.0,4,132,140,137,3.0,2.0
1365,9867,0.0,4,132,140,136,3.0,2.0
1366,9867,0.0,4,132,140,137,3.0,2.0
1367,9867,0.0,4,132,140,138,3.0,2.0
1368,10008,0.0,8,0,0,141,4.0,3.0
1369,9868,1.0,8,135,143,139,4.0,3.0
1370,9868,0.0,8,135,143,139,4.0,3.0
1371,9868,0.0,8,135,143,137,4.0,3.0
1372,9868,0.0,8,135,143,139,4.0,3.0
1373,9868,0.0,8,135,143,139,4.0,3.0
1374,9868,0.0,8,135,143,137,4.0,3.0
1375,9868,0.0,8,135,143,139,4.0,3.0
1376,9868,0.0,8,135,143,137,4.0,3.0
1377,10004,0.0,4,0,0,134,5.0,3.0
1378,9867,1.0,4,132,140,136,5.0,3.0
1379,9867,0.0,4,132,140,138,5.0,3.0
1380,9867,0.0,4,132,140,137,5.0,3.0
1381,9867,0.0,4,132,140,135,5.0,3.0
1382,9867,0.0,4,132,140,138,5.0,3.0
1383,9867,0.0,4,132,140,139,5.0,3.0
1384,9867,0.0,4,132,140,139,5.0,3.0
1385,9867,0.0,4,132,140,139,5.0,3.0
1386,10008,0.0,8,0,0,141,6.0,4.0
1387,9867,1.0,8,136,144,140,6.0,4.0
1388,9867,0.0,8,136,144,139,6.0,4.0
1389,9867,0.0,8,136,144,137,6.0,4.0
1390,9867,0.0,8,136,144,138,6.0,4.0
1391,10004,0.0,4,0,0,136,7.0,4.0
1392,9866,1.0,4,133,141,137,7.0,4.0
1393,9866,0.0,4,133,141,139,7.0,4.0
1394,9866,0.0,4,133,141,140,7.0,4.0
1395,10008,0.0,8,0,0,144,8.0,5.0
1396,9865,1.0,8,138,146,142,8.0,5.0
1397,9865,0.0,8,138,146,144,8.0,5.0
1398,9865,0.0,8,138,146,143,8.0,5.0
1399,9865,0.0,8,138,146,143,8.0,5.0
1400,9865,0.0,8,138,146,144,8.0,5.0
1401,9865,0.0,8,138,146,144,8.0,5.0
1402,9865,0.0,8,138,146,144,8.0,5.0
1403,9865,0.0,8,138,146,144,8.0,5.0
1404,9865,0.0,8,138,146,145,8.0,5.0
1405,9865,0.0,8,138,146,146,8.0,5.0
1406,10012,0.0,12,0,0,147,9.0,6.0
1407,9864,1.0,12,143,151,147,9.0,6.0
1408,9864,0.0,12,143,151,148,9.0,6.0
1409,9864,0.0,12,143,151,149,9.0,6.0
1410,9864,0.0,12,143,151,150,9.0,6.0
1411,9864,0.0,12,143,151,150,9.0,6.0
1412,9864,0.0,12,143,151,149,9.0,6.0
1413,9864,0.0,12,143,151,149,9.0,6.0
1414,9864,0.0,12,143,151,149,9.0,6.0
1415,9864,0.0,12,143,151,151,9.0,6.0
1416,10016,0.0,16,0,0,152,10.0,7.0
1417,9863,1.0,16,148,156,152,10.0,7.0
1418,9863,0.0,16,148,156,151,10.0,7.0
1419,9863,0.0,16,148,156,149,10.0,7.0
1420,9863,0.0,16,148,156,149,10.0,7.0
1421,9863,0.0,16,148,156,149,10.0,7.0
1422,9863,0.0,16,148,156,149,10.0,7.0
1423,9863,0.0,16,148,156,151,10.0,7.0
1424,9863,0.0,16,148,156,151,10.0,7.0
1425,9863,0.0,16,148,156,151,10.0,7.0
1426,9863,0.0,16,148,156,151,10.0,7.0
1427,9863,0.0,16,148,156,153,10.0,7.0
1428,9863,0.0,16,148,156,154,10.0,7.0
1429,9863,0.0,16,148,156,155,10.0,7.0
1430,9863,0.0,16,148,156,154,10.0,7.0
1431,9863,0.0,16,148,156,154,10.0,7.0
1432,9863,0.0,16,148,156,155,10.0,7.0
1433,10020,0.0,20,0,0,157,11.0,8.0
1434,9862,1.0,20,153,161,157,11.0,8.0
1435,9862,0.0,20,153,161,157,11.0,8.0
1436,9862,0.0,20,153,161,158,11.0,8.0
1437,9862,0.0,20,153,161,158,11.0,8.0
1438,9862,0.0,20,153,161,157,11.0,8.0
1439,9862,0.0,20,153,161,157,11.0,8.0
1440,9862,0.0,20,153,161,160,11.0,8.0
1441,9862,0.0,20,153,161,158,11.0,8.0
1442,9862,0.0,20,153,161,159,11.0,8.0
1443,9862,0.0,20,153,161,157,11.0,8.0
1444,9862,0.0,20,153,161,160,11.0,8.0
1445,10024,0.0,24,0,0,162,12.0,9.0
1446,9862,1.0,24,157,165,161,12.0,9.0
1447,9862,0.0,24,157,165,163,12.0,9.0
1448,9862,0.0,24,157,165,162,12.0,9.0
1449,9862,0.0,24,157,165,163,12.0,9.0
1450,10028,0.0,28,0,0,166,13.0,10.0
1451,10028,0.0,28,0,0,167,13.0,10.0
1452,10028,0.0,28,0,0,166,13.0,10.0
1453,10028,0.0,28,0,0,165,13.0,10.0
1454,10028,0.0,28,0,0,166,13.0,10.0
1455,10028,0.0,28,0,0,165,13.0,10.0
1456,10028,0.0,28,0,0,162,13.0,10.0
1457,10028,0.0,28,0,0,165,13.0,10.0
1458,10028,0.0,28,0,0,168,13.0,10.0
1459,10028,0.0,28,0,0,172,13.0,10.0
1460,10028,0.0,28,0,0,170,13.0,10.0
1461,10028,0.0,28,0,0,174,13.0,10.0
1462,10028,0.0,28,0,0,180,13.0,10.0
1463,10028,0.0,28,0,0,179,13.0,10.0
1464,10028,0.0,28,0,0,183,13.0,10.0
1465,10028,0.0,28,0,0,183,13.0,10.0
1466,10028,0.0,28,0,0,188,13.0,10.0
1467,10028,0.0,28,0,0,184,13.0,10.0
1468,10028,0.0,28,0,0,184,13.0,10.0
1469,10028,0.0,28,0,0,183,13.0,10.0
1470,10028,0.0,28,0,0,185,13.0,10.0
1471,10028,0.0,28,0,0,187,13.0,10.0
1472,10028,0.0,28,0,0,187,13.0,10.0
1473,10028,0.0,28,0,0,184,13.0,10.0
1474,10028,0.0,28,0,0,178,13.0,10.0
1475,10028,0.0,28,0,0,170,13.0,10.0
1476,10028,0.0,28,0,0,168,13.0,10.0
1477,10028,0.0,28,0,0,170,13.0,10.0
1478,9869,1.0,28,154,162,158,13.0,10.0
1479,9869,0.0,28,154,162,162,13.0,10.0
1480,10032,0.0,32,0,0,172,14.0,11.0
1481,9867,1.0,32,160,168,164,14.0,11.0
1482,10036,0.0,36,0,0,170,15.0,12.0
1483,9869,1.0,36,162,170,166,15.0,12.0
1484,10032,0.0,32,0,0,161,16.0,12.0
1485,9881,1.0,32,146,154,150,16.0,12.0
1486,10036,0.0,36,0,0,160,17.0,13.0
1487,9882,1.0,36,149,157,153,17.0,13.0
1488,10032,0.0,32,0,0,139,18.0,13.0
1489,9873,1.0,32,154,162,158,18.0,13.0
1490,10028,0.0,28,0,0,135,19.0,13.0
1491,9881,1.0,28,142,150,146,19.0,13.0
1492,10024,0.0,24,0,0,140,20.0,13.0
1493,9881,1.0,24,138,146,142,20.0,13.0
1494,10020,0.0,20,0,0,137,21.0,13.0
1495,9884,1.0,20,131,139,135,21.0,13.0
1496,10024,0.0,24,0,0,148,22.0,14.0
1497,9877,1.0,24,142,150,146,22.0,14.0
1498,10028,0.0,28,0,0,156,23.0,15.0
1499,9878,1.0,28,145,153,149,23.0,15.0
1500,10032,0.0,32,0,0,160,24.0,16.0
1501,9874,1.0,32,153,161,157,24.0,16.0
1502,10028,0.0,28,0,0,152,25.0,16.0
1503,9872,1.0,28,151,159,155,25.0,16.0
1504,9872,0.0,28,151,159,153,25.0,16.0
1505,10032,0.0,32,0,0,165,26.0,17.0
1506,9868,1.0,32,159,167,163,26.0,17.0
1507,9868,0.0,32,159,167,165,26.0,17.0
1508,9868,0.0,32,159,167,165,26.0,17.0
1509,9868,0.0,32,159,167,165,26.0,17.0
1510,10036,0.0,36,0,0,173,27.0,18.0
1511,9864,1.0,36,167,175,171,27.0,18.0
1512,10040,0.0,40,0,0,177,28.0,19.0
1513,9861,1.0,40,174,182,178,28.0,19.0
1514,9861,0.0,40,174,182,175,28.0,19.0
1515,10036,0.0,36,0,0,167,29.0,19.0
1516,9862,1.0,36,169,177,173,29.0,19.0
1517,9862,0.0,36,169,177,171,29.0,19.0
1518,9862,0.0,36,169,177,174,29.0,19.0
1519,9862,0.0,36,169,177,174,29.0,19.0
1520,9862,0.0,36,169,177,169,29.0,19.0
1521,9862,0.0,36,169,177,177,29.0,19.0
1522,10040,0.0,40,0,0,179,30.0,20.0
1523,9865,1.0,40,170,178,174,30.0,20.0
1524,10044,0.0,44,0,0,178,31.0,21.0
1525,9863,1.0,44,176,184,180,31.0,21.0
1526,9863,0.0,44,176,184,182,31.0,21.0
1527,9863,0.0,44,176,184,183,31.0,21.0
1528,9863,0.0,44,176,184,184,31.0,21.0
1529,10048,0.0,48,0,0,186,32.0,22.0
1530,9865,1.0,48,178,186,182,32.0,22.0
1531,9865,0.0,48,178,186,179,32.0,22.0
1532,9865,0.0,48,178,186,180,32.0,22.0
1533,9865,0.0,48,178,186,183,32.0,22.0
1534,9865,0.0,48,178,186,184,32.0,22.0
1535,9865,0.0,48,178,186,183,32.0,22.0
1536,9865,0.0,48,178,186,185,32.0,22.0
1537,9865,0.0,48,178,186,183,32.0,22.0
1538,9865,0.0,48,178,186,183,32.0,22.0
1539,9865,0.0,48,178,186,181,32.0,22.0
1540,9865,0.0,48,178,186,181,32.0,22.0
1541,9865,0.0,48,178,186,181,32.0,22.0
1542,9865,0.0,48,178,186,183,32.0,22.0
1543,9865,0.0,48,178,186,182,32.0,22.0
1544,9865,0.0,48,178,186,184,32.0,22.0
1545,9865,0.0,48,178,186,185,32.0,22.0
1546,9865,0.0,48,178,186,182,32.0,22.0
1547,10052,0.0,52,0,0,187,33.0,23.0
1548,9863,1.0,52,184,192,188,33.0,23.0
1549,9863,0.0,52,184,192,189,33.0,23.0
1550,10056,0.0,56,0,0,196,34.0,24.0
1551,9869,1.0,56,182,190,186,34.0,24.0
1552,9869,0.0,56,182,190,187,34.0,24.0
1553,9869,0.0,56,182,190,188,34.0,24.0
1554,10060,0.0,60,0,0,193,35.0,25.0
1555,9865,1.0,60,190,198,194,35.0,25.0
1556,9865,0.0,60,190,198,196,35.0,25.0
1557,9865,0.0,60,190,198,195,35.0,25.0
1558,10064,0.0,64,0,0,200,36.0,26.0
1559,9862,1.0,64,197,205,201,36.0,26.0
1560,10060,0.0,60,0,0,197,37.0,26.0
1561,9859,1.0,60,196,204,200,37.0,26.0
1562,10056,0.0,56,0,0,196,38.0,26.0
1563,9857,1.0,56,194,202,198,38.0,26.0
1564,10060,0.0,60,0,0,203,39.0,27.0
1565,9855,1.0,60,200,208,204,39.0,27.0
1566,9855,0.0,60,200,208,206,39.0,27.0
1567,10064,0.0,64,0,0,210,40.0,28.0
1568,9855,1.0,64,204,212,208,40.0,28.0
1569,10068,0.0,68,0,0,212,41.0,29.0
1570,9853,1.0,68,210,218,214,41.0,29.0
1571,9853,0.0,68,210,218,213,41.0,29.0
1572,10064,0.0,64,0,0,207,42.0,29.0
1573,9855,1.0,64,204,212,208,42.0,29.0
1574,9855,0.0,64,204,212,208,42.0,29.0
1575,10060,0.0,60,0,0,203,43.0,29.0
1576,9857,1.0,60,198,206,202,43.0,29.0
1577,10064,0.0,64,0,0,211,44.0,30.0
1578,9855,1.0,64,204,212,208,44.0,30.0
1579,9855,0.0,64,204,212,211,44.0,30.0
1580,10060,0.0,60,0,0,202,45.0,30.0
1581,9858,1.0,60,197,205,201,45.0,30.0
1582,9858,0.0,60,197,205,203,45.0,30.0
1583,9858,0.0,60,197,205,202,45.0,30.0
1584,9858,0.0,60,197,205,204,45.0,30.0
1585,9858,0.0,60,197,205,203,45.0,30.0
1586,9858,0.0,60,197,205,205,45.0,30.0
1587,10064,0.0,64,0,0,216,46.0,31.0
1588,9850,1.0,64,209,217,213,46.0,31.0
1589,9850,0.0,64,209,217,212,46.0,31.0
1590,9850,0.0,64,209,217,216,46.0,31.0
1591,9850,0.0,64,209,217,212,46.0,31.0
1592,10060,0.0,60,0,0,208,47.0,31.0
1593,9856,1.0,60,199,207,203,47.0,31.0
1594,10064,0.0,64,0,0,209,48.0,32.0
1595,10064,0.0,64,0,0,208,48.0,32.0
1596,9855,1.0,64,204,212,208,48.0,32.0
1597,9855,0.0,64,204,212,210,48.0,32.0
1598,9855,0.0,64,204,212,211,48.0,32.0
1599,9855,0.0,64,204,212,209,48.0,32.0
1600,10068,0.0,68,0,0,214,49.0,33.0
1601,9854,1.0,68,209,217,213,49.0,33.0
1602,9854,0.0,68,209,217,213,49.0,33.0
1603,9854,0.0,68,209,217,216,49.0,33.0
1604,10072,0.0,72,0,0,221,50.0,34.0
1605,10072,0.0,72,0,0,226,50.0,34.0
1606,10072,0.0,72,0,0,228,50.0,34.0
1607,10072,0.0,72,0,0,225,50.0,34.0
1608,10072,0.0,72,0,0,227,50.0,34.0
1609,10072,0.0,72,0,0,231,50.0,34.0
1610,9854,1.0,72,213,221,217,50.0,34.0
1611,9854,0.0,72,213,221,214,50.0,34.0
1612,10068,0.0,68,0,0,202,51.0,34.0
1613,9856,1.0,68,207,215,211,51.0,34.0
1614,10064,0.0,64,0,0,205,52.0,34.0
1615,9859,1.0,64,200,208,204,52.0,34.0
1616,9859,0.0,64,200,208,205,52.0,34.0
1617,10068,0.0,68,0,0,208,53.0,35.0
1618,9862,1.0,68,201,209,205,53.0,35.0
1619,9862,0.0,68,201,209,202,53.0,35.0
1620,10064,0.0,64,0,0,200,54.0,35.0
1621,9861,1.0,64,198,206,202,54.0,35.0
1622,10068,0.0,68,0,0,207,55.0,36.0
1623,9867,1.0,68,196,204,200,55.0,36.0
1624,9867,0.0,68,196,204,203,55.0,36.0
1625,10072,0.0,72,0,0,207,56.0,37.0
1626,9862,1.0,72,205,213,209,56.0,37.0
1627,9862,0.0,72,205,213,207,56.0,37.0
1628,9862,0.0,72,205,213,210,56.0,37.0
1629,9862,0.0,72,205,213,212,56.0,37.0
1630,9862,0.0,72,205,213,206,56.0,37.0
1631,9862,0.0,72,205,213,210,56.0,37.0
1632,9862,0.0,72,205,213,205,56.0,37.0
1633,9862,0.0,72,205,213,209,56.0,37.0
1634,9862,0.0,72,205,213,210,56.0,37.0
1635,10076,0.0,76,0,0,215,57.0,38.0
1636,9854,1.0,76,217,225,221,57.0,38.0
1637,9854,0.0,76,217,225,222,57.0,38.0
1638,9854,0.0,76,217,225,220,57.0,38.0
1639,9854,0.0,76,217,225,219,57.0,38.0
1640,9854,0.0,76,217,225,219,57.0,38.0
1641,10072,0.0,72,0,0,214,58.0,38.0
1642,9857,1.0,72,210,218,214,58.0,38.0
1643,9857,0.0,72,210,218,214,58.0,38.0
1644,9857,0.0,72,210,218,214,58.0,38.0
1645,9857,0.0,72,210,218,216,58.0,38.0
1646,10068,0.0,68,0,0,210,59.0,38.0
1647,9854,1.0,68,209,217,213,59.0,38.0
1648,10064,0.0,64,0,0,202,60.0,38.0
1649,9859,1.0,64,200,208,204,60.0,38.0
1650,9859,0.0,64,200,208,202,60.0,38.0
1651,9859,0.0,64,200,208,202,60.0,38.0
1652,9859,0.0,64,200,208,206,60.0,38.0
1653,10068,0.0,68,0,0,216,61.0,39.0
1654,9844,1.0,68,219,227,223,61.0,39.0
1655,9844,0.0,68,219,227,223,61.0,39.0
1656,10064,0.0,64,0,0,218,62.0,39.0
1657,9852,1.0,64,207,215,211,62.0,39.0
1658,10068,0.0,68,0,0,216,63.0,40.0
1659,9852,1.0,68,211,219,215,63.0,40.0
1660,9852,0.0,68,211,219,216,63.0,40.0
1661,9852,0.0,68,211,219,217,63.0,40.0
1662,9852,0.0,68,211,219,214,63.0,40.0
1663,10064,0.0,64,0,0,211,64.0,40.0
1664,9851,1.0,64,208,216,212,64.0,40.0
1665,9851,0.0,64,208,216,210,64.0,40.0
1666,9851,0.0,64,208,216,210,64.0,40.0
1667,9851,0.0,64,208,216,213,64.0,40.0
1668,9851,0.0,64,208,216,213,64.0,40.0
1669,9851,0.0,64,208,216,215,64.0,40.0
1670,9851,0.0,64,208,216,214,64.0,40.0
1671,9851,0.0,64,208,216,216,64.0,40.0
1672,9851,0.0,64,208,216,215,64.0,40.0
1673,9851,0.0,64,208,216,214,64.0,40.0
1674,9851,0.0,64,208,216,214,64.0,40.0
1675,9851,0.0,64,208,216,214,64.0,40.0
1676,9851,0.0,64,208,216,216,64.0,40.0
1677,9851,0.0,64,208,216,211,64.0,40.0
1678,9851,0.0,64,208,216,210,64.0,40.0
1679,9851,0.0,64,208,216,213,64.0,40.0
1680,9851,0.0,64,208,216,214,64.0,40.0
1681,9851,0.0,64,208,216,214,64.0,40.0
1682,10068,0.0,68,0,0,219,65.0,41.0
1683,9848,1.0,68,215,223,219,65.0,41.0
1684,9848,0.0,68,215,223,218,65.0,41.0
1685,9848,0.0,68,215,223,222,65.0,41.0
1686,10072,0.0,72,0,0,223,66.0,42.0
1687,9850,1.0,72,217,225,221,66.0,42.0
1688,9850,0.0,72,217,225,222,66.0,42.0
1689,9850,0.0,72,217,225,224,66.0,42.0
1690,9850,0.0,72,217,225,224,66.0,42.0
1691,9850,0.0,72,217,225,221,66.0,42.0
1692,9850,0.0,72,217,225,222,66.0,42.0
1693,9850,0.0,72,217,225,217,66.0,42.0
1694,9850,0.0,72,217,225,217,66.0,42.0
1695,10068,0.0,68,0,0,212,67.0,42.0
1696,9849,1.0,68,214,222,218,67.0,42.0
1697,9849,0.0,68,214,222,219,67.0,42.0
1698,9849,0.0,68,214,222,217,67.0,42.0
1699,9849,0.0,68,214,222,214,67.0,42.0
1700,9849,0.0,68,214,222,216,67.0,42.0
1701,10064,0.0,64,0,0,213,68.0,42.0
1702,9851,1.0,64,208,216,212,68.0,42.0
1703,9851,0.0,64,208,216,216,68.0,42.0
1704,10068,0.0,68,0,0,224,69.0,43.0
1705,9843,1.0,68,220,228,224,69.0,43.0
1706,9843,0.0,68,220,228,225,69.0,43.0
1707,10072,0.0,72,0,0,229,70.0,44.0
1708,9839,1.0,72,228,236,232,70.0,44.0
1709,9839,0.0,72,228,236,232,70.0,44.0
1710,10076,0.0,76,0,0,238,71.0,45.0
1711,9844,1.0,76,227,235,231,71.0,45.0
1712,10080,0.0,80,0,0,239,72.0,46.0
1713,9840,1.0,80,235,243,239,72.0,46.0
1714,9840,0.0,80,235,243,243,72.0,46.0
1715,9840,0.0,80,235,243,242,72.0,46.0
1716,9840,0.0,80,235,243,242,72.0,46.0
1717,9840,0.0,80,235,243,242,72.0,46.0
1718,10084,0.0,84,0,0,243,73.0,47.0
1719,9841,1.0,84,238,246,242,73.0,47.0
1720,9841,0.0,84,238,246,244,73.0,47.0
1721,9841,0.0,84,238,246,244,73.0,47.0
1722,9841,0.0,84,238,246,243,73.0,47.0
1723,9841,0.0,84,238,246,244,73.0,47.0
1724,9841,0.0,84,238,246,243,73.0,47.0
1725,9841,0.0,84,238,246,240,73.0,47.0
1726,10080,0.0,80,0,0,234,74.0,47.0
1727,9846,1.0,80,229,237,233,74.0,47.0
1728,9846,0.0,80,229,237,234,74.0,47.0
1729,10076,0.0,76,0,0,228,75.0,47.0
1730,9843,1.0,76,228,236,232,75.0,47.0
1731,10080,0.0,80,0,0,236,76.0,48.0
1732,9846,1.0,80,229,237,233,76.0,48.0
1733,10076,0.0,76,0,0,227,77.0,48.0
1734,9849,1.0,76,222,230,226,77.0,48.0
1735,10080,0.0,80,0,0,231,78.0,49.0
1736,9852,1.0,80,223,231,227,78.0,49.0
1737,10084,0.0,84,0,0,233,79.0,50.0
1738,9851,1.0,84,228,236,232,79.0,50.0
1739,10088,0.0,88,0,0,237,80.0,51.0
1740,9852,1.0,88,231,239,235,80.0,51.0
1741,9852,0.0,88,231,239,234,80.0,51.0
1742,9852,0.0,88,231,239,237,80.0,51.0
1743,9852,0.0,88,231,239,237,80.0,51.0
1744,10084,0.0,84,0,0,230,81.0,51.0
1745,9853,1.0,84,226,234,230,81.0,51.0
1746,10088,0.0,88,0,0,235,82.0,52.0
1747,9850,1.0,88,233,241,237,82.0,52.0
1748,9850,0.0,88,233,241,235,82.0,52.0
1749,10084,0.0,84,0,0,232,83.0,52.0
1750,9847,1.0,84,232,240,236,83.0,52.0
1751,9847,0.0,84,232,240,235,83.0,52.0
1752,10080,0.0,80,0,0,231,84.0,52.0
1753,9844,1.0,80,231,239,235,84.0,52.0
1754,10084,0.0,84,0,0,242,85.0,53.0
1755,9834,1.0,84,245,253,249,85.0,53.0
1756,9834,0.0,84,245,253,247,85.0,53.0
1757,9834,0.0,84,245,253,249,85.0,53.0
1758,10088,0.0,88,0,0,253,86.0,54.0
1759,9832,1.0,88,251,259,255,86.0,54.0
1760,9832,0.0,88,251,259,255,86.0,54.0
1761,9832,0.0,88,251,259,258,86.0,54.0
1762,9832,0.0,88,251,259,255,86.0,54.0
1763,9832,0.0,88,251,259,259,86.0,54.0
1764,10092,0.0,92,0,0,260,87.0,55.0
1765,9833,1.0,92,254,262,258,87.0,55.0
1766,9833,0.0,92,254,262,258,87.0,55.0
1767,9833,0.0,92,254,262,260,87.0,55.0
1768,9833,0.0,92,254,262,257,87.0,55.0
1769,9833,0.0,92,254,262,261,87.0,55.0
1770,9833,0.0,92,254,262,261,87.0,55.0
1771,9833,0.0,92,254,262,261,87.0,55.0
1772,10088,0.0,88,0,0,254,88.0,55.0
1773,9835,1.0,88,248,256,252,88.0,55.0
1774,9835,0.0,88,248,256,252,88.0,55.0
1775,9835,0.0,88,248,256,251,88.0,55.0
1776,10084,0.0,84,0,0,247,89.0,55.0
1777,9837,1.0,84,242,250,246,89.0,55.0
1778,9837,0.0,84,242,250,249,89.0,55.0
1779,10088,0.0,88,0,0,252,90.0,56.0
1780,9840,1.0,88,243,251,247,90.0,56.0
1781,9840,0.0,88,243,251,246,90.0,56.0
1782,10084,0.0,84,0,0,239,91.0,56.0
1783,9840,1.0,84,239,247,243,91.0,56.0
1784,10088,0.0,88,0,0,248,92.0,57.0
1785,9842,1.0,88,241,249,245,92.0,57.0
1786,9842,0.0,88,241,249,243,92.0,57.0
1787,9842,0.0,88,241,249,243,92.0,57.0
1788,9842,0.0,88,241,249,246,92.0,57.0
1789,9842,0.0,88,241,249,245,92.0,57.0
1790,10092,0.0,92,0,0,250,93.0,58.0
1791,9840,1.0,92,247,255,251,93.0,58.0
1792,9840,0.0,92,247,255,251,93.0,58.0
1793,9840,0.0,92,247,255,249,93.0,58.0
1794,9840,0.0,92,247,255,249,93.0,58.0
1795,10088,0.0,88,0,0,247,94.0,58.0
1796,9840,1.0,88,243,251,247,94.0,58.0
1797,9840,0.0,88,243,251,245,94.0,58.0
1798,9840,0.0,88,243,251,250,94.0,58.0
1799,10092,0.0,92,0,0,253,95.0,59.0
1800,9839,1.0,92,248,256,252,95.0,59.0
1801,9839,0.0,92,248,256,253,95.0,59.0
1802,10096,0.0,96,0,0,257,96.0,60.0
1803,9838,1.0,96,253,261,257,96.0,60.0
1804,9838,0.0,96,253,261,259,96.0,60.0
1805,9838,0.0,96,253,261,258,96.0,60.0
1806,9838,0.0,96,253,261,257,96.0,60.0
1807,9838,0.0,96,253,261,260,96.0,60.0
1808,9838,0.0,96,253,261,259,96.0,60.0
1809,10100,0.0,100,0,0,262,97.0,61.0
1810,9834,1.0,100,261,269,265,97.0,61.0
1811,9834,0.0,100,261,269,265,97.0,61.0
1812,9834,0.0,100,261,269,266,97.0,61.0
1813,9834,0.0,100,261,269,265,97.0,61.0
1814,9834,0.0,100,261,269,268,97.0,61.0
1815,10104,0.0,104,0,0,271,98.0,62.0
1816,9833,1.0,104,266,274,270,98.0,62.0
1817,9833,0.0,104,266,274,271,98.0,62.0
1818,10108,0.0,108,0,0,277,99.0,63.0
1819,9830,1.0,108,273,281,277,99.0,63.0
1820,9830,0.0,108,273,281,279,99.0,63.0
1821,9830,0.0,108,273,281,277,99.0,63.0
1822,9830,0.0,108,273,281,277,99.0,63.0
1823,9830,0.0,108,273,281,277,99.0,63.0
1824,9830,0.0,108,273,281,280,99.0,63.0
1825,10112,0.0,112,0,0,282,100.0,64.0
1826,9830,1.0,112,277,285,281,100.0,64.0
1827,9830,0.0,112,277,285,280,100.0,64.0
1828,10108,0.0,108,0,0,277,101.0,64.0
1829,9828,1.0,108,275,283,279,101.0,64.0
1830,9828,0.0,108,275,283,281,101.0,64.0
1831,10112,0.0,112,0,0,286,102.0,65.0
1832,10112,0.0,112,0,0,289,102.0,65.0
1833,10112,0.0,112,0,0,289,102.0,65.0
1834,10112,0.0,112,0,0,286,102.0,65.0
1835,10112,0.0,112,0,0,286,102.0,65.0
1836,10112,0.0,112,0,0,286,102.0,65.0
1837,10112,0.0,112,0,0,284,102.0,65.0
1838,10112,0.0,112,0,0,284,102.0,65.0
1839,10112,0.0,112,0,0,287,102.0,65.0
1840,10112,0.0,112,0,0,286,102.0,65.0
1841,10112,0.0,112,0,0,289,102.0,65.0
1842,10112,0.0,112,0,0,289,102.0,65.0
1843,10112,0.0,112,0,0,288,102.0,65.0
1844,10112,0.0,112,0,0,286,102.0,65.0
1845,10112,0.0,112,0,0,286,102.0,65.0
1846,10112,0.0,112,0,0,289,102.0,65.0
1847,10112,0.0,112,0,0,292,102.0,65.0
1848,10112,0.0,112,0,0,294,102.0,65.0
1849,10112,0.0,112,0,0,293,102.0,65.0
1850,10112,0.0,112,0,0,290,102.0,65.0
1851,10112,0.0,112,0,0,296,102.0,65.0
1852,10112,0.0,112,0,0,304,102.0,65.0
1853,10112,0.0,112,0,0,304,102.0,65.0
1854,10112,0.0,112,0,0,302,102.0,65.0
1855,10112,0.0,112,0,0,302,102.0,65.0
1856,10112,0.0,112,0,0,299,102.0,65.0
1857,10112,0.0,112,0,0,299,102.0,65.0
1858,10112,0.0,112,0,0,303,102.0,65.0
1859,10112,0.0,112,0,0,301,102.0,65.0
1860,10112,0.0,112,0,0,301,102.0,65.0
1861,9810,1.0,112,297,305,301,102.0,65.0
1862,9810,0.0,112,297,305,301,102.0,65.0
1863,9810,0.0,112,297,305,300,102.0,65.0
1864,9810,0.0,112,297,305,300,102.0,65.0
1865,9810,0.0,112,297,305,297,102.0,65.0
1866,10108,0.0,108,0,0,295,103.0,65.0
1867,9811,1.0,108,292,300,296,103.0,65.0
1868,9811,0.0,108,292,300,299,103.0,65.0
1869,10112,0.0,112,0,0,304,104.0,66.0
1870,10112,0.0,112,0,0,305,104.0,66.0
1871,9812,1.0,112,295,303,299,104.0,66.0
1872,10108,0.0,108,0,0,294,105.0,66.0
1873,9813,1.0,108,290,298,294,105.0,66.0
1874,9813,0.0,108,290,298,298,105.0,66.0
1875,10112,0.0,112,0,0,299,106.0,67.0
1876,10112,0.0,112,0,0,299,106.0,67.0
1877,10112,0.0,112,0,0,294,106.0,67.0
1878,9828,1.0,112,279,287,283,106.0,67.0
1879,9828,0.0,112,279,287,284,106.0,67.0
1880,9828,0.0,112,279,287,281,106.0,67.0
1881,10116,0.0,116,0,0,289,107.0,68.0
1882,9832,1.0,116,279,287,283,107.0,68.0
1883,10120,0.0,120,0,0,288,108.0,69.0
1884,9826,1.0,120,289,297,293,108.0,69.0
1885,9826,0.0,120,289,297,294,108.0,69.0
1886,9826,0.0,120,289,297,294,108.0,69.0
1887,9826,0.0,120,289,297,294,108.0,69.0
1888,9826,0.0,120,289,297,292,108.0,69.0
1889,9826,0.0,120,289,297,296,108.0,69.0
1890,10124,0.0,124,0,0,302,109.0,70.0
1891,10124,0.0,124,0,0,304,109.0,70.0
1892,10124,0.0,124,0,0,307,109.0,70.0
1893,10124,0.0,124,0,0,308,109.0,70.0
1894,10124,0.0,124,0,0,307,109.0,70.0
1895,10124,0.0,124,0,0,310,109.0,70.0
1896,10124,0.0,124,0,0,309,109.0,70.0
1897,10124,0.0,124,0,0,308,109.0,70.0
1898,10124,0.0,124,0,0,310,109.0,70.0
1899,10124,0.0,124,0,0,323,109.0,70.0
1900,10124,0.0,124,0,0,324,109.0,70.0
1901,10124,0.0,124,0,0,331,109.0,70.0
1902,10124,0.0,124,0,0,329,109.0,70.0
1903,10124,0.0,124,0,0,333,109.0,70.0
1904,10124,0.0,124,0,0,334,109.0,70.0
1905,10124,0.0,124,0,0,336,109.0,70.0
1906,10124,0.0,124,0,0,336,109.0,70.0
1907,10124,0.0,124,0,0,336,109.0,70.0
1908,10124,0.0,124,0,0,335,109.0,70.0
1909,10124,0.0,124,0,0,330,109.0,70.0
1910,10124,0.0,124,0,0,332,109.0,70.0
1911,10124,0.0,124,0,0,336,109.0,70.0
1912,10124,0.0,124,0,0,336,109.0,70.0
1913,10124,0.0,124,0,0,339,109.0,70.0
1914,10124,0.0,124,0,0,339,109.0,70.0
1915,10124,0.0,124,0,0,341,109.0,70.0
1916,10124,0.0,124,0,0,343,109.0,70.0
1917,10124,0.0,124,0,0,339,109.0,70.0
1918,10124,0.0,124,0,0,337,109.0,70.0
1919,10124,0.0,124,0,0,337,109.0,70.0
1920,10124,0.0,124,0,0,329,109.0,70.0
1921,10124,0.0,124,0,0,336,109.0,70.0
1922,10124,0.0,124,0,0,330,109.0,70.0
1923,10124,0.0,124,0,0,330,109.0,70.0
1924,9794,1.0,124,325,333,329,109.0,70.0
1925,10120,0.0,120,0,0,323,110.0,70.0
1926,9793,1.0,120,322,330,326,110.0,70.0
1927,10124,0.0,124,0,0,334,111.0,71.0
1928,10124,0.0,124,0,0,334,111.0,71.0
1929,10124,0.0,124,0,0,333,111.0,71.0
1930,10124,0.0,124,0,0,342,111.0,71.0
1931,9784,1.0,124,335,343,339,111.0,71.0
1932,10120,0.0,120,0,0,328,112.0,71.0
1933,9785,1.0,120,330,338,334,112.0,71.0
1934,10116,0.0,116,0,0,324,113.0,71.0
1935,9792,1.0,116,319,327,323,113.0,71.0
1936,9792,0.0,116,319,327,319,113.0,71.0
1937,9792,0.0,116,319,327,327,113.0,71.0
1938,10120,0.0,120,0,0,333,114.0,72.0
1939,9785,1.0,120,330,338,334,114.0,72.0
1940,10124,0.0,124,0,0,342,115.0,73.0
1941,9782,1.0,124,337,345,341,115.0,73.0
1942,9782,0.0,124,337,345,341,115.0,73.0
1943,9782,0.0,124,337,345,339,115.0,73.0
1944,10120,0.0,120,0,0,336,116.0,73.0
1945,9785,1.0,120,330,338,334,116.0,73.0
1946,10116,0.0,116,0,0,329,117.0,73.0
1947,9799,1.0,116,312,320,316,117.0,73.0
1948,9799,0.0,116,312,320,313,117.0,73.0
1949,9799,0.0,116,312,320,314,117.0,73.0
1950,9799,0.0,116,312,320,314,117.0,73.0
1951,9799,0.0,116,312,320,314,117.0,73.0
1952,9799,0.0,116,312,320,318,117.0,73.0
1953,10112,0.0,112,0,0,304,118.0,73.0
1954,9801,1.0,112,306,314,310,118.0,73.0
1955,10108,0.0,108,0,0,302,119.0,73.0
1956,9804,1.0,108,299,307,303,119.0,73.0
1957,9804,0.0,108,299,307,301,119.0,73.0
1958,10104,0.0,104,0,0,296,120.0,73.0
1959,9807,1.0,104,292,300,296,120.0,73.0
1960,10100,0.0,100,0,0,288,121.0,73.0
1961,9803,1.0,100,292,300,296,121.0,73.0
1962,9803,0.0,100,292,300,299,121.0,73.0
1963,10104,0.0,104,0,0,308,122.0,74.0
1964,9793,1.0,104,306,314,310,122.0,74.0
1965,9793,0.0,104,306,314,308,122.0,74.0
1966,9793,0.0,104,306,314,313,122.0,74.0
1967,10100,0.0,100,0,0,301,123.0,74.0
1968,9794,1.0,100,301,309,305,123.0,74.0
1969,10096,0.0,96,0,0,300,124.0,74.0
1970,9791,1.0,96,300,308,304,124.0,74.0
1971,10100,0.0,100,0,0,311,125.0,75.0
1972,9797,1.0,100,298,306,302,125.0,75.0
1973,10096,0.0,96,0,0,295,126.0,75.0
1974,9801,1.0,96,291,299,295,126.0,75.0
1975,10100,0.0,100,0,0,300,127.0,76.0
1976,9800,1.0,100,295,303,299,127.0,76.0
1977,10096,0.0,96,0,0,290,128.0,76.0
1978,9808,1.0,96,283,291,287,128.0,76.0
1979,9808,0.0,96,283,291,287,128.0,76.0
1980,10092,0.0,92,0,0,280,129.0,76.0
1981,9797,1.0,92,290,298,294,129.0,76.0
1982,9797,0.0,92,290,298,297,129.0,76.0
1983,10096,0.0,96,0,0,298,130.0,77.0
1984,9801,1.0,96,290,298,294,130.0,77.0
1985,10100,0.0,100,0,0,300,131.0,78.0
1986,9804,1.0,100,291,299,295,131.0,78.0
1987,10096,0.0,96,0,0,289,132.0,78.0
1988,9817,1.0,96,274,282,278,132.0,78.0
1989,9817,0.0,96,274,282,275,132.0,78.0
1990,10100,0.0,100,0,0,288,133.0,79.0
1991,9814,1.0,100,281,289,285,133.0,79.0
1992,10096,0.0,96,0,0,280,134.0,79.0
1993,9819,1.0,96,272,280,276,134.0,79.0
1994,10100,0.0,100,0,0,287,135.0,80.0
1995,9805,1.0,100,290,298,294,135.0,80.0
1996,9805,0.0,100,290,298,295,135.0,80.0
1997,10104,0.0,104,0,0,300,136.0,81.0
1998,9804,1.0,104,295,303,299,136.0,81.0
1999,10108,0.0,108,0,0,304,137.0,82.0
2000,9808,1.0,108,295,303,299,137.0,82.0
2001,10112,0.0,112,0,0,304,138.0,83.0
2002,9808,1.0,112,299,307,303,138.0,83.0
2003,10116,0.0,116,0,0,310,139.0,84.0
2004,9800,1.0,116,311,319,315,139.0,84.0
2005,9800,0.0,116,311,319,313,139.0,84.0
2006,10112,0.0,112,0,0,308,140.0,84.0
2007,9802,1.0,112,305,313,309,140.0,84.0
2008,10116,0.0,116,0,0,314,141.0,85.0
2009,9805,1.0,116,306,314,310,141.0,85.0
2010,10112,0.0,112,0,0,299,142.0,85.0
2011,9810,1.0,112,297,305,301,142.0,85.0
2012,10108,0.0,108,0,0,296,143.0,85.0
2013,9822,1.0,108,281,289,285,143.0,85.0
2014,9822,0.0,108,281,289,282,143.0,85.0
2015,9822,0.0,108,281,289,287,143.0,85.0
2016,10104,0.0,104,0,0,279,144.0,85.0
2017,9823,1.0,104,276,284,280,144.0,85.0
2018,10108,0.0,108,0,0,285,145.0,86.0
2019,9821,1.0,108,282,290,286,145.0,86.0
2020,10104,0.0,104,0,0,280,146.0,86.0
2021,9829,1.0,104,270,278,274,146.0,86.0
2022,10108,0.0,108,0,0,280,147.0,87.0
2023,9837,1.0,108,266,274,270,147.0,87.0
2024,10112,0.0,112,0,0,283,148.0,88.0
2025,9822,1.0,112,285,293,289,148.0,88.0
2026,10108,0.0,108,0,0,277,149.0,88.0
2027,9823,1.0,108,280,288,284,149.0,88.0
2028,9823,0.0,108,280,288,281,149.0,88.0
2029,10112,0.0,112,0,0,289,150.0,89.0
2030,9834,1.0,112,273,281,277,150.0,89.0
2031,9834,0.0,112,273,281,274,150.0,89.0
2032,10108,0.0,108,0,0,264,151.0,89.0
2033,9838,1.0,108,265,273,269,151.0,89.0
2034,10104,0.0,104,0,0,260,152.0,89.0
2035,9848,1.0,104,251,259,255,152.0,89.0
2036,10108,0.0,108,0,0,261,153.0,90.0
2037,9846,1.0,108,257,265,261,153.0,90.0
2038,10112,0.0,112,0,0,266,154.0,91.0
2039,9857,1.0,112,250,258,254,154.0,91.0
2040,9857,0.0,112,250,258,253,154.0,91.0
2041,9857,0.0,112,250,258,252,154.0,91.0
2042,10116,0.0,116,0,0,260,155.0,92.0
2043,9856,1.0,116,255,263,259,155.0,92.0
2044,9856,0.0,116,255,263,262,155.0,92.0
2045,10120,0.0,120,0,0,265,156.0,93.0
2046,9846,1.0,120,269,277,273,156.0,93.0
2047,9846,0.0,120,269,277,271,156.0,93.0
2048,9846,0.0,120,269,277,272,156.0,93.0
2049,9846,0.0,120,269,277,274,156.0,93.0
2050,9846,0.0,120,269,277,270,156.0,93.0
2051,10116,0.0,116,0,0,268,157.0,93.0
2052,9843,1.0,116,268,276,272,157.0,93.0
2053,9843,0.0,116,268,276,270,157.0,93.0
2054,10112,0.0,112,0,0,264,158.0,93.0
2055,9859,1.0,112,248,256,252,158.0,93.0
2056,10108,0.0,108,0,0,242,159.0,93.0
2057,9863,1.0,108,240,248,244,159.0,93.0
2058,10112,0.0,112,0,0,251,160.0,94.0
2059,9867,1.0,112,240,248,244,160.0,94.0
2060,9867,0.0,112,240,248,247,160.0,94.0
2061,10116,0.0,116,0,0,253,161.0,95.0
2062,9862,1.0,116,249,257,253,161.0,95.0
2063,10120,0.0,120,0,0,258,162.0,96.0
2064,9852,1.0,120,263,271,267,162.0,96.0
2065,9852,0.0,120,263,271,264,162.0,96.0
2066,10116,0.0,116,0,0,256,163.0,96.0
2067,9855,1.0,116,256,264,260,163.0,96.0
2068,9855,0.0,116,256,264,256,163.0,96.0
2069,9855,0.0,116,256,264,259,163.0,96.0
2070,9855,0.0,116,256,264,262,163.0,96.0
2071,10120,0.0,120,0,0,266,164.0,97.0
2072,9851,1.0,120,264,272,268,164.0,97.0
2073,9851,0.0,120,264,272,267,164.0,97.0
2074,9851,0.0,120,264,272,264,164.0,97.0
2075,10116,0.0,116,0,0,253,165.0,97.0
2076,9863,1.0,116,248,256,252,165.0,97.0
2077,9863,0.0,116,248,256,254,165.0,97.0
2078,10120,0.0,120,0,0,256,166.0,98.0
2079,9865,1.0,120,250,258,254,166.0,98.0
2080,10124,0.0,124,0,0,259,167.0,99.0
2081,9861,1.0,124,258,266,262,167.0,99.0
2082,9861,0.0,124,258,266,264,167.0,99.0
2083,9861,0.0,124,258,266,260,167.0,99.0
2084,9861,0.0,124,258,266,258,167.0,99.0
2085,10120,0.0,120,0,0,251,168.0,99.0
2086,9851,1.0,120,264,272,268,168.0,99.0
2087,10124,0.0,124,0,0,276,169.0,100.0
2088,9843,1.0,124,276,284,280,169.0,100.0
2089,9843,0.0,124,276,284,278,169.0,100.0
2090,10120,0.0,120,0,0,274,170.0,100.0
2091,9837,1.0,120,278,286,282,170.0,100.0
2092,9837,0.0,120,278,286,283,170.0,100.0
2093,9837,0.0,120,278,286,282,170.0,100.0
2094,9837,0.0,120,278,286,280,170.0,100.0
2095,9837,0.0,120,278,286,282,170.0,100.0
2096,10124,0.0,124,0,0,289,171.0,101.0
2097,9836,1.0,124,283,291,287,171.0,101.0
2098,10128,0.0,128,0,0,291,172.0,102.0
2099,9834,1.0,128,289,297,293,172.0,102.0
2100,9834,0.0,128,289,297,292,172.0,102.0
2101,9834,0.0,128,289,297,291,172.0,102.0
2102,9834,0.0,128,289,297,290,172.0,102.0
2103,10124,0.0,124,0,0,286,173.0,102.0
2104,9846,1.0,124,273,281,277,173.0,102.0
2105,9846,0.0,124,273,281,276,173.0,102.0
2106,9846,0.0,124,273,281,275,173.0,102.0
2107,9846,0.0,124,273,281,278,173.0,102.0
2108,10120,0.0,120,0,0,268,174.0,102.0
2109,9854,1.0,120,261,269,265,174.0,102.0
2110,9854,0.0,120,261,269,262,174.0,102.0
2111,9854,0.0,120,261,269,261,174.0,102.0
2112,10116,0.0,116,0,0,260,175.0,102.0
2113,9859,1.0,116,252,260,256,175.0,102.0
2114,9859,0.0,116,252,260,253,175.0,102.0
2115,9859,0.0,116,252,260,258,175.0,102.0
2116,9859,0.0,116,252,260,258,175.0,102.0
2117,10120,0.0,120,0,0,264,176.0,103.0
2118,9853,1.0,120,262,270,266,176.0,103.0
2119,10116,0.0,116,0,0,251,177.0,103.0
2120,9863,1.0,116,248,256,252,177.0,103.0
2121,10112,0.0,112,0,0,245,178.0,103.0
2122,9867,1.0,112,240,248,244,178.0,103.0
2123,9867,0.0,112,240,248,244,178.0,103.0
2124,9867,0.0,112,240,248,242,178.0,103.0
2125,10108,0.0,108,0,0,238,179.0,103.0
2126,9867,1.0,108,236,244,240,179.0,103.0
2127,9867,0.0,108,236,244,237,179.0,103.0
2128,9867,0.0,108,236,244,237,179.0,103.0
2129,10104,0.0,104,0,0,236,180.0,103.0
2130,9862,1.0,104,237,245,241,180.0,103.0
2131,9862,0.0,104,237,245,237,180.0,103.0
2132,10100,0.0,100,0,0,232,181.0,103.0
2133,9859,1.0,100,236,244,240,181.0,103.0
2134,10104,0.0,104,0,0,248,182.0,104.0
2135,9854,1.0,104,245,253,249,182.0,104.0
2136,9854,0.0,104,245,253,246,182.0,104.0
2137,10100,0.0,100,0,0,234,183.0,104.0
2138,9870,1.0,100,225,233,229,183.0,104.0
2139,9870,0.0,100,225,233,225,183.0,104.0
2140,9870,0.0,100,225,233,225,183.0,104.0
2141,10104,0.0,104,0,0,234,184.0,105.0
2142,9875,1.0,104,224,232,228,184.0,105.0
2143,10108,0.0,108,0,0,237,185.0,106.0
2144,9869,1.0,108,234,242,238,185.0,106.0
2145,9869,0.0,108,234,242,236,185.0,106.0
2146,9869,0.0,108,234,242,236,185.0,106.0
2147,9869,0.0,108,234,242,242,185.0,106.0
2148,10112,0.0,112,0,0,247,186.0,107.0
2149,9861,1.0,112,246,254,250,186.0,107.0
2150,10108,0.0,108,0,0,231,187.0,107.0
2151,9881,1.0,108,222,230,226,187.0,107.0
2152,10112,0.0,112,0,0,235,188.0,108.0
2153,9879,1.0,112,228,236,232,188.0,108.0
2154,9879,0.0,112,228,236,228,188.0,108.0
2155,10108,0.0,108,0,0,220,189.0,108.0
2156,9893,1.0,108,210,218,214,189.0,108.0
2157,10112,0.0,112,0,0,221,190.0,109.0
2158,9884,1.0,112,223,231,227,190.0,109.0
2159,9884,0.0,112,223,231,228,190.0,109.0
2160,9884,0.0,112,223,231,224,190.0,109.0
2161,10116,0.0,116,0,0,242,191.0,110.0
2162,9868,1.0,116,243,251,247,191.0,110.0
2163,10112,0.0,112,0,0,241,192.0,110.0
2164,9870,1.0,112,237,245,241,192.0,110.0
2165,9870,0.0,112,237,245,241,192.0,110.0
2166,9870,0.0,112,237,245,241,192.0,110.0
2167,9870,0.0,112,237,245,241,192.0,110.0
2168,9870,0.0,112,237,245,242,192.0,110.0
2169,9870,0.0,112,237,245,245,192.0,110.0
2170,10116,0.0,116,0,0,247,193.0,111.0
2171,9868,1.0,116,243,251,247,193.0,111.0
2172,10112,0.0,112,0,0,241,194.0,111.0
2173,9871,1.0,112,236,244,240,194.0,111.0
2174,10116,0.0,116,0,0,255,195.0,112.0
2175,9861,1.0,116,250,258,254,195.0,112.0
2176,9861,0.0,116,250,258,255,195.0,112.0
2177,10112,0.0,112,0,0,250,196.0,112.0
2178,9866,1.0,112,241,249,245,196.0,112.0
2179,9866,0.0,112,241,249,244,196.0,112.0
2180,9866,0.0,112,241,249,247,196.0,112.0
2181,9866,0.0,112,241,249,245,196.0,112.0
2182,10116,0.0,116,0,0,252,197.0,113.0
2183,9859,1.0,116,252,260,256,197.0,113.0
2184,9859,0.0,116,252,260,257,197.0,113.0
2185,10112,0.0,112,0,0,249,198.0,113.0
2186,9867,1.0,112,240,248,244,198.0,113.0
2187,10108,0.0,108,0,0,240,199.0,113.0
2188,9866,1.0,108,237,245,241,199.0,113.0
2189,9866,0.0,108,237,245,244,199.0,113.0
2190,9866,0.0,108,237,245,238,199.0,113.0
2191,9866,0.0,108,237,245,238,199.0,113.0
2192,10104,0.0,104,0,0,236,200.0,113.0
2193,9869,1.0,104,230,238,234,200.0,113.0
2194,10108,0.0,108,0,0,241,201.0,114.0
2195,9868,1.0,108,235,243,239,201.0,114.0
2196,9868,0.0,108,235,243,239,201.0,114.0
2197,10104,0.0,104,0,0,229,202.0,114.0
2198,9881,1.0,104,218,226,222,202.0,114.0
2199,9881,0.0,104,218,226,224,202.0,114.0
2200,10108,0.0,108,0,0,227,203.0,115.0
2201,9879,1.0,108,224,232,228,203.0,115.0
2202,10112,0.0,112,0,0,235,204.0,116.0
2203,9873,1.0,112,234,242,238,204.0,116.0
2204,9873,0.0,112,234,242,239,204.0,116.0
2205,9873,0.0,112,234,242,240,204.0,116.0
2206,9873,0.0,112,234,242,235,204.0,116.0
2207,10108,0.0,108,0,0,231,205.0,116.0
2208,9867,1.0,108,236,244,240,205.0,116.0
2209,9867,0.0,108,236,244,242,205.0,116.0
2210,9867,0.0,108,236,244,242,205.0,116.0
2211,9867,0.0,108,236,244,240,205.0,116.0
2212,10112,0.0,112,0,0,248,206.0,117.0
2213,9863,1.0,112,244,252,248,206.0,117.0
2214,10108,0.0,108,0,0,242,207.0,117.0
2215,9860,1.0,108,243,251,247,207.0,117.0
2216,10112,0.0,112,0,0,252,208.0,118.0
2217,9847,1.0,112,260,268,264,208.0,118.0
2218,10108,0.0,108,0,0,258,209.0,118.0
2219,9851,1.0,108,252,260,256,209.0,118.0
2220,10112,0.0,112,0,0,267,210.0,119.0
2221,9845,1.0,112,262,270,266,210.0,119.0
2222,9845,0.0,112,262,270,263,210.0,119.0
2223,9845,0.0,112,262,270,263,210.0,119.0
2224,10116,0.0,116,0,0,271,211.0,120.0
2225,9843,1.0,116,268,276,272,211.0,120.0
2226,9843,0.0,116,268,276,269,211.0,120.0
2227,10112,0.0,112,0,0,262,212.0,120.0
2228,9853,1.0,112,254,262,258,212.0,120.0
2229,10108,0.0,108,0,0,252,213.0,120.0
2230,9856,1.0,108,247,255,251,213.0,120.0
2231,9856,0.0,108,247,255,254,213.0,120.0
2232,9856,0.0,108,247,255,249,213.0,120.0
2233,9856,0.0,108,247,255,250,213.0,120.0
2234,9856,0.0,108,247,255,249,213.0,120.0
2235,10104,0.0,104,0,0,246,214.0,120.0
2236,9852,1.0,104,247,255,251,214.0,120.0
2237,10108,0.0,108,0,0,255,215.0,121.0
2238,9851,1.0,108,252,260,256,215.0,121.0
2239,9851,0.0,108,252,260,254,215.0,121.0
2240,9851,0.0,108,252,260,253,215.0,121.0
2241,10104,0.0,104,0,0,252,216.0,121.0
2242,9855,1.0,104,244,252,248,216.0,121.0
2243,10108,0.0,108,0,0,253,217.0,122.0
2244,9847,1.0,108,256,264,260,217.0,122.0
2245,10112,0.0,112,0,0,265,218.0,123.0
2246,9835,1.0,112,272,280,276,218.0,123.0
2247,9835,0.0,112,272,280,279,218.0,123.0
2248,9835,0.0,112,272,280,272,218.0,123.0
2249,9835,0.0,112,272,280,273,218.0,123.0
2250,9835,0.0,112,272,280,272,218.0,123.0
2251,9835,0.0,112,272,280,277,218.0,123.0
2252,10116,0.0,116,0,0,280,219.0,124.0
2253,9839,1.0,116,272,280,276,219.0,124.0
2254,9839,0.0,116,272,280,275,219.0,124.0
2255,10120,0.0,120,0,0,280,220.0,125.0
2256,9835,1.0,120,280,288,284,220.0,125.0
2257,10124,0.0,124,0,0,288,221.0,126.0
2258,9836,1.0,124,283,291,287,221.0,126.0
2259,9836,0.0,124,283,291,287,221.0,126.0
2260,9836,0.0,124,283,291,284,221.0,126.0
2261,10128,0.0,128,0,0,291,222.0,127.0
2262,9838,1.0,128,285,293,289,222.0,127.0
2263,10124,0.0,124,0,0,282,223.0,127.0
2264,9840,1.0,124,279,287,283,223.0,127.0
2265,10128,0.0,128,0,0,289,224.0,128.0
2266,9841,1.0,128,282,290,286,224.0,128.0
2267,9841,0.0,128,282,290,288,224.0,128.0
2268,9841,0.0,128,282,290,288,224.0,128.0
2269,9841,0.0,128,282,290,288,224.0,128.0
2270,9841,0.0,128,282,290,286,224.0,128.0
2271,9841,0.0,128,282,290,285,224.0,128.0
2272,10124,0.0,124,0,0,281,225.0,128.0
2273,9848,1.0,124,271,279,275,225.0,128.0
2274,10128,0.0,128,0,0,295,226.0,129.0
2275,9823,1.0,128,300,308,304,226.0,129.0
2276,9823,0.0,128,300,308,307,226.0,129.0
2277,9823,0.0,128,300,308,305,226.0,129.0
2278,9823,0.0,128,300,308,305,226.0,129.0
2279,9823,0.0,128,300,308,304,226.0,129.0
2280,9823,0.0,128,300,308,305,226.0,129.0
2281,10132,0.0,132,0,0,310,227.0,130.0
2282,9823,1.0,132,304,312,308,227.0,130.0
2283,9823,0.0,132,304,312,307,227.0,130.0
2284,9823,0.0,132,304,312,312,227.0,130.0
2285,9823,0.0,132,304,312,310,227.0,130.0
2286,9823,0.0,132,304,312,308,227.0,130.0
2287,9823,0.0,132,304,312,309,227.0,130.0
2288,9823,0.0,132,304,312,311,227.0,130.0
2289,10136,0.0,136,0,0,314,228.0,131.0
2290,10136,0.0,136,0,0,318,228.0,131.0
2291,10136,0.0,136,0,0,318,228.0,131.0
2292,10136,0.0,136,0,0,321,228.0,131.0
2293,10136,0.0,136,0,0,315,228.0,131.0
2294,9822,1.0,136,309,317,313,228.0,131.0
2295,10140,0.0,140,0,0,325,229.0,132.0
2296,10140,0.0,140,0,0,332,229.0,132.0
2297,10140,0.0,140,0,0,331,229.0,132.0
2298,10140,0.0,140,0,0,328,229.0,132.0
2299,10140,0.0,140,0,0,332,229.0,132.0
2300,10140,0.0,140,0,0,335,229.0,132.0
2301,10140,0.0,140,0,0,335,229.0,132.0
2302,10140,0.0,140,0,0,333,229.0,132.0
2303,10140,0.0,140,0,0,323,229.0,132.0
2304,10140,0.0,140,0,0,325,229.0,132.0
2305,10140,0.0,140,0,0,326,229.0,132.0
2306,10140,0.0,140,0,0,331,229.0,132.0
2307,10140,0.0,140,0,0,334,229.0,132.0
2308,10140,0.0,140,0,0,337,229.0,132.0
2309,10140,0.0,140,0,0,348,229.0,132.0
2310,10140,0.0,140,0,0,342,229.0,132.0
2311,10140,0.0,140,0,0,338,229.0,132.0
2312,10140,0.0,140,0,0,333,229.0,132.0
2313,10140,0.0,140,0,0,339,229.0,132.0
2314,10140,0.0,140,0,0,335,229.0,132.0
2315,10140,0.0,140,0,0,328,229.0,132.0
2316,10140,0.0,140,0,0,334,229.0,132.0
2317,9804,1.0,140,331,339,335,229.0,132.0
2318,9804,0.0,140,331,339,335,229.0,132.0
2319,10144,0.0,144,0,0,340,230.0,133.0
2320,9806,1.0,144,333,341,337,230.0,133.0
2321,9806,0.0,144,333,341,338,230.0,133.0
2322,9806,0.0,144,333,341,341,230.0,133.0
2323,9806,0.0,144,333,341,337,230.0,133.0
2324,10140,0.0,140,0,0,331,231.0,133.0
2325,9807,1.0,140,328,336,332,231.0,133.0
2326,10144,0.0,144,0,0,337,232.0,134.0
2327,10144,0.0,144,0,0,342,232.0,134.0
2328,10144,0.0,144,0,0,345,232.0,134.0
2329,10144,0.0,144,0,0,345,232.0,134.0
2330,10144,0.0,144,0,0,359,232.0,134.0
2331,10144,0.0,144,0,0,355,232.0,134.0
2332,10144,0.0,144,0,0,346,232.0,134.0
2333,10144,0.0,144,0,0,343,232.0,134.0
2334,10144,0.0,144,0,0,345,232.0,134.0
2335,10144,0.0,144,0,0,350,232.0,134.0
2336,10144,0.0,144,0,0,337,232.0,134.0
2337,9813,1.0,144,326,334,330,232.0,134.0
2338,10148,0.0,148,0,0,338,233.0,135.0
2339,10148,0.0,148,0,0,335,233.0,135.0
2340,10148,0.0,148,0,0,336,233.0,135.0
2341,9820,1.0,148,323,331,327,233.0,135.0
2342,9820,0.0,148,323,331,326,233.0,135.0
2343,9820,0.0,148,323,331,327,233.0,135.0
2344,9820,0.0,148,323,331,330,233.0,135.0
2345,9820,0.0,148,323,331,326,233.0,135.0
2346,10144,0.0,144,0,0,322,234.0,135.0
2347,9821,1.0,144,318,326,322,234.0,135.0
2348,9821,0.0,144,318,326,321,234.0,135.0
2349,9821,0.0,144,318,326,324,234.0,135.0
2350,9821,0.0,144,318,326,321,234.0,135.0
2351,9821,0.0,144,318,326,320,234.0,135.0
2352,10140,0.0,140,0,0,316,235.0,135.0
2353,9823,1.0,140,312,320,316,235.0,135.0
2354,10144,0.0,144,0,0,321,236.0,136.0
2355,9821,1.0,144,318,326,322,236.0,136.0
2356,10148,0.0,148,0,0,327,237.0,137.0
2357,9828,1.0,148,315,323,319,237.0,137.0
2358,9828,0.0,148,315,323,322,237.0,137.0
2359,9828,0.0,148,315,323,323,237.0,137.0
2360,10152,0.0,152,0,0,328,238.0,138.0
2361,9823,1.0,152,324,332,328,238.0,138.0
2362,9823,0.0,152,324,332,327,238.0,138.0
2363,9823,0.0,152,324,332,328,238.0,138.0
2364,10156,0.0,156,0,0,333,239.0,139.0
2365,9823,1.0,156,328,336,332,239.0,139.0
2366,9823,0.0,156,328,336,329,239.0,139.0
2367,9823,0.0,156,328,336,334,239.0,139.0
2368,10160,0.0,160,0,0,337,240.0,140.0
2369,9828,1.0,160,327,335,331,240.0,140.0
2370,10164,0.0,164,0,0,336,241.0,141.0
2371,9825,1.0,164,334,342,338,241.0,141.0
2372,10160,0.0,160,0,0,330,242.0,141.0
2373,9830,1.0,160,325,333,329,242.0,141.0
2374,9830,0.0,160,325,333,328,242.0,141.0
2375,10156,0.0,156,0,0,320,243.0,141.0
2376,9836,1.0,156,315,323,319,243.0,141.0
2377,9836,0.0,156,315,323,317,243.0,141.0
2378,9836,0.0,156,315,323,317,243.0,141.0
2379,10152,0.0,152,0,0,312,244.0,141.0
2380,9839,1.0,152,308,316,312,244.0,141.0
2381,9839,0.0,152,308,316,313,244.0,141.0
2382,9839,0.0,152,308,316,315,244.0,141.0
2383,10156,0.0,156,0,0,321,245.0,142.0
2384,9842,1.0,156,309,317,313,245.0,142.0
2385,10160,0.0,160,0,0,318,246.0,143.0
2386,9840,1.0,160,315,323,319,246.0,143.0
2387,10164,0.0,164,0,0,327,247.0,144.0
2388,9834,1.0,164,325,333,329,247.0,144.0
2389,9834,0.0,164,325,333,328,247.0,144.0
2390,9834,0.0,164,325,333,332,247.0,144.0
2391,9834,0.0,164,325,333,331,247.0,144.0
2392,9834,0.0,164,325,333,327,247.0,144.0
2393,9834,0.0,164,325,333,332,247.0,144.0
2394,9834,0.0,164,325,333,332,247.0,144.0
2395,9834,0.0,164,325,333,330,247.0,144.0
2396,9834,0.0,164,325,333,331,247.0,144.0
2397,9834,0.0,164,325,333,326,247.0,144.0
2398,9834,0.0,164,325,333,329,247.0,144.0
2399,9834,0.0,164,325,333,330,247.0,144.0
2400,10168,0.0,168,0,0,340,248.0,145.0
2401,9840,1.0,168,323,331,327,248.0,145.0
2402,9840,0.0,168,323,331,329,248.0,145.0
2403,10172,0.0,172,0,0,337,249.0,146.0
2404,9833,1.0,172,334,342,338,249.0,146.0
2405,10176,0.0,176,0,0,346,250.0,147.0
2406,9827,1.0,176,344,352,348,250.0,147.0
2407,10180,0.0,180,0,0,352,251.0,148.0
2408,9823,1.0,180,352,360,356,251.0,148.0
2409,10184,0.0,184,0,0,360,252.0,149.0
2410,9820,1.0,184,359,367,363,252.0,149.0
2411,9820,0.0,184,359,367,360,252.0,149.0
2412,10188,0.0,188,0,0,369,253.0,150.0
2413,9821,1.0,188,362,370,366,253.0,150.0
2414,9821,0.0,188,362,370,370,253.0,150.0
2415,9821,0.0,188,362,370,369,253.0,150.0
2416,10192,0.0,192,0,0,376,254.0,151.0
2417,9822,1.0,192,365,373,369,254.0,151.0
2418,10196,0.0,196,0,0,377,255.0,152.0
2419,9822,1.0,196,369,377,373,255.0,152.0
2420,10200,0.0,200,0,0,377,256.0,153.0
2421,9822,1.0,200,373,381,377,256.0,153.0
2422,9822,0.0,200,373,381,378,256.0,153.0
2423,10204,0.0,204,0,0,382,257.0,154.0
2424,9825,1.0,204,374,382,378,257.0,154.0
2425,9825,0.0,204,374,382,378,257.0,154.0
2426,10200,0.0,200,0,0,374,258.0,154.0
2427,9830,1.0,200,365,373,369,258.0,154.0
2428,9830,0.0,200,365,373,372,258.0,154.0
2429,9830,0.0,200,365,373,368,258.0,154.0
2430,9830,0.0,200,365,373,370,258.0,154.0
2431,10204,0.0,204,0,0,374,259.0,155.0
2432,9832,1.0,204,367,375,371,259.0,155.0
2433,9832,0.0,204,367,375,374,259.0,155.0
2434,9832,0.0,204,367,375,374,259.0,155.0
2435,10200,0.0,200,0,0,365,260.0,155.0
2436,9829,1.0,200,366,374,370,260.0,155.0
2437,9829,0.0,200,366,374,372,260.0,155.0
2438,9829,0.0,200,366,374,373,260.0,155.0
2439,9829,0.0,200,366,374,370,260.0,155.0
2440,9829,0.0,200,366,374,373,260.0,155.0
2441,9829,0.0,200,366,374,374,260.0,155.0
2442,9829,0.0,200,366,374,374,260.0,155.0
2443,9829,0.0,200,366,374,374,260.0,155.0
2444,10204,0.0,204,0,0,375,261.0,156.0
2445,9827,1.0,204,372,380,376,261.0,156.0
2446,10200,0.0,200,0,0,370,262.0,156.0
2447,9829,1.0,200,366,374,370,262.0,156.0
2448,9829,0.0,200,366,374,367,262.0,156.0
2449,9829,0.0,200,366,374,367,262.0,156.0
2450,10204,0.0,204,0,0,374,263.0,157.0
2451,9828,1.0,204,371,379,375,263.0,157.0
2452,10208,0.0,208,0,0,382,264.0,158.0
2453,9823,1.0,208,380,388,384,264.0,158.0
2454,9823,0.0,208,380,388,388,264.0,158.0
2455,10212,0.0,212,0,0,390,265.0,159.0
2456,9822,1.0,212,385,393,389,265.0,159.0
2457,10216,0.0,216,0,0,393,266.0,160.0
2458,10216,0.0,216,0,0,398,266.0,160.0
2459,10216,0.0,216,0,0,396,266.0,160.0
2460,10216,0.0,216,0,0,398,266.0,160.0
2461,10216,0.0,216,0,0,402,266.0,160.0
2462,10216,0.0,216,0,0,404,266.0,160.0
2463,10216,0.0,216,0,0,403,266.0,160.0
2464,10216,0.0,216,0,0,409,266.0,160.0
2465,10216,0.0,216,0,0,408,266.0,160.0
2466,9818,1.0,216,393,401,397,266.0,160.0
2467,10220,0.0,220,0,0,403,267.0,161.0
2468,10220,0.0,220,0,0,411,267.0,161.0
2469,10220,0.0,220,0,0,405,267.0,161.0
2470,9814,1.0,220,401,409,405,267.0,161.0
2471,10224,0.0,224,0,0,414,268.0,162.0
2472,10224,0.0,224,0,0,414,268.0,162.0
2473,10224,0.0,224,0,0,420,268.0,162.0
2474,10224,0.0,224,0,0,415,268.0,162.0
2475,10224,0.0,224,0,0,406,268.0,162.0
2476,10224,0.0,224,0,0,409,268.0,162.0
2477,10224,0.0,224,0,0,406,268.0,162.0
2478,10224,0.0,224,0,0,404,268.0,162.0
2479,10224,0.0,224,0,0,402,268.0,162.0
2480,10224,0.0,224,0,0,402,268.0,162.0
2481,10224,0.0,224,0,0,411,268.0,162.0
2482,10224,0.0,224,0,0,410,268.0,162.0
2483,10224,0.0,224,0,0,407,268.0,162.0
2484,10224,0.0,224,0,0,407,268.0,162.0
2485,10224,0.0,224,0,0,407,268.0,162.0
2486,10224,0.0,224,0,0,413,268.0,162.0
2487,10224,0.0,224,0,0,415,268.0,162.0
2488,10224,0.0,224,0,0,414,268.0,162.0
2489,10224,0.0,224,0,0,402,268.0,162.0
2490,9821,1.0,224,398,406,402,268.0,162.0
2491,10228,0.0,228,0,0,409,269.0,163.0
2492,10228,0.0,228,0,0,406,269.0,163.0
2493,10228,0.0,228,0,0,404,269.0,163.0
2494,10228,0.0,228,0,0,415,269.0,163.0
2495,10228,0.0,228,0,0,415,269.0,163.0
2496,10228,0.0,228,0,0,425,269.0,163.0
2497,10228,0.0,228,0,0,416,269.0,163.0
2498,10228,0.0,228,0,0,417,269.0,163.0
2499,10228,0.0,228,0,0,421,269.0,163.0
2500,10228,0.0,228,0,0,425,269.0,163.0
2501,10228,0.0,228,0,0,429,269.0,163.0
2502,10228,0.0,228,0,0,428,269.0,163.0
2503,10228,0.0,228,0,0,422,269.0,163.0
2504,10228,0.0,228,0,0,421,269.0,163.0
2505,10228,0.0,228,0,0,421,269.0,163.0
2506,10228,0.0,228,0,0,420,269.0,163.0
2507,10228,0.0,228,0,0,424,269.0,163.0
2508,9806,1.0,228,417,425,421,269.0,163.0
2509,9806,0.0,228,417,425,420,269.0,163.0
2510,9806,0.0,228,417,425,417,269.0,163.0
2511,10232,0.0,232,0,0,425,270.0,164.0
2512,9807,1.0,232,420,428,424,270.0,164.0
2513,9807,0.0,232,420,428,426,270.0,164.0
2514,9807,0.0,232,420,428,423,270.0,164.0
2515,9807,0.0,232,420,428,427,270.0,164.0
2516,10229,0.0,232,420,428,421,270.0,164.0
