,Date,signal,rsi
1188,2019-01-02,0.0,
1189,2019-01-03,0.0,
1190,2019-01-04,0.0,
1191,2019-01-07,0.0,
1192,2019-01-08,0.0,
1193,2019-01-09,0.0,
1194,2019-01-10,0.0,
1195,2019-01-11,0.0,
1196,2019-01-14,0.0,
1197,2019-01-15,0.0,
1198,2019-01-16,0.0,
1199,2019-01-17,0.0,
1200,2019-01-18,0.0,
1201,2019-01-22,0.0,61.12195354327948
1202,2019-01-23,0.0,62.98188717275607
1203,2019-01-24,0.0,74.01747515967813
1204,2019-01-25,0.0,67.75068605168664
1205,2019-01-28,0.0,59.031120837481794
1206,2019-01-29,0.0,50.38631221100267
1207,2019-01-30,0.0,55.25137530504311
1208,2019-01-31,0.0,51.94198084545337
1209,2019-02-01,0.0,49.954985857112575
1210,2019-02-04,0.0,57.55218393503987
1211,2019-02-05,0.0,54.814815061063406
1212,2019-02-06,0.0,51.367273070416104
1213,2019-02-07,0.0,48.2135217667104
1214,2019-02-08,0.0,45.48672333349203
1215,2019-02-11,0.0,48.97570188437704
1216,2019-02-12,0.0,50.41666740252653
1217,2019-02-13,0.0,51.44071956332614
1218,2019-02-14,0.0,49.334655912066026
1219,2019-02-15,0.0,58.043029463058076
1220,2019-02-19,0.0,65.00284953160013
1221,2019-02-20,0.0,52.56496925879546
1222,2019-02-21,0.0,66.25325879906873
1223,2019-02-22,0.0,76.8877102214777
1224,2019-02-25,0.0,72.69199103413459
1225,2019-02-26,0.0,71.10014795252991
1226,2019-02-27,0.0,77.45972733464093
1227,2019-02-28,-1.0,82.00757014740763
1228,2019-03-01,-1.0,82.17635203417049
1229,2019-03-04,-1.0,83.34919463082397
1230,2019-03-05,0.0,75.50367715471577
1231,2019-03-06,0.0,76.27658313840524
1232,2019-03-07,0.0,66.35424539465834
1233,2019-03-08,0.0,62.09080662846343
1234,2019-03-11,0.0,69.84668433427383
1235,2019-03-12,0.0,78.10597624350419
1236,2019-03-13,0.0,75.12336566849439
1237,2019-03-14,0.0,70.90065581049515
1238,2019-03-15,0.0,73.07692307692315
1239,2019-03-18,0.0,75.41461076346744
1240,2019-03-19,0.0,77.02169410061612
1241,2019-03-20,0.0,77.09768550213488
1242,2019-03-21,-1.0,81.18407048981518
1243,2019-03-22,0.0,65.72552547828921
1244,2019-03-25,0.0,69.50262185300241
1245,2019-03-26,0.0,69.8966385345264
1246,2019-03-27,0.0,70.9042922044775
1247,2019-03-28,0.0,70.98036106440391
1248,2019-03-29,0.0,68.26302012324804
1249,2019-04-01,0.0,68.90752306714174
1250,2019-04-02,0.0,67.28074663368278
1251,2019-04-03,0.0,68.86393913615713
1252,2019-04-04,0.0,62.73059884191012
1253,2019-04-05,0.0,59.33975749377883
1254,2019-04-08,0.0,59.20838073451596
1255,2019-04-09,0.0,56.82170483034672
1256,2019-04-10,0.0,49.86499218520374
1257,2019-04-11,0.0,70.29697921938617
1258,2019-04-12,0.0,70.33367472231501
1259,2019-04-15,0.0,69.77325182518919
1260,2019-04-16,0.0,78.24851938378791
1261,2019-04-17,-1.0,80.55548063177456
1262,2019-04-18,-1.0,81.90357935316152
1263,2019-04-22,-1.0,80.30685297165049
1264,2019-04-23,-1.0,83.49404368617661
1265,2019-04-24,0.0,78.06230772563833
1266,2019-04-25,-1.0,89.12863966355094
1267,2019-04-26,-1.0,89.30812517469037
1268,2019-04-29,-1.0,88.43748342247225
1269,2019-04-30,-1.0,93.60553830093909
1270,2019-05-01,0.0,75.99724950053064
1271,2019-05-02,0.0,68.01468096117205
1272,2019-05-03,0.0,71.61498264200046
1273,2019-05-06,0.0,68.64492557336648
1274,2019-05-07,0.0,61.103319624914874
1275,2019-05-08,0.0,59.166682872901795
1276,2019-05-09,0.0,55.661877708162706
1277,2019-05-10,0.0,58.403982964940504
1278,2019-05-13,0.0,45.282155162347784
1279,2019-05-14,0.0,49.39394179595355
1280,2019-05-15,0.0,42.27160880820523
1281,2019-05-16,0.0,47.859037810790866
1282,2019-05-17,0.0,46.32988143459137
1283,2019-05-20,0.0,40.942909483996225
1284,2019-05-21,0.0,47.786817738539554
1285,2019-05-22,0.0,53.4369146163835
1286,2019-05-23,0.0,43.21357881949031
1287,2019-05-24,0.0,45.06460156160358
1288,2019-05-28,0.0,51.904786773872
1289,2019-05-29,0.0,48.417544161385806
1290,2019-05-30,0.0,50.612037571274456
1291,2019-05-31,0.0,41.02029874220086
1292,2019-06-03,0.0,40.892564797456615
1293,2019-06-04,0.0,46.29891350288756
1294,2019-06-05,0.0,49.579471210757454
1295,2019-06-06,0.0,47.438870637873286
1296,2019-06-07,0.0,56.8265409093838
1297,2019-06-10,0.0,63.43724390596628
1298,2019-06-11,0.0,61.035660935015116
1299,2019-06-12,0.0,58.16240561888382
1300,2019-06-13,0.0,63.500447396294476
1301,2019-06-14,0.0,63.612445576607854
1302,2019-06-17,0.0,64.46173068689558
1303,2019-06-18,0.0,71.09825406055506
1304,2019-06-19,0.0,70.78462671553807
1305,2019-06-20,0.0,78.63615304752581
1306,2019-06-21,-1.0,94.2635645466288
1307,2019-06-24,-1.0,93.40854601105809
1308,2019-06-25,0.0,70.51832908059228
1309,2019-06-26,0.0,67.93890393910465
1310,2019-06-27,0.0,60.05851243138016
1311,2019-06-28,0.0,55.371255355948335
1312,2019-07-01,0.0,62.8962290493581
1313,2019-07-02,0.0,67.96048862642735
1314,2019-07-03,0.0,68.0731521234096
1315,2019-07-05,0.0,65.90751850482879
1316,2019-07-08,0.0,64.4820448301262
1317,2019-07-09,0.0,55.25042060308011
1318,2019-07-10,0.0,58.157119544172154
1319,2019-07-11,0.0,55.786108760115205
1320,2019-07-12,0.0,57.41735493571594
1321,2019-07-15,0.0,54.59015081209399
1322,2019-07-16,0.0,68.8729129551813
1323,2019-07-17,0.0,61.72354586138305
1324,2019-07-18,0.0,61.45314792773678
1325,2019-07-19,0.0,63.407243333871705
1326,2019-07-22,0.0,63.73629221327594
1327,2019-07-23,0.0,63.59076940029875
1328,2019-07-24,0.0,65.4943091246916
1329,2019-07-25,0.0,64.69490913467325
1330,2019-07-26,0.0,68.71795808124742
1331,2019-07-29,0.0,69.8523299885857
1332,2019-07-30,0.0,61.57411986108795
1333,2019-07-31,0.0,42.56806040490711
1334,2019-08-01,0.0,47.31114519327518
1335,2019-08-02,0.0,44.04051316186713
1336,2019-08-05,1.0,37.608131823758725
1337,2019-08-06,0.0,46.29454812217074
1338,2019-08-07,0.0,47.380511773339286
1339,2019-08-08,0.0,54.50935079437346
1340,2019-08-09,0.0,48.533033711777584
1341,2019-08-12,0.0,43.16405598073576
1342,2019-08-13,0.0,46.071170029861555
1343,2019-08-14,0.0,40.006423721014066
1344,2019-08-15,1.0,37.326268443593484
1345,2019-08-16,0.0,42.42893774171919
1346,2019-08-19,0.0,47.14369672232796
1347,2019-08-20,0.0,51.595213180276794
1348,2019-08-21,0.0,51.186212060727634
1349,2019-08-22,0.0,51.43697607132856
1350,2019-08-23,0.0,51.945895783405994
1351,2019-08-26,0.0,51.270892137855576
1352,2019-08-27,0.0,50.77703700610711
1353,2019-08-28,0.0,43.637764047295725
1354,2019-08-29,0.0,50.74407885590917
1355,2019-08-30,0.0,53.99768967366641
1356,2019-09-03,0.0,44.85942020370757
1357,2019-09-04,0.0,58.344769845284404
1358,2019-09-05,0.0,63.276366848978924
1359,2019-09-06,0.0,56.60293125884555
1360,2019-09-09,0.0,47.95778242909293
1361,2019-09-10,0.0,47.32791720454778
1362,2019-09-11,0.0,43.51627813221856
1363,2019-09-12,0.0,49.38037611631575
1364,2019-09-13,0.0,61.70340191448002
1365,2019-09-16,0.0,52.798992067775295
1366,2019-09-17,0.0,55.003007337904485
1367,2019-09-18,0.0,58.486249167723145
1368,2019-09-19,0.0,58.46244486970955
1369,2019-09-20,0.0,54.20212502607382
1370,2019-09-23,0.0,58.96990986026928
1371,2019-09-24,0.0,49.2836681228817
1372,2019-09-25,0.0,47.97177529315517
1373,2019-09-26,0.0,51.354639882364545
1374,2019-09-27,0.0,50.63749678055324
1375,2019-09-30,0.0,59.03244524636914
1376,2019-10-01,0.0,52.602773169948634
1377,2019-10-02,0.0,42.55316621782451
1378,2019-10-03,0.0,47.48790354681865
1379,2019-10-04,0.0,54.1531160850272
1380,2019-10-07,0.0,49.37179105759925
1381,2019-10-08,0.0,43.46628513859544
1382,2019-10-09,0.0,43.51809071534568
1383,2019-10-10,0.0,49.19279112700589
1384,2019-10-11,0.0,51.26521500682498
1385,2019-10-14,0.0,55.50482189155021
1386,2019-10-15,0.0,55.59495802864019
1387,2019-10-16,0.0,52.098433563159844
1388,2019-10-17,0.0,54.989833948009796
1389,2019-10-18,0.0,46.07178588554277
1390,2019-10-21,0.0,53.455248622211464
1391,2019-10-22,0.0,54.451354258644685
1392,2019-10-23,0.0,52.586227449897116
1393,2019-10-24,0.0,54.685913815266346
1394,2019-10-25,0.0,59.39616107137325
1395,2019-10-28,0.0,70.07542391345773
1396,2019-10-29,0.0,61.469268111156694
1397,2019-10-30,0.0,63.16292511229037
1398,2019-10-31,0.0,58.545630077134994
1399,2019-11-01,0.0,59.55982512220667
1400,2019-11-04,0.0,57.22598018430417
1401,2019-11-05,0.0,60.35806245409681
1402,2019-11-06,0.0,61.36243531086492
1403,2019-11-07,0.0,69.9708081281702
1404,2019-11-08,0.0,71.11609752256936
1405,2019-11-11,-1.0,80.59041439230927
1406,2019-11-12,-1.0,80.69952050688455
1407,2019-11-13,0.0,77.19551718779209
1408,2019-11-14,0.0,77.12800982162723
1409,2019-11-15,0.0,74.16383010211632
1410,2019-11-18,-1.0,84.22964095302609
1411,2019-11-19,-1.0,81.27697942710311
1412,2019-11-20,-1.0,85.6327598686042
1413,2019-11-21,-1.0,83.64477734857546
1414,2019-11-22,-1.0,82.14276678026403
1415,2019-11-25,-1.0,86.04887354887354
1416,2019-11-26,-1.0,90.704771523602
1417,2019-11-27,-1.0,90.78945539516013
1418,2019-11-29,0.0,79.71486843492184
1419,2019-12-02,0.0,65.92591022760988
1420,2019-12-03,0.0,61.11104383261379
1421,2019-12-04,0.0,62.2350668709005
1422,2019-12-05,0.0,59.62920126470089
1423,2019-12-06,0.0,59.25152825406291
1424,2019-12-09,0.0,55.29046217842281
1425,2019-12-10,0.0,53.76784007831377
1426,2019-12-11,0.0,60.81080866736351
1427,2019-12-12,0.0,67.05990517967123
1428,2019-12-13,0.0,70.24589138754784
1429,2019-12-16,0.0,68.5986084950178
1430,2019-12-17,0.0,61.465526993572894
1431,2019-12-18,0.0,58.813357404511244
1432,2019-12-19,0.0,67.99666158886554
1433,2019-12-20,-1.0,83.02518724058476
1434,2019-12-23,-1.0,84.73414905450501
1435,2019-12-24,-1.0,83.76682915347203
1436,2019-12-26,-1.0,85.35600753063177
1437,2019-12-27,-1.0,83.28719065029482
1438,2019-12-30,0.0,76.3759058684903
1439,2019-12-31,0.0,78.1008644893665
1440,2020-01-02,-1.0,81.76632138824314
1441,2020-01-03,0.0,68.55166883621865
1442,2020-01-06,0.0,66.5197926959608
1443,2020-01-07,0.0,57.28500270580082
1444,2020-01-08,0.0,67.15370640732576
1445,2020-01-09,0.0,72.15842499986861
1446,2020-01-10,0.0,66.72605172756128
1447,2020-01-13,0.0,67.19388576025744
1448,2020-01-14,0.0,62.95280160393144
1449,2020-01-15,0.0,65.07274100016497
1450,2020-01-16,0.0,67.90830736764786
1451,2020-01-17,0.0,68.86005259261512
1452,2020-01-21,0.0,71.40798824464513
1453,2020-01-22,0.0,68.6046511627907
1454,2020-01-23,0.0,65.56123521416015
1455,2020-01-24,0.0,66.64936072210108
1456,2020-01-27,0.0,57.51271212745425
1457,2020-01-28,0.0,66.86643734951879
1458,2020-01-29,0.0,66.96541667942031
1459,2020-01-30,0.0,70.42414397479298
1460,2020-01-31,0.0,65.89201671755654
1461,2020-02-03,0.0,68.38965800721783
1462,2020-02-04,0.0,75.86997430100128
1463,2020-02-05,0.0,74.63168088391193
1464,2020-02-06,0.0,75.17299214930013
1465,2020-02-07,0.0,74.68388846241679
1466,2020-02-10,0.0,79.04236967055482
1467,2020-02-11,0.0,72.48080845207888
1468,2020-02-12,0.0,71.97654777140825
1469,2020-02-13,0.0,73.19256326426631
1470,2020-02-14,0.0,79.47866655436073
1471,2020-02-18,0.0,78.77345590922326
1472,2020-02-19,0.0,77.25213007057513
1473,2020-02-20,0.0,67.41472176450418
1474,2020-02-21,0.0,61.389647555205016
1475,2020-02-24,0.0,45.66458780592936
1476,2020-02-25,1.0,33.86017663086797
1477,2020-02-26,1.0,37.59244882114984
1478,2020-02-27,1.0,23.193566553690914
1479,2020-02-28,1.0,28.56581671029454
1480,2020-03-02,1.0,36.04629937428504
1481,2020-03-03,1.0,33.67195369807591
1482,2020-03-04,1.0,39.401192926864695
1483,2020-03-05,1.0,37.55707349956301
1484,2020-03-06,1.0,33.74350291302325
1485,2020-03-09,1.0,27.733853776601052
1486,2020-03-10,1.0,35.74518781297142
1487,2020-03-11,1.0,34.11085071726073
1488,2020-03-12,1.0,31.288461160655984
1489,2020-03-13,0.0,44.87680700602625
1490,2020-03-16,1.0,38.19509598117616
1491,2020-03-17,0.0,41.99131800626694
1492,2020-03-18,0.0,43.71820502707485
1493,2020-03-19,0.0,43.107150221840904
1494,2020-03-20,1.0,36.8331213302193
1495,2020-03-23,1.0,38.82666948408902
1496,2020-03-24,0.0,41.712069674518425
1497,2020-03-25,0.0,42.6218270508533
1498,2020-03-26,0.0,47.98702114773441
1499,2020-03-27,0.0,49.649070137430314
1500,2020-03-30,0.0,49.73726215310702
1501,2020-03-31,0.0,51.61213848569064
1502,2020-04-01,0.0,55.549883966027046
1503,2020-04-02,0.0,48.23179504046487
1504,2020-04-03,0.0,61.65632282073974
1505,2020-04-06,0.0,61.79661307353999
1506,2020-04-07,0.0,65.42006704735849
1507,2020-04-08,0.0,65.10781609909247
1508,2020-04-09,0.0,70.18155191102784
1509,2020-04-13,0.0,71.76124495571463
1510,2020-04-14,0.0,69.91206784221046
1511,2020-04-15,0.0,69.47566938799322
1512,2020-04-16,0.0,67.42715034733145
1513,2020-04-17,0.0,76.17756044432957
1514,2020-04-20,0.0,65.38063591928949
1515,2020-04-21,0.0,59.550354169531474
1516,2020-04-22,0.0,70.18670231560823
1517,2020-04-23,0.0,65.54444953266639
1518,2020-04-24,0.0,69.29955667640334
1519,2020-04-27,0.0,60.27140943546038
1520,2020-04-28,0.0,56.99114213731764
1521,2020-04-29,0.0,62.01640245524028
1522,2020-04-30,0.0,63.28612283336773
1523,2020-05-01,0.0,57.916821223417465
1524,2020-05-04,0.0,54.821762753612944
1525,2020-05-05,0.0,58.31459560072616
1526,2020-05-06,0.0,55.497798732929205
1527,2020-05-07,0.0,55.04846327538774
1528,2020-05-08,0.0,60.22098981753003
1529,2020-05-11,0.0,72.58833461036367
1530,2020-05-12,0.0,61.12346279441398
1531,2020-05-13,0.0,60.14121895625778
1532,2020-05-14,0.0,57.72209863431531
1533,2020-05-15,0.0,61.15054571153541
1534,2020-05-18,0.0,69.68196018873789
1535,2020-05-19,0.0,59.68146225048417
1536,2020-05-20,0.0,59.99379624152476
1537,2020-05-21,0.0,64.83586845765717
1538,2020-05-22,0.0,59.09620753832086
1539,2020-05-26,0.0,51.576512766234146
1540,2020-05-27,0.0,48.488622255077516
1541,2020-05-28,0.0,45.319122963763405
1542,2020-05-29,0.0,47.05399356201588
1543,2020-06-01,0.0,41.36101896054146
1544,2020-06-02,0.0,55.8593985741075
1545,2020-06-03,0.0,65.43753763261185
1546,2020-06-04,0.0,56.02622079919731
1547,2020-06-05,0.0,59.404083076593125
1548,2020-06-08,0.0,58.25753242949308
1549,2020-06-09,0.0,64.65557547372919
1550,2020-06-10,0.0,71.45048680577199
1551,2020-06-11,0.0,54.12792639581407
1552,2020-06-12,0.0,55.909490895882016
1553,2020-06-15,0.0,60.51354876458182
1554,2020-06-16,0.0,64.90873356701255
1555,2020-06-17,0.0,66.1713004832462
1556,2020-06-18,0.0,66.36615291961479
1557,2020-06-19,0.0,65.14256349856807
1558,2020-06-22,0.0,67.78736564507003
1559,2020-06-23,0.0,68.42573600437335
1560,2020-06-24,0.0,66.02921200886416
1561,2020-06-25,0.0,64.67827529417303
1562,2020-06-26,0.0,58.37008880926358
1563,2020-06-29,0.0,58.9478012401081
1564,2020-06-30,0.0,57.20146439523515
1565,2020-07-01,0.0,74.9525874642496
1566,2020-07-02,0.0,75.01347817771747
1567,2020-07-06,0.0,77.02431815881948
1568,2020-07-07,0.0,69.27519181667668
1569,2020-07-08,0.0,72.13620760954967
1570,2020-07-09,0.0,71.73911761497165
1571,2020-07-10,0.0,72.65165747021497
1572,2020-07-13,0.0,57.72705703435296
1573,2020-07-14,0.0,57.66666957310269
1574,2020-07-15,0.0,63.33681417758368
1575,2020-07-16,0.0,54.49071973938323
1576,2020-07-17,0.0,58.87774892942366
1577,2020-07-20,0.0,65.12644099093032
1578,2020-07-21,0.0,56.34690371995695
1579,2020-07-22,0.0,58.18055367186426
1580,2020-07-23,0.0,46.33425335112819
1581,2020-07-24,0.0,40.11359675335136
1582,2020-07-27,0.0,45.382039731773325
1583,2020-07-28,1.0,37.959463097468515
1584,2020-07-29,1.0,38.710377184887825
1585,2020-07-30,1.0,39.132363808933455
1586,2020-07-31,0.0,47.38974598722147
1587,2020-08-03,0.0,58.237765114134014
1588,2020-08-04,0.0,54.98575556373481
1589,2020-08-05,0.0,59.226683906687896
1590,2020-08-06,0.0,63.141464605564046
1591,2020-08-07,0.0,50.94826449395585
1592,2020-08-10,0.0,49.47676850902657
1593,2020-08-11,0.0,41.571000859901226
1594,2020-08-12,0.0,57.18920145864176
1595,2020-08-13,0.0,58.131861424708134
1596,2020-08-14,0.0,55.85166686823132
1597,2020-08-17,0.0,59.6721254065289
1598,2020-08-18,0.0,58.87270849451885
1599,2020-08-19,0.0,56.66666783592209
1600,2020-08-20,0.0,60.12270295117187
1601,2020-08-21,0.0,45.28151838376365
1602,2020-08-24,0.0,50.576049777380874
1603,2020-08-25,0.0,54.75100465608395
1604,2020-08-26,0.0,56.24672841668479
1605,2020-08-27,0.0,67.63381969596928
1606,2020-08-28,0.0,77.12709347446628
1607,2020-08-31,-1.0,80.26780218552067
1608,2020-09-01,0.0,77.79825105936322
1609,2020-09-02,-1.0,81.51604644603665
1610,2020-09-03,0.0,58.30696897330041
1611,2020-09-04,0.0,53.800498167368104
1612,2020-09-08,0.0,42.948409403469306
1613,2020-09-09,0.0,51.14470608862096
1614,2020-09-10,0.0,43.46715138070553
1615,2020-09-11,0.0,43.60323833012721
1616,2020-09-14,0.0,44.16737034540162
1617,2020-09-15,0.0,44.62763383158402
1618,2020-09-16,1.0,38.600966130966754
1619,2020-09-17,1.0,32.422391019044156
1620,2020-09-18,1.0,28.88032038045749
1621,2020-09-21,1.0,32.65951244124882
1622,2020-09-22,1.0,35.7050144588259
1623,2020-09-23,1.0,28.394540459368713
1624,2020-09-24,1.0,38.26708544390447
1625,2020-09-25,0.0,44.79015267692755
1626,2020-09-28,0.0,56.55199077984403
1627,2020-09-29,0.0,45.550896424208425
1628,2020-09-30,0.0,55.84354929927889
1629,2020-10-01,0.0,59.75017674841511
1630,2020-10-02,0.0,50.81047211530719
1631,2020-10-05,0.0,51.634659814038706
1632,2020-10-06,0.0,50.865539396854416
1633,2020-10-07,0.0,56.7236622253324
1634,2020-10-08,0.0,60.253567802840244
1635,2020-10-09,0.0,62.573427632992384
1636,2020-10-12,0.0,63.07029624804596
1637,2020-10-13,0.0,73.14486579029915
1638,2020-10-14,0.0,68.59607331280631
1639,2020-10-15,0.0,63.43011768094183
1640,2020-10-16,0.0,62.03485154492458
1641,2020-10-19,0.0,57.61155315526742
1642,2020-10-20,0.0,55.013918154380846
1643,2020-10-21,0.0,52.84671045059828
1644,2020-10-22,0.0,62.45704095709139
1645,2020-10-23,0.0,59.12066150935005
1646,2020-10-26,0.0,56.17777785815337
1647,2020-10-27,0.0,55.18181780350093
1648,2020-10-28,0.0,40.775326227055245
1649,2020-10-29,1.0,36.00808103521038
1650,2020-10-30,1.0,23.918451062985213
1651,2020-11-02,1.0,20.646270999924
1652,2020-11-03,1.0,30.536807360113627
1653,2020-11-04,0.0,46.43246329717018
1654,2020-11-05,0.0,53.44205378166535
1655,2020-11-06,0.0,59.953897482171975
1656,2020-11-09,0.0,53.55378635089696
1657,2020-11-10,0.0,46.83374422855804
1658,2020-11-11,0.0,51.271059109214114
1659,2020-11-12,0.0,49.39296679578909
1660,2020-11-13,0.0,55.359218579343406
1661,2020-11-16,0.0,53.458458534112005
1662,2020-11-17,0.0,61.84158899992978
1663,2020-11-18,0.0,56.22552895689692
1664,2020-11-19,0.0,59.91628195274796
1665,2020-11-20,0.0,57.74106601668796
1666,2020-11-23,0.0,53.81426981293755
1667,2020-11-24,0.0,46.990246427816835
1668,2020-11-25,1.0,36.596473630388985
1669,2020-11-27,1.0,38.23120687445181
1670,2020-11-30,0.0,43.228848027620764
1671,2020-12-01,0.0,59.752470827409546
1672,2020-12-02,0.0,47.31327592520404
1673,2020-12-03,0.0,47.27024829935046
1674,2020-12-04,0.0,44.88826167085075
1675,2020-12-07,0.0,42.78703106118349
1676,2020-12-08,0.0,54.00928316006355
1677,2020-12-09,0.0,51.785719692038484
1678,2020-12-10,0.0,45.273641282893664
1679,2020-12-11,0.0,56.89572239958592
1680,2020-12-14,0.0,59.52492295971155
1681,2020-12-15,0.0,50.75886688458439
1682,2020-12-16,0.0,61.79680024062741
1683,2020-12-17,0.0,59.649953893212206
1684,2020-12-18,0.0,60.57061373521047
1685,2020-12-21,0.0,63.72632636378858
1686,2020-12-22,0.0,68.04214386583038
1687,2020-12-23,0.0,63.27330581889685
1688,2020-12-24,0.0,65.45120808677102
1689,2020-12-28,0.0,68.21444423374663
1690,2020-12-29,0.0,64.34108943922583
1691,2020-12-30,0.0,68.54352449396546
1692,2020-12-31,0.0,72.79691784225577
1693,2021-01-04,0.0,57.88537932660363
1694,2021-01-05,0.0,56.76169017854907
1695,2021-01-06,0.0,47.146319454352415
1696,2021-01-07,0.0,48.53679361575548
1697,2021-01-08,0.0,50.285546721648274
1698,2021-01-11,0.0,48.485695092189246
1699,2021-01-12,1.0,39.0194917004098
1700,2021-01-13,1.0,39.124204962119514
1701,2021-01-14,1.0,38.6813796986411
1702,2021-01-15,1.0,35.13831248085924
1703,2021-01-19,1.0,38.02024577969768
1704,2021-01-20,0.0,50.222746153103095
1705,2021-01-21,0.0,54.030885495886366
1706,2021-01-22,0.0,54.29963438369342
1707,2021-01-25,0.0,64.83709041235447
1708,2021-01-26,0.0,66.98047313372533
1709,2021-01-27,0.0,77.59956144751689
1710,2021-01-28,0.0,77.59357531699719
1711,2021-01-29,0.0,64.33551756693183
1712,2021-02-01,0.0,72.7983462734796
1713,2021-02-02,0.0,76.61326748723175
1714,2021-02-03,0.0,77.62123407169545
1715,2021-02-04,-1.0,81.55888837062831
1716,2021-02-05,-1.0,82.29509607370385
1717,2021-02-08,-1.0,80.81933556488262
1718,2021-02-09,0.0,77.26636765769598
1719,2021-02-10,0.0,74.82616856068171
1720,2021-02-11,0.0,75.30024095903873
1721,2021-02-12,0.0,73.03339521421206
1722,2021-02-16,0.0,67.73790865480753
1723,2021-02-17,0.0,67.66729918920376
1724,2021-02-18,0.0,59.218513842604104
1725,2021-02-19,0.0,70.2836375128388
1726,2021-02-22,1.0,37.750255100741995
1727,2021-02-23,1.0,35.86959826846032
1728,2021-02-24,1.0,28.736807912142595
1729,2021-02-25,1.0,23.363363925828807
1730,2021-02-26,1.0,32.23590397562127
1731,2021-03-01,0.0,41.34043212059464
1732,2021-03-02,1.0,35.31155778666948
1733,2021-03-03,1.0,30.465936099031353
1734,2021-03-04,1.0,26.766079018327275
1735,2021-03-05,1.0,34.28035249620318
1736,2021-03-08,1.0,32.080867876551025
1737,2021-03-09,1.0,39.863816816191886
1738,2021-03-10,1.0,39.14040707588004
1739,2021-03-11,0.0,46.460181721305524
1740,2021-03-12,0.0,51.261193059302194
1741,2021-03-15,0.0,51.57592335758103
1742,2021-03-16,0.0,53.12995351030452
1743,2021-03-17,0.0,58.82866600396945
1744,2021-03-18,0.0,48.28936320094597
1745,2021-03-19,0.0,42.5671224219627
1746,2021-03-22,0.0,52.260137081721666
1747,2021-03-23,0.0,61.87766137746442
1748,2021-03-24,0.0,60.04141317274469
1749,2021-03-25,0.0,50.88685243460164
1750,2021-03-26,0.0,60.912354153172465
1751,2021-03-29,0.0,52.00000836097685
1752,2021-03-30,0.0,49.26032720249428
1753,2021-03-31,0.0,48.198197651828735
1754,2021-04-01,0.0,57.685148728765945
1755,2021-04-05,0.0,64.63465661774794
1756,2021-04-06,0.0,60.79097826912186
1757,2021-04-07,0.0,63.28513046112778
1758,2021-04-08,0.0,74.79639270479967
1759,2021-04-09,0.0,76.75199123019902
1760,2021-04-12,0.0,73.66919831529634
1761,2021-04-13,0.0,74.27442797244426
1762,2021-04-14,0.0,72.95324267604082
1763,2021-04-15,-1.0,80.4211618696946
1764,2021-04-16,0.0,79.06086374156416
1765,2021-04-19,0.0,77.64705079814264
1766,2021-04-20,-1.0,83.35441584109581
1767,2021-04-21,-1.0,82.65335426750687
1768,2021-04-22,0.0,71.28093505664881
1769,2021-04-23,0.0,68.8279708598033
1770,2021-04-26,0.0,71.8900523739047
1771,2021-04-27,0.0,70.35421092502018
1772,2021-04-28,0.0,51.943045755681176
1773,2021-04-29,0.0,44.9637786695639
1774,2021-04-30,0.0,44.42114564952064
1775,2021-05-03,1.0,39.36475860249244
1776,2021-05-04,1.0,37.94059626437116
1777,2021-05-05,1.0,28.1007749949992
1778,2021-05-06,1.0,32.672293430633744
1779,2021-05-07,0.0,40.33846421101311
1780,2021-05-10,1.0,35.14741316184562
1781,2021-05-11,1.0,30.030615274002216
1782,2021-05-12,1.0,27.144637197818398
1783,2021-05-13,1.0,27.236197511515
1784,2021-05-14,1.0,34.95059746427283
1785,2021-05-17,1.0,32.16485454392212
1786,2021-05-18,1.0,36.254792579462865
1787,2021-05-19,1.0,38.18867547902059
1788,2021-05-20,0.0,43.33800941565376
1789,2021-05-21,0.0,42.35777459377862
1790,2021-05-24,0.0,53.299499736481856
1791,2021-05-25,0.0,55.8424224970216
1792,2021-05-26,0.0,52.10025062291564
1793,2021-05-27,0.0,46.19104008136051
1794,2021-05-28,0.0,53.430299020572576
1795,2021-06-01,0.0,51.54884694458401
1796,2021-06-02,0.0,63.54440516309339
1797,2021-06-03,0.0,54.751792774575996
1798,2021-06-04,0.0,54.68750592660702
1799,2021-06-07,0.0,65.29602416311832
1800,2021-06-08,0.0,67.34921253933959
1801,2021-06-09,0.0,68.47867536485428
1802,2021-06-10,0.0,68.79806700337012
1803,2021-06-11,0.0,72.74682995112927
1804,2021-06-14,0.0,68.70641684421606
1805,2021-06-15,0.0,63.311915559068765
1806,2021-06-16,0.0,61.46360904693989
1807,2021-06-17,0.0,71.43916009384485
1808,2021-06-18,0.0,67.33026819258316
1809,2021-06-21,0.0,76.21345505352394
1810,2021-06-22,0.0,78.60509843907826
1811,2021-06-23,-1.0,82.08655750901491
1812,2021-06-24,0.0,79.64201654568332
1813,2021-06-25,0.0,72.00621133640793
1814,2021-06-28,0.0,78.91146651107448
1815,2021-06-29,-1.0,80.09453304840717
1816,2021-06-30,0.0,75.83198770990859
1817,2021-07-01,0.0,75.87759366932134
1818,2021-07-02,0.0,79.07652060431462
1819,2021-07-06,-1.0,83.2529032135943
1820,2021-07-07,-1.0,87.1988521949255
1821,2021-07-08,0.0,78.19111262946514
1822,2021-07-09,-1.0,82.64547769905293
1823,2021-07-12,0.0,78.50211739962484
1824,2021-07-13,0.0,79.13369218762034
1825,2021-07-14,-1.0,80.96268502106305
1826,2021-07-15,0.0,75.69892379026216
1827,2021-07-16,0.0,79.66809373773282
1828,2021-07-19,0.0,65.61209394601542
1829,2021-07-20,0.0,65.12609792916135
1830,2021-07-21,0.0,68.91213867494542
1831,2021-07-22,0.0,72.86167937114512
1832,2021-07-23,0.0,70.5260118860259
1833,2021-07-26,0.0,69.05317861828503
1834,2021-07-27,0.0,60.969169420813756
1835,2021-07-28,0.0,65.74800827491595
1836,2021-07-29,0.0,65.45125232186886
1837,2021-07-30,0.0,63.23682034021708
1838,2021-08-02,0.0,57.64939323531235
1839,2021-08-03,0.0,58.909907656881856
1840,2021-08-04,0.0,60.960035351605654
1841,2021-08-05,0.0,65.8132074329641
1842,2021-08-06,0.0,75.88358379786541
1843,2021-08-09,0.0,69.69827983074526
1844,2021-08-10,0.0,61.11114848817981
1845,2021-08-11,0.0,52.19512114435432
1846,2021-08-12,0.0,50.393657539395626
1847,2021-08-13,0.0,59.40602286410106
1848,2021-08-16,0.0,70.73050887900936
1849,2021-08-17,0.0,66.61821891680097
1850,2021-08-18,0.0,59.31313066159248
1851,2021-08-19,0.0,71.83362247970732
1852,2021-08-20,0.0,78.188152880599
1853,2021-08-23,0.0,76.84538258279254
1854,2021-08-24,0.0,73.64251650836077
1855,2021-08-25,0.0,69.7190393549189
1856,2021-08-26,0.0,63.94441606465172
1857,2021-08-27,0.0,66.73527074847502
1858,2021-08-30,0.0,73.81283501769106
1859,2021-08-31,0.0,70.06182255990342
1860,2021-09-01,0.0,67.4709173638841
1861,2021-09-02,0.0,62.95254913390597
1862,2021-09-03,0.0,60.79210852589818
1863,2021-09-07,0.0,61.936811904129115
1864,2021-09-08,0.0,67.28662723790148
1865,2021-09-09,0.0,50.98605394114395
1866,2021-09-10,1.0,26.353226202056646
1867,2021-09-13,1.0,30.13484401686064
1868,2021-09-14,0.0,42.942683322196835
1869,2021-09-15,0.0,55.74171212495354
1870,2021-09-16,0.0,63.9635568877927
1871,2021-09-17,0.0,50.281203263903116
1872,2021-09-20,1.0,33.62707058407172
1873,2021-09-21,1.0,36.96611159801344
1874,2021-09-22,0.0,44.73940035803059
1875,2021-09-23,0.0,47.451114687853064
1876,2021-09-24,0.0,47.148763986393
1877,2021-09-27,0.0,41.56139206714719
1878,2021-09-28,1.0,31.948964462863344
1879,2021-09-29,1.0,34.8571639827511
1880,2021-09-30,1.0,34.4321902630476
1881,2021-10-01,0.0,42.13988947037837
1882,2021-10-04,1.0,34.3761594871129
1883,2021-10-05,1.0,35.1296486978616
1884,2021-10-06,1.0,39.55133137115191
1885,2021-10-07,0.0,45.38094984036413
1886,2021-10-08,0.0,50.56388942598604
1887,2021-10-11,0.0,49.41708296166923
1888,2021-10-12,0.0,43.86571755310517
1889,2021-10-13,0.0,46.67757337067069
1890,2021-10-14,0.0,53.083053238574315
1891,2021-10-15,0.0,59.762708524735714
1892,2021-10-18,0.0,77.10376246278389
1893,2021-10-19,0.0,77.34145298291747
1894,2021-10-20,0.0,79.60506541600267
1895,2021-10-21,0.0,77.6134233556366
1896,2021-10-22,-1.0,87.39589822581225
1897,2021-10-25,-1.0,82.05888948826271
1898,2021-10-26,-1.0,80.53157974353859
1899,2021-10-27,-1.0,86.15932406273087
1900,2021-10-28,-1.0,86.56417992195857
1901,2021-10-29,-1.0,89.78502619548776
1902,2021-11-01,-1.0,88.09770210162752
1903,2021-11-02,-1.0,88.17916122915764
1904,2021-11-03,-1.0,86.63538348373876
1905,2021-11-04,-1.0,86.93557739588674
1906,2021-11-05,-1.0,85.14533680784662
1907,2021-11-08,-1.0,85.14170309210374
1908,2021-11-09,-1.0,84.68646032305314
1909,2021-11-10,0.0,73.33485897525185
1910,2021-11-11,0.0,77.0770169334557
1911,2021-11-12,-1.0,80.92146824964593
1912,2021-11-15,0.0,78.90869471835478
1913,2021-11-16,0.0,73.15759198308032
1914,2021-11-17,0.0,71.41197466927505
1915,2021-11-18,0.0,66.4283034963741
1916,2021-11-19,0.0,73.72234083135038
1917,2021-11-22,0.0,61.76260376561904
1918,2021-11-23,0.0,56.182781364594675
1919,2021-11-24,0.0,52.66787703030376
1920,2021-11-26,0.0,40.98869988310233
1921,2021-11-29,0.0,49.565445473648225
1922,2021-11-30,0.0,44.22661862226701
1923,2021-12-01,0.0,49.138343477844835
1924,2021-12-02,0.0,46.391754121815474
1925,2021-12-03,1.0,34.032163931839136
1926,2021-12-06,1.0,39.13330388538393
1927,2021-12-07,0.0,45.47783883962315
1928,2021-12-08,0.0,45.883759576471014
1929,2021-12-09,0.0,41.85120475326604
1930,2021-12-10,0.0,49.506342717676254
1931,2021-12-13,0.0,49.626677830121196
1932,2021-12-14,0.0,42.977449585213535
1933,2021-12-15,0.0,47.75419606088714
1934,2021-12-16,0.0,46.77462996924768
1935,2021-12-17,0.0,40.600720080700555
1936,2021-12-20,0.0,41.92133387258513
1937,2021-12-21,0.0,48.08826973585158
1938,2021-12-22,0.0,52.36941053384922
1939,2021-12-23,0.0,57.9672541752467
1940,2021-12-27,0.0,60.439142749215115
1941,2021-12-28,0.0,54.498923968074315
1942,2021-12-29,0.0,54.915498581792875
1943,2021-12-30,0.0,54.333889164607285
1944,2021-12-31,0.0,45.2388260737327
1945,2022-01-03,0.0,46.35294770941152
1946,2022-01-04,0.0,50.5733468781256
1947,2022-01-05,1.0,35.89190702488395
1948,2022-01-06,0.0,40.41740594354729
1949,2022-01-07,0.0,41.37201697026857
1950,2022-01-10,0.0,44.669175760400776
1951,2022-01-11,1.0,36.68614913794355
1952,2022-01-12,1.0,32.882346066830735
1953,2022-01-13,1.0,23.115668098029502
1954,2022-01-14,1.0,19.706955800857912
1955,2022-01-18,1.0,17.606600150897478
1956,2022-01-19,1.0,17.578905784451507
1957,2022-01-20,1.0,17.848620127969895
1958,2022-01-21,1.0,17.099459974032897
1959,2022-01-24,1.0,18.01666259765625
1960,2022-01-25,1.0,17.396194094501325
1961,2022-01-26,1.0,32.96378859827975
1962,2022-01-27,1.0,37.97120910967239
1963,2022-01-28,0.0,45.66196595976647
1964,2022-01-31,0.0,47.6197541462105
1965,2022-02-01,0.0,45.59614913419044
1966,2022-02-02,0.0,46.66111647770604
1967,2022-02-03,0.0,47.49188440494836
1968,2022-02-04,0.0,46.95974171133663
1969,2022-02-07,0.0,48.74075373478811
1970,2022-02-08,0.0,50.87321570865334
1971,2022-02-09,0.0,56.37690010967701
1972,2022-02-10,0.0,54.0389325479999
1973,2022-02-11,0.0,49.223229018842055
1974,2022-02-14,0.0,54.18542705404168
1975,2022-02-15,0.0,52.506006295525204
1976,2022-02-16,0.0,49.766678185111886
1977,2022-02-17,1.0,38.02758131393701
1978,2022-02-18,1.0,34.27477499047497
1979,2022-02-22,1.0,35.24128302381169
1980,2022-02-23,1.0,27.583400870800475
1981,2022-02-24,0.0,45.62647422498602
1982,2022-02-25,0.0,44.18227931017169
1983,2022-02-28,0.0,48.47155140803676
1984,2022-03-01,0.0,43.22190480618397
1985,2022-03-02,0.0,42.0696694939784
1986,2022-03-03,0.0,45.024653327999495
1987,2022-03-04,0.0,45.9302172241971
1988,2022-03-07,1.0,39.2085899490555
1989,2022-03-08,1.0,32.93596470892818
1990,2022-03-09,0.0,43.43832078333541
1991,2022-03-10,0.0,46.70342919461958
1992,2022-03-11,0.0,45.12891294924353
1993,2022-03-14,0.0,43.29369919104837
1994,2022-03-15,0.0,53.93773239265398
1995,2022-03-16,0.0,49.87544737637396
1996,2022-03-17,0.0,48.66692386721136
1997,2022-03-18,0.0,50.998529492100616
1998,2022-03-21,0.0,52.64613055699309
1999,2022-03-22,0.0,52.442871497084205
2000,2022-03-23,0.0,52.24498662960494
2001,2022-03-24,0.0,59.12120597262801
2002,2022-03-25,0.0,68.33998923546983
2003,2022-03-28,0.0,74.37403552058947
2004,2022-03-29,0.0,71.17230205238461
2005,2022-03-30,0.0,72.72871364477052
2006,2022-03-31,0.0,72.69364820735068
2007,2022-04-01,0.0,77.62142996987605
2008,2022-04-04,0.0,75.50420553635696
2009,2022-04-05,0.0,66.04396335278761
2010,2022-04-06,0.0,53.454953585616444
2011,2022-04-07,0.0,50.802049363453705
2012,2022-04-08,0.0,48.22614533535696
2013,2022-04-11,1.0,36.28539752083785
2014,2022-04-12,1.0,37.025471734116955
2015,2022-04-13,1.0,37.90369584218318
2016,2022-04-14,1.0,34.20320602250034
2017,2022-04-18,1.0,28.18101388426186
2018,2022-04-19,1.0,28.253639252572995
2019,2022-04-20,1.0,29.9970876441528
2020,2022-04-21,1.0,29.9970876441528
2021,2022-04-22,1.0,26.219575714872818
2022,2022-04-25,1.0,27.3328884619704
2023,2022-04-26,1.0,25.195212358950243
2024,2022-04-27,0.0,40.26082711486158
2025,2022-04-28,0.0,43.33863431406095
2026,2022-04-29,1.0,39.85181637357102
2027,2022-05-02,0.0,49.56626319498503
2028,2022-05-03,0.0,49.845407082327036
2029,2022-05-04,0.0,51.2661023536835
2030,2022-05-05,0.0,48.73522058310839
2031,2022-05-06,0.0,47.104143148367825
2032,2022-05-09,0.0,40.16518419610966
2033,2022-05-10,0.0,42.280231665151966
2034,2022-05-11,0.0,41.003555863923175
2035,2022-05-12,0.0,41.58711082694275
2036,2022-05-13,0.0,41.099003564262475
2037,2022-05-16,0.0,45.63913035648278
2038,2022-05-17,0.0,41.11593727072574
2039,2022-05-18,1.0,31.97811325530209
2040,2022-05-19,1.0,36.06221659124221
2041,2022-05-20,1.0,30.324342653187117
2042,2022-05-23,1.0,37.784719414164485
2043,2022-05-24,1.0,30.862328930242455
2044,2022-05-25,1.0,39.34472527173748
2045,2022-05-26,0.0,43.72422708363158
2046,2022-05-27,0.0,56.41101759437109
2047,2022-05-31,0.0,51.851848319172234
2048,2022-06-01,0.0,60.676404404325254
2049,2022-06-02,0.0,68.29684579995563
2050,2022-06-03,0.0,58.667700166854
2051,2022-06-06,0.0,56.94045827217739
2052,2022-06-07,0.0,55.60599653258442
2053,2022-06-08,0.0,70.4074188062742
2054,2022-06-09,0.0,63.034258729084
2055,2022-06-10,0.0,50.38455397824581
2056,2022-06-13,1.0,34.295467108107616
2057,2022-06-14,1.0,37.33891758336475
2058,2022-06-15,0.0,41.60948386868016
2059,2022-06-16,1.0,34.50318190979664
2060,2022-06-17,1.0,29.648472445577312
2061,2022-06-21,1.0,36.58825662134333
2062,2022-06-22,1.0,35.7427797581509
2063,2022-06-23,1.0,38.9637688238944
2064,2022-06-24,0.0,48.46359151878105
2065,2022-06-27,0.0,47.49481767690112
2066,2022-06-28,0.0,40.195846621738234
2067,2022-06-29,0.0,43.914143114571
2068,2022-06-30,0.0,45.098511216519476
2069,2022-07-01,0.0,54.566858943517104
2070,2022-07-05,0.0,65.9143578988882
2071,2022-07-06,0.0,66.49952788645902
2072,2022-07-07,0.0,63.69771939771777
2073,2022-07-08,0.0,70.74418428164319
2074,2022-07-11,0.0,65.28281854777134
2075,2022-07-12,0.0,49.94157295586845
2076,2022-07-13,0.0,49.65974817059241
2077,2022-07-14,0.0,45.722996432428445
2078,2022-07-15,1.0,38.94926946431478
2079,2022-07-18,1.0,39.217664311771465
2080,2022-07-19,0.0,53.30013670494845
2081,2022-07-20,0.0,52.22490441724415
2082,2022-07-21,0.0,59.03860325768794
2083,2022-07-22,0.0,50.84708800448616
2084,2022-07-25,0.0,45.462730655776774
2085,2022-07-26,1.0,35.05327029639096
2086,2022-07-27,0.0,50.271910106875
2087,2022-07-28,0.0,56.299494933072275
2088,2022-07-29,0.0,61.48943745344375
2089,2022-08-01,0.0,69.4657883991664
2090,2022-08-02,0.0,67.06301203314712
2091,2022-08-03,0.0,69.97889540069211
2092,2022-08-04,0.0,69.34904864396464
2093,2022-08-05,0.0,71.11702235303908
2094,2022-08-08,0.0,65.95060897059176
2095,2022-08-09,0.0,65.54884072425419
2096,2022-08-10,0.0,67.70016347127705
2097,2022-08-11,0.0,70.08741848062277
2098,2022-08-12,0.0,73.72348751457598
2099,2022-08-15,-1.0,82.29994024527889
2100,2022-08-16,0.0,74.82909330465553
2101,2022-08-17,0.0,67.75424859022317
2102,2022-08-18,0.0,62.148970886001294
2103,2022-08-19,0.0,60.14960460335906
2104,2022-08-22,0.0,53.23327392811295
2105,2022-08-23,0.0,42.263281254282596
2106,2022-08-24,1.0,39.77629441680785
2107,2022-08-25,0.0,45.01963127347217
2108,2022-08-26,1.0,37.502549367289134
2109,2022-08-29,1.0,32.86491950924379
2110,2022-08-30,1.0,21.035180587562664
2111,2022-08-31,1.0,21.337240751265
2112,2022-09-01,1.0,11.337411330521476
2113,2022-09-02,1.0,7.029629323236037
2114,2022-09-06,1.0,6.713467441992805
2115,2022-09-07,1.0,16.11257208478696
2116,2022-09-08,1.0,17.24277994873097
2117,2022-09-09,1.0,28.409306315676915
2118,2022-09-12,1.0,37.392084423205844
2119,2022-09-13,1.0,28.690948638477764
2120,2022-09-14,1.0,29.30639604702118
2121,2022-09-15,1.0,22.44359296482409
2122,2022-09-16,1.0,26.931431887903145
2123,2022-09-19,1.0,28.413578513124847
2124,2022-09-20,1.0,28.526568281827167
2125,2022-09-21,1.0,27.380462306517813
2126,2022-09-22,1.0,30.863216646944053
2127,2022-09-23,1.0,31.66194084115888
2128,2022-09-26,1.0,33.23428501111536
2129,2022-09-27,1.0,24.976911030504127
2130,2022-09-28,1.0,31.650908339419715
2131,2022-09-29,1.0,20.16379390702062
2132,2022-09-30,1.0,14.540867202033539
2133,2022-10-03,1.0,36.203097117261684
2134,2022-10-04,0.0,46.569438427931715
2135,2022-10-05,0.0,54.53034908807423
2136,2022-10-06,0.0,52.33324232944931
2137,2022-10-07,0.0,40.86384909803381
2138,2022-10-10,1.0,38.84758771675379
2139,2022-10-11,1.0,38.62567849949096
2140,2022-10-12,1.0,36.83209817973711
2141,2022-10-13,0.0,47.091375191518786
2142,2022-10-14,0.0,43.50810774792851
2143,2022-10-17,0.0,50.73298086340754
2144,2022-10-18,0.0,48.23270076497485
2145,2022-10-19,0.0,49.28330241621015
2146,2022-10-20,0.0,52.42936110649806
2147,2022-10-21,0.0,51.061203885992285
2148,2022-10-24,0.0,48.685692125373535
2149,2022-10-25,0.0,51.121356555124386
2150,2022-10-26,0.0,40.57053314977403
2151,2022-10-27,0.0,44.94260493065753
2152,2022-10-28,0.0,54.2338150123175
2153,2022-10-31,0.0,54.303278528340165
2154,2022-11-01,0.0,51.48102653328833
2155,2022-11-02,0.0,41.30167510611968
2156,2022-11-03,0.0,41.21547242852444
2157,2022-11-04,1.0,39.864357393679576
2158,2022-11-07,0.0,43.75660503165396
2159,2022-11-08,0.0,45.476161838587025
2160,2022-11-09,0.0,43.39686891862203
2161,2022-11-10,0.0,50.427265806621214
2162,2022-11-11,0.0,49.92974739537034
2163,2022-11-14,0.0,45.52510010254976
2164,2022-11-15,0.0,56.4257237383833
2165,2022-11-16,0.0,59.536539984772276
2166,2022-11-17,0.0,54.18165931805273
2167,2022-11-18,0.0,56.86659314292775
2168,2022-11-21,0.0,61.005395988094946
2169,2022-11-22,0.0,71.50249452373473
2170,2022-11-23,-1.0,80.48290007990838
2171,2022-11-25,0.0,77.40446112949661
2172,2022-11-28,0.0,64.81757661053118
2173,2022-11-29,0.0,62.11417122037722
2174,2022-11-30,0.0,76.51948474702377
2175,2022-12-01,0.0,64.73698461254847
2176,2022-12-02,0.0,61.00752195176634
2177,2022-12-05,0.0,62.29041389083053
2178,2022-12-06,0.0,53.952312941059354
2179,2022-12-07,0.0,53.270564110164266
2180,2022-12-08,0.0,56.5989867374566
2181,2022-12-09,0.0,54.68122702975735
2182,2022-12-12,0.0,60.230822040475225
2183,2022-12-13,0.0,61.31304520026319
2184,2022-12-14,0.0,59.582503782086306
2185,2022-12-15,0.0,51.300914639083494
2186,2022-12-16,0.0,52.56973181625106
2187,2022-12-19,0.0,50.100296809173834
2188,2022-12-20,1.0,35.612605940919934
2189,2022-12-21,1.0,39.43138858728284
2190,2022-12-22,1.0,34.545451997864646
2191,2022-12-23,1.0,38.568860745634026
2192,2022-12-27,0.0,41.29322064529154
2193,2022-12-28,1.0,39.86402885025255
2194,2022-12-29,0.0,43.85458504966666
2195,2022-12-30,0.0,44.531255355108314
2196,2023-01-03,1.0,35.42277362619211
2197,2023-01-04,1.0,22.41170805992877
2198,2023-01-05,1.0,19.328747025191618
2199,2023-01-06,1.0,26.539341510805613
2200,2023-01-09,1.0,32.1406613613987
2201,2023-01-10,1.0,37.57498237295203
2202,2023-01-11,0.0,44.229662869635234
2203,2023-01-12,0.0,44.34682816046687
2204,2023-01-13,0.0,51.110155536118256
2205,2023-01-17,0.0,51.708151031770264
2206,2023-01-18,0.0,48.854344740279906
2207,2023-01-19,0.0,47.48256645431229
2208,2023-01-20,0.0,49.26099824117208
2209,2023-01-23,0.0,52.52654013223342
2210,2023-01-24,0.0,52.239611695802445
2211,2023-01-25,0.0,62.54630940219339
2212,2023-01-26,0.0,77.64147288094418
2213,2023-01-27,0.0,76.39171747724365
2214,2023-01-30,0.0,66.490374574428
2215,2023-01-31,0.0,68.72036529482244
2216,2023-02-01,0.0,67.44758438662114
2217,2023-02-02,0.0,72.58092079354113
2218,2023-02-03,0.0,65.10268581061135
2219,2023-02-06,0.0,62.87639000636106
2220,2023-02-07,0.0,72.67531904821483
2221,2023-02-08,0.0,75.9856682280943
2222,2023-02-09,0.0,68.93815377137422
2223,2023-02-10,0.0,67.11711562640576
2224,2023-02-13,0.0,71.6504063481247
2225,2023-02-14,0.0,73.53818735938151
2226,2023-02-15,0.0,67.05599753125125
2227,2023-02-16,0.0,60.06328738796292
2228,2023-02-17,0.0,61.261908957362934
2229,2023-02-21,0.0,53.55055317530408
2230,2023-02-22,0.0,49.04113474708684
2231,2023-02-23,0.0,41.234178240013094
2232,2023-02-24,0.0,41.75546719901053
2233,2023-02-27,0.0,43.961282350671354
2234,2023-02-28,1.0,29.70010767887308
2235,2023-03-01,1.0,28.234056610052193
2236,2023-03-02,1.0,37.163977253049964
2237,2023-03-03,0.0,42.54627948178978
2238,2023-03-06,1.0,34.20764746650903
2239,2023-03-07,1.0,31.07936809037092
2240,2023-03-08,1.0,32.72887584742426
2241,2023-03-09,1.0,37.534886636812075
2242,2023-03-10,1.0,37.880727610162474
2243,2023-03-13,0.0,51.6021528929499
2244,2023-03-14,0.0,60.375682712842455
2245,2023-03-15,0.0,61.57015617838658
2246,2023-03-16,0.0,76.28605527653136
2247,2023-03-17,0.0,77.2990085911475
2248,2023-03-20,0.0,68.98620560894851
2249,2023-03-21,0.0,73.52489778534705
2250,2023-03-22,0.0,69.2126518509742
2251,2023-03-23,0.0,69.8632831923658
2252,2023-03-24,0.0,70.55866696739531
2253,2023-03-27,0.0,68.80394854704515
2254,2023-03-28,0.0,67.99868867682646
2255,2023-03-29,0.0,72.12370093042507
2256,2023-03-30,0.0,77.91249343597474
2257,2023-03-31,0.0,77.53045346564801
2258,2023-04-03,0.0,73.34044190226598
2259,2023-04-04,0.0,70.88780256667081
2260,2023-04-05,0.0,59.22484352098365
2261,2023-04-06,0.0,62.63762242699698
2262,2023-04-10,0.0,69.8795487408654
2263,2023-04-11,0.0,59.39380423888487
2264,2023-04-12,0.0,61.82930138979408
2265,2023-04-13,0.0,62.60346733192283
2266,2023-04-14,0.0,55.67095192998417
2267,2023-04-17,0.0,63.05169649156566
2268,2023-04-18,0.0,64.02048313684014
2269,2023-04-19,0.0,59.529533797177386
2270,2023-04-20,0.0,52.54571977245334
2271,2023-04-21,0.0,46.52628802385313
2272,2023-04-24,0.0,43.085085824800835
2273,2023-04-25,1.0,37.1559856251404
2274,2023-04-26,0.0,58.76928093696607
2275,2023-04-27,0.0,60.162841769861046
2276,2023-04-28,0.0,63.68090321941537
2277,2023-05-01,0.0,68.80067648580761
2278,2023-05-02,0.0,68.28497138402933
2279,2023-05-03,0.0,63.33333705953502
2280,2023-05-04,0.0,68.56095901967504
2281,2023-05-05,0.0,70.04954834113587
2282,2023-05-08,0.0,68.08775296343173
2283,2023-05-09,0.0,66.09403628430115
2284,2023-05-10,0.0,71.61718049694318
2285,2023-05-11,0.0,69.49557311951652
2286,2023-05-12,0.0,72.8188115344204
2287,2023-05-15,-1.0,81.67099387149685
2288,2023-05-16,0.0,72.6919764252392
2289,2023-05-17,0.0,65.88154708233402
2290,2023-05-18,0.0,68.1847260267897
2291,2023-05-19,0.0,71.70518166994773
2292,2023-05-22,0.0,74.54092996528429
2293,2023-05-23,0.0,64.65986941028656
2294,2023-05-24,0.0,61.27138842156061
2295,2023-05-25,0.0,67.24648051409109
2296,2023-05-26,0.0,74.61417605880408
2297,2023-05-30,0.0,74.5686998715995
2298,2023-05-31,0.0,67.18686190623447
2299,2023-06-01,0.0,73.03673816229718
2300,2023-06-02,0.0,76.19426982767382
2301,2023-06-05,0.0,76.21784850339894
2302,2023-06-06,0.0,71.73138959016472
2303,2023-06-07,0.0,58.01436392289873
2304,2023-06-08,0.0,56.03080157830782
2305,2023-06-09,0.0,57.38250488452055
2306,2023-06-12,0.0,58.97394172757779
2307,2023-06-13,0.0,67.00017720587232
2308,2023-06-14,0.0,70.38708228359053
2309,2023-06-15,0.0,69.69804394749025
2310,2023-06-16,0.0,58.56621676782883
2311,2023-06-20,0.0,55.9272084129109
2312,2023-06-21,0.0,54.354036832874435
2313,2023-06-22,0.0,55.81281827491388
2314,2023-06-23,0.0,49.69936328369078
2315,2023-06-26,0.0,44.6873206683298
2316,2023-06-27,0.0,50.61135795926684
2317,2023-06-28,0.0,59.77732740241621
2318,2023-06-29,0.0,57.80824505190761
2319,2023-06-30,0.0,60.31507499125451
2320,2023-07-03,0.0,54.786388998454136
2321,2023-07-05,0.0,53.11993409076333
2322,2023-07-06,0.0,53.17292852201028
2323,2023-07-07,0.0,40.14849816242506
2324,2023-07-10,0.0,40.42670053055153
2325,2023-07-11,0.0,44.5507989101896
2326,2023-07-12,0.0,53.538112516225844
2327,2023-07-13,0.0,52.906412472083225
2328,2023-07-14,0.0,60.50574807837941
2329,2023-07-17,0.0,70.05381829822139
2330,2023-07-18,0.0,74.67322058562254
2331,2023-07-19,0.0,67.92835803909296
2332,2023-07-20,0.0,59.68217542596592
2333,2023-07-21,0.0,52.75360539148859
2334,2023-07-24,0.0,56.19776707395731
2335,2023-07-25,0.0,60.15836273135843
2336,2023-07-26,0.0,47.610596975745125
2337,2023-07-27,0.0,45.737148721857125
2338,2023-07-28,0.0,54.165608918749015
2339,2023-07-31,0.0,52.147934448954594
2340,2023-08-01,0.0,49.4341998588963
2341,2023-08-02,0.0,40.450989822472835
2342,2023-08-03,1.0,38.03452449130481
2343,2023-08-04,1.0,38.5332683497417
2344,2023-08-07,1.0,28.02212753833875
2345,2023-08-08,1.0,28.169637263321093
2346,2023-08-09,1.0,30.16102582398763
2347,2023-08-10,1.0,32.5460435210891
2348,2023-08-11,1.0,30.009943035116535
2349,2023-08-14,1.0,26.549391931739095
2350,2023-08-15,1.0,32.85924988772054
2351,2023-08-16,1.0,37.359093172326865
2352,2023-08-17,1.0,20.71400885337043
2353,2023-08-18,1.0,21.939863269549292
2354,2023-08-21,1.0,31.751606952355644
2355,2023-08-22,0.0,41.964244877145894
2356,2023-08-23,0.0,50.484879134920966
2357,2023-08-24,0.0,40.468617551407746
2358,2023-08-25,0.0,41.440593206988645
2359,2023-08-28,0.0,46.93294246976915
2360,2023-08-29,0.0,57.88265353786364
2361,2023-08-30,0.0,57.53603360703412
2362,2023-08-31,0.0,58.88391910389635
2363,2023-09-01,0.0,56.44171361462393
2364,2023-09-05,0.0,65.15428924089693
2365,2023-09-06,0.0,66.51671724666046
2366,2023-09-07,0.0,67.49935038374491
2367,2023-09-08,0.0,71.59505138874071
2368,2023-09-11,0.0,70.3497382879204
2369,2023-09-12,0.0,60.33296346425073
2370,2023-09-13,0.0,60.111607173267636
2371,2023-09-14,0.0,73.17496818725904
2372,2023-09-15,0.0,57.89013673044227
2373,2023-09-18,0.0,55.78582092403938
2374,2023-09-19,0.0,50.285566543105155
2375,2023-09-20,0.0,41.90224518571837
2376,2023-09-21,0.0,41.72530749230004
2377,2023-09-22,1.0,38.656287719811225
2378,2023-09-25,1.0,32.96449012806467
2379,2023-09-26,1.0,29.949751056490527
2380,2023-09-27,1.0,32.67207828310909
2381,2023-09-28,1.0,27.522386074581462
2382,2023-09-29,1.0,24.971809286207005
2383,2023-10-02,1.0,38.72426696707953
2384,2023-10-03,1.0,26.54665474503632
2385,2023-10-04,1.0,30.745169481182486
2386,2023-10-05,1.0,37.424686501488786
2387,2023-10-06,0.0,48.197124789702315
2388,2023-10-09,0.0,51.123502324133895
2389,2023-10-10,0.0,58.35164592577429
2390,2023-10-11,0.0,63.31340430789714
2391,2023-10-12,0.0,65.00531712113003
2392,2023-10-13,0.0,60.17983751576185
2393,2023-10-16,0.0,70.68202810379438
2394,2023-10-17,0.0,69.46858425824458
2395,2023-10-18,0.0,66.27790258015168
2396,2023-10-19,0.0,65.66714284485967
2397,2023-10-20,0.0,55.04247750363853
2398,2023-10-23,0.0,68.72793522499612
2399,2023-10-24,0.0,65.15587372756957
2400,2023-10-25,0.0,72.23961521532667
2401,2023-10-26,0.0,50.59670810440831
2402,2023-10-27,0.0,49.99040291376895
2403,2023-10-30,0.0,57.660578879666836
2404,2023-10-31,0.0,55.17364045877908
2405,2023-11-01,0.0,62.084613143279185
2406,2023-11-02,0.0,67.01370238849945
2407,2023-11-03,0.0,66.77760270472626
2408,2023-11-06,0.0,69.34998969555312
2409,2023-11-07,0.0,73.29964307335578
2410,2023-11-08,0.0,73.88373505214604
2411,2023-11-09,0.0,76.33125835867412
2412,2023-11-10,0.0,78.44353088220424
2413,2023-11-13,0.0,74.85900687620858
2414,2023-11-14,0.0,72.36998208430896
2415,2023-11-15,-1.0,88.6995093330741
2416,2023-11-16,-1.0,89.583327904862
2417,2023-11-17,0.0,78.35481741851665
2418,2023-11-20,-1.0,80.64515361978088
2419,2023-11-21,0.0,72.28457608385739
2420,2023-11-22,0.0,73.39565152425862
2421,2023-11-24,0.0,70.85519434073828
2422,2023-11-27,0.0,69.53980057178575
2423,2023-11-28,0.0,69.58825848292372
2424,2023-11-29,0.0,63.54507559129406
2425,2023-11-30,0.0,66.46781341040321
2426,2023-12-01,0.0,54.769407132834424
2427,2023-12-04,0.0,52.31553294313108
2428,2023-12-05,0.0,52.126253205472054
2429,2023-12-06,0.0,49.22360730526462
2430,2023-12-07,0.0,44.949691487973425
2431,2023-12-08,0.0,54.50247076863618
2432,2023-12-11,0.0,43.019544276814536
2433,2023-12-12,0.0,51.53431202944089
2434,2023-12-13,0.0,45.41138692945638
2435,2023-12-14,1.0,37.48369165198577
2436,2023-12-15,0.0,42.05008051182735
2437,2023-12-18,1.0,39.39648793819459
2438,2023-12-19,0.0,43.66932119728288
2439,2023-12-20,0.0,41.12989967026954
2440,2023-12-21,0.0,48.92817761531742
2441,2023-12-22,0.0,56.6470699225652
2442,2023-12-26,0.0,52.8442424006438
2443,2023-12-27,0.0,57.63989905961224
2444,2023-12-28,0.0,56.45301986867011
2445,2023-12-29,0.0,52.916519963729165
2446,2024-01-02,0.0,49.35378473922981
2447,2024-01-03,0.0,43.795153865035545
2448,2024-01-04,0.0,40.289967279598145
2449,2024-01-05,0.0,53.66050669396785
2450,2024-01-08,0.0,57.33330922070639
2451,2024-01-09,0.0,55.99695990525351
2452,2024-01-10,0.0,64.60825483616622
2453,2024-01-11,0.0,72.0491047414125
2454,2024-01-12,0.0,72.83571667292149
2455,2024-01-16,0.0,73.45290988878658
2456,2024-01-17,0.0,71.67106374845723
2457,2024-01-18,0.0,76.06634804520264
2458,2024-01-19,0.0,78.1332818467059
2459,2024-01-22,0.0,73.8189441926762
2460,2024-01-23,-1.0,84.87188151365471
2461,2024-01-24,-1.0,86.66819791474823
2462,2024-01-25,-1.0,92.71340430338272
2463,2024-01-26,-1.0,91.13234281844335
2464,2024-01-29,-1.0,90.89424441003735
2465,2024-01-30,-1.0,88.26411456271424
2466,2024-01-31,0.0,65.79227226695619
2467,2024-02-01,0.0,68.69021060877287
2468,2024-02-02,0.0,70.74593553629775
2469,2024-02-05,0.0,63.12286285950572
2470,2024-02-06,0.0,63.8198537832338
2471,2024-02-07,0.0,66.24273537864465
2472,2024-02-08,0.0,63.45413244876026
2473,2024-02-09,0.0,69.49397072768997
2474,2024-02-12,0.0,62.67039091885003
2475,2024-02-13,0.0,52.691873081181846
2476,2024-02-14,0.0,53.26732271534745
2477,2024-02-15,0.0,51.809055437116285
2478,2024-02-16,0.0,45.92218720469074
2479,2024-02-20,0.0,45.82974573943053
2480,2024-02-21,0.0,53.88908297078439
2481,2024-02-22,0.0,56.30507811544952
2482,2024-02-23,0.0,49.218189961728285
2483,2024-02-26,0.0,51.766040421714436
2484,2024-02-27,0.0,51.86296844189911
2485,2024-02-28,0.0,42.98071007446995
2486,2024-02-29,0.0,49.53879180223392
2487,2024-03-01,0.0,44.55467438875901
2488,2024-03-04,0.0,49.59193854281661
2489,2024-03-05,0.0,45.92129727295104
2490,2024-03-06,0.0,41.26946864961433
2491,2024-03-07,0.0,52.774211924563176
2492,2024-03-08,0.0,52.30179352509797
2493,2024-03-11,0.0,51.82679950450061
2494,2024-03-12,0.0,61.39130360940489
2495,2024-03-13,0.0,53.57810686021677
2496,2024-03-14,0.0,63.048053126899994
2497,2024-03-15,0.0,57.04538410878239
2498,2024-03-18,0.0,57.70434849096686
2499,2024-03-19,0.0,60.10928813974892
2500,2024-03-20,0.0,58.83249011934924
2501,2024-03-21,0.0,60.215047963247656
2502,2024-03-22,0.0,60.17071688424393
2503,2024-03-25,0.0,66.41753488448195
2504,2024-03-26,0.0,65.72346762046345
2505,2024-03-27,0.0,61.09804868262383
2506,2024-03-28,0.0,63.63808062936509
2507,2024-04-01,0.0,68.12514035280353
2508,2024-04-02,0.0,56.45974051077307
2509,2024-04-03,0.0,55.51661223762827
2510,2024-04-04,0.0,41.03566026920193
2511,2024-04-05,0.0,61.437886936041885
2512,2024-04-08,0.0,59.13086540134742
2513,2024-04-09,0.0,56.50895297140758
2514,2024-04-10,0.0,47.30947329812819
2515,2024-04-11,0.0,48.06138362960793
2516,2024-04-12,0.0,41.960502141757026
