,Cash,Position,pnl,g_sl,g_tp,close,no_trades
182,10000,0.0,0,0,0,27,0.0
183,10000,0.0,0,0,0,26,0.0
184,10000,0.0,0,0,0,26,0.0
185,10000,0.0,0,0,0,26,0.0
186,10000,0.0,0,0,0,27,0.0
187,10000,0.0,0,0,0,28,0.0
188,10000,0.0,0,0,0,27,0.0
189,10000,0.0,0,0,0,27,0.0
190,10000,0.0,0,0,0,27,0.0
191,10000,0.0,0,0,0,26,0.0
192,10000,0.0,0,0,0,26,0.0
193,10000,0.0,0,0,0,27,0.0
194,10000,0.0,0,0,0,27,0.0
195,10000,0.0,0,0,0,28,0.0
196,10000,0.0,0,0,0,28,0.0
197,10000,0.0,0,0,0,28,0.0
198,10000,0.0,0,0,0,27,0.0
199,10000,0.0,0,0,0,28,0.0
200,10000,0.0,0,0,0,29,0.0
201,10000,0.0,0,0,0,29,0.0
202,10000,0.0,0,0,0,29,0.0
203,10000,0.0,0,0,0,29,0.0
204,10000,0.0,0,0,0,29,0.0
205,10000,0.0,0,0,0,29,0.0
206,10000,0.0,0,0,0,29,0.0
207,10000,0.0,0,0,0,29,0.0
208,10000,0.0,0,0,0,30,0.0
209,10000,0.0,0,0,0,31,0.0
210,10000,0.0,0,0,0,31,0.0
211,10000,0.0,0,0,0,31,0.0
212,10000,0.0,0,0,0,31,0.0
213,10000,0.0,0,0,0,32,0.0
214,10000,0.0,0,0,0,32,0.0
215,10000,0.0,0,0,0,32,0.0
216,10000,0.0,0,0,0,33,0.0
217,10000,0.0,0,0,0,33,0.0
218,10000,0.0,0,0,0,32,0.0
219,10000,0.0,0,0,0,32,0.0
220,10000,0.0,0,0,0,32,0.0
221,10000,0.0,0,0,0,32,0.0
222,10000,0.0,0,0,0,32,0.0
223,10000,0.0,0,0,0,32,0.0
224,10000,0.0,0,0,0,31,0.0
225,10000,0.0,0,0,0,31,0.0
226,10000,0.0,0,0,0,31,0.0
227,10000,0.0,0,0,0,31,0.0
228,10000,0.0,0,0,0,30,0.0
229,10000,0.0,0,0,0,31,0.0
230,10000,0.0,0,0,0,30,0.0
231,10000,0.0,0,0,0,31,0.0
232,10000,0.0,0,0,0,31,0.0
233,10000,0.0,0,0,0,32,0.0
234,10000,0.0,0,0,0,31,0.0
235,10000,0.0,0,0,0,31,0.0
236,10000,0.0,0,0,0,31,0.0
237,10000,0.0,0,0,0,31,0.0
238,10000,0.0,0,0,0,30,0.0
239,10000,0.0,0,0,0,31,0.0
240,10000,0.0,0,0,0,30,0.0
241,10000,0.0,0,0,0,31,0.0
242,10000,0.0,0,0,0,31,0.0
243,10000,0.0,0,0,0,31,0.0
244,10000,0.0,0,0,0,31,0.0
245,10000,0.0,0,0,0,31,0.0
246,10000,0.0,0,0,0,31,0.0
247,10000,0.0,0,0,0,31,0.0
248,10000,0.0,0,0,0,31,0.0
249,10000,0.0,0,0,0,31,0.0
250,10000,0.0,0,0,0,31,0.0
251,10000,0.0,0,0,0,31,0.0
252,10000,0.0,0,0,0,31,0.0
253,10000,0.0,0,0,0,31,0.0
254,10000,0.0,0,0,0,31,0.0
255,10000,0.0,0,0,0,31,0.0
256,10000,0.0,0,0,0,31,0.0
257,10000,0.0,0,0,0,32,0.0
258,10000,0.0,0,0,0,32,0.0
259,10000,0.0,0,0,0,32,0.0
260,10000,0.0,0,0,0,33,0.0
261,10000,0.0,0,0,0,32,0.0
262,10000,0.0,0,0,0,32,0.0
263,10000,0.0,0,0,0,31,0.0
264,10000,0.0,0,0,0,32,0.0
265,10000,0.0,0,0,0,32,0.0
266,10000,0.0,0,0,0,31,0.0
267,10000,0.0,0,0,0,31,0.0
268,10000,0.0,0,0,0,31,0.0
269,10000,0.0,0,0,0,31,0.0
270,10000,0.0,0,0,0,31,0.0
271,10000,0.0,0,0,0,31,0.0
272,10000,0.0,0,0,0,31,0.0
273,10000,0.0,0,0,0,32,0.0
274,10000,0.0,0,0,0,32,0.0
275,10000,0.0,0,0,0,32,0.0
276,10000,0.0,0,0,0,32,0.0
277,10000,0.0,0,0,0,32,0.0
278,10000,0.0,0,0,0,32,0.0
279,10000,0.0,0,0,0,33,0.0
280,10000,0.0,0,0,0,32,0.0
281,9966,1.0,0,29,37,33,1.0
282,9966,0.0,0,29,37,32,1.0
283,9966,0.0,0,29,37,32,1.0
284,9966,0.0,0,29,37,32,1.0
285,9966,0.0,0,29,37,32,1.0
286,9966,0.0,0,29,37,32,1.0
287,9966,0.0,0,29,37,32,1.0
288,9966,0.0,0,29,37,32,1.0
289,9966,0.0,0,29,37,31,1.0
290,9966,0.0,0,29,37,31,1.0
291,9966,0.0,0,29,37,32,1.0
292,9966,0.0,0,29,37,32,1.0
293,9966,0.0,0,29,37,31,1.0
294,9966,0.0,0,29,37,31,1.0
295,9966,0.0,0,29,37,31,1.0
296,9966,0.0,0,29,37,31,1.0
297,9966,0.0,0,29,37,31,1.0
298,9966,0.0,0,29,37,31,1.0
299,9966,0.0,0,29,37,31,1.0
300,9966,0.0,0,29,37,31,1.0
301,9966,0.0,0,29,37,32,1.0
302,9966,0.0,0,29,37,31,1.0
303,9966,0.0,0,29,37,31,1.0
304,9966,0.0,0,29,37,31,1.0
305,9966,0.0,0,29,37,31,1.0
306,9966,0.0,0,29,37,31,1.0
307,9966,0.0,0,29,37,31,1.0
308,9966,0.0,0,29,37,31,1.0
309,9966,0.0,0,29,37,31,1.0
310,9966,0.0,0,29,37,30,1.0
311,9966,0.0,0,29,37,30,1.0
312,9966,0.0,0,29,37,30,1.0
313,9966,0.0,0,29,37,31,1.0
314,9966,0.0,0,29,37,31,1.0
315,9966,0.0,0,29,37,31,1.0
316,9966,0.0,0,29,37,32,1.0
317,9966,0.0,0,29,37,32,1.0
318,9966,0.0,0,29,37,33,1.0
319,9966,0.0,0,29,37,32,1.0
320,9966,0.0,0,29,37,31,1.0
321,9966,0.0,0,29,37,31,1.0
322,9966,0.0,0,29,37,31,1.0
323,9966,0.0,0,29,37,30,1.0
324,9966,0.0,0,29,37,30,1.0
325,9966,0.0,0,29,37,30,1.0
326,9966,0.0,0,29,37,30,1.0
327,9966,0.0,0,29,37,30,1.0
328,9966,0.0,0,29,37,29,1.0
329,9996,0.0,-4,0,0,28,1.0
330,9967,1.0,-4,24,32,28,2.0
331,9967,0.0,-4,24,32,28,2.0
332,9967,0.0,-4,24,32,28,2.0
333,9967,0.0,-4,24,32,29,2.0
334,9967,0.0,-4,24,32,28,2.0
335,9967,0.0,-4,24,32,28,2.0
336,9967,0.0,-4,24,32,28,2.0
337,9967,0.0,-4,24,32,28,2.0
338,9967,0.0,-4,24,32,29,2.0
339,9967,0.0,-4,24,32,29,2.0
340,9967,0.0,-4,24,32,28,2.0
341,9967,0.0,-4,24,32,28,2.0
342,9967,0.0,-4,24,32,26,2.0
343,9967,0.0,-4,24,32,25,2.0
344,9967,0.0,-4,24,32,25,2.0
345,9967,0.0,-4,24,32,27,2.0
346,9967,0.0,-4,24,32,28,2.0
347,9967,0.0,-4,24,32,28,2.0
348,9967,0.0,-4,24,32,28,2.0
349,9967,0.0,-4,24,32,26,2.0
350,9967,0.0,-4,24,32,28,2.0
351,9967,0.0,-4,24,32,27,2.0
352,9967,0.0,-4,24,32,27,2.0
353,9967,0.0,-4,24,32,28,2.0
354,9967,0.0,-4,24,32,27,2.0
355,9967,0.0,-4,24,32,28,2.0
356,9967,0.0,-4,24,32,28,2.0
357,9967,0.0,-4,24,32,28,2.0
358,9967,0.0,-4,24,32,29,2.0
359,9967,0.0,-4,24,32,29,2.0
360,9967,0.0,-4,24,32,28,2.0
361,9967,0.0,-4,24,32,28,2.0
362,9967,0.0,-4,24,32,28,2.0
363,9967,0.0,-4,24,32,28,2.0
364,9967,0.0,-4,24,32,28,2.0
365,9967,0.0,-4,24,32,28,2.0
366,9967,0.0,-4,24,32,28,2.0
367,9967,0.0,-4,24,32,28,2.0
368,9967,0.0,-4,24,32,27,2.0
369,9967,0.0,-4,24,32,27,2.0
370,9967,0.0,-4,24,32,27,2.0
371,9967,0.0,-4,24,32,27,2.0
372,9967,0.0,-4,24,32,27,2.0
373,9967,0.0,-4,24,32,27,2.0
374,9967,0.0,-4,24,32,27,2.0
375,9967,0.0,-4,24,32,27,2.0
376,9967,0.0,-4,24,32,28,2.0
377,9967,0.0,-4,24,32,27,2.0
378,9967,0.0,-4,24,32,27,2.0
379,9967,0.0,-4,24,32,27,2.0
380,9967,0.0,-4,24,32,27,2.0
381,9967,0.0,-4,24,32,27,2.0
382,9967,0.0,-4,24,32,27,2.0
383,9967,0.0,-4,24,32,28,2.0
384,9967,0.0,-4,24,32,28,2.0
385,9967,0.0,-4,24,32,28,2.0
386,9967,0.0,-4,24,32,29,2.0
387,9967,0.0,-4,24,32,28,2.0
388,9967,0.0,-4,24,32,28,2.0
389,9967,0.0,-4,24,32,29,2.0
390,9967,0.0,-4,24,32,30,2.0
391,9967,0.0,-4,24,32,29,2.0
392,9967,0.0,-4,24,32,30,2.0
393,9967,0.0,-4,24,32,30,2.0
394,9967,0.0,-4,24,32,30,2.0
395,9967,0.0,-4,24,32,30,2.0
396,9967,0.0,-4,24,32,30,2.0
397,9967,0.0,-4,24,32,30,2.0
398,9967,0.0,-4,24,32,29,2.0
399,9967,0.0,-4,24,32,29,2.0
400,9967,0.0,-4,24,32,28,2.0
401,9967,0.0,-4,24,32,28,2.0
402,9967,0.0,-4,24,32,28,2.0
403,9967,0.0,-4,24,32,28,2.0
404,9967,0.0,-4,24,32,29,2.0
405,9967,0.0,-4,24,32,29,2.0
406,9967,0.0,-4,24,32,29,2.0
407,9967,0.0,-4,24,32,29,2.0
408,9967,0.0,-4,24,32,29,2.0
409,9967,0.0,-4,24,32,29,2.0
410,9967,0.0,-4,24,32,29,2.0
411,9967,0.0,-4,24,32,29,2.0
412,9967,0.0,-4,24,32,29,2.0
413,9967,0.0,-4,24,32,29,2.0
414,9967,0.0,-4,24,32,28,2.0
415,9967,0.0,-4,24,32,29,2.0
416,9967,0.0,-4,24,32,29,2.0
417,9967,0.0,-4,24,32,29,2.0
418,9967,0.0,-4,24,32,28,2.0
419,9967,0.0,-4,24,32,29,2.0
420,9967,0.0,-4,24,32,28,2.0
421,9967,0.0,-4,24,32,28,2.0
422,9967,0.0,-4,24,32,27,2.0
423,9967,0.0,-4,24,32,27,2.0
424,9967,0.0,-4,24,32,27,2.0
425,9967,0.0,-4,24,32,26,2.0
426,9967,0.0,-4,24,32,26,2.0
427,9967,0.0,-4,24,32,26,2.0
428,9967,0.0,-4,24,32,27,2.0
429,9967,0.0,-4,24,32,27,2.0
430,9967,0.0,-4,24,32,26,2.0
431,9967,0.0,-4,24,32,27,2.0
432,9967,0.0,-4,24,32,26,2.0
433,9967,0.0,-4,24,32,26,2.0
434,9967,0.0,-4,24,32,26,2.0
435,9967,0.0,-4,24,32,25,2.0
436,9967,0.0,-4,24,32,25,2.0
437,9992,0.0,-8,0,0,24,2.0
438,9967,1.0,-8,20,28,24,3.0
439,9967,0.0,-8,20,28,24,3.0
440,9967,0.0,-8,20,28,24,3.0
441,9967,0.0,-8,20,28,24,3.0
442,9967,0.0,-8,20,28,24,3.0
443,9967,0.0,-8,20,28,24,3.0
444,9967,0.0,-8,20,28,24,3.0
445,9967,0.0,-8,20,28,24,3.0
446,9967,0.0,-8,20,28,24,3.0
447,9967,0.0,-8,20,28,25,3.0
448,9967,0.0,-8,20,28,24,3.0
449,9967,0.0,-8,20,28,24,3.0
450,9967,0.0,-8,20,28,23,3.0
451,9967,0.0,-8,20,28,23,3.0
452,9967,0.0,-8,20,28,24,3.0
453,9967,0.0,-8,20,28,24,3.0
454,9967,0.0,-8,20,28,23,3.0
455,9967,0.0,-8,20,28,24,3.0
456,9967,0.0,-8,20,28,24,3.0
457,9967,0.0,-8,20,28,23,3.0
458,9967,0.0,-8,20,28,23,3.0
459,9967,0.0,-8,20,28,23,3.0
460,9967,0.0,-8,20,28,23,3.0
461,9967,0.0,-8,20,28,23,3.0
462,9967,0.0,-8,20,28,23,3.0
463,9967,0.0,-8,20,28,24,3.0
464,9967,0.0,-8,20,28,24,3.0
465,9967,0.0,-8,20,28,24,3.0
466,9967,0.0,-8,20,28,24,3.0
467,9967,0.0,-8,20,28,24,3.0
468,9967,0.0,-8,20,28,23,3.0
469,9967,0.0,-8,20,28,24,3.0
470,9967,0.0,-8,20,28,24,3.0
471,9967,0.0,-8,20,28,24,3.0
472,9967,0.0,-8,20,28,24,3.0
473,9967,0.0,-8,20,28,25,3.0
474,9967,0.0,-8,20,28,25,3.0
475,9967,0.0,-8,20,28,25,3.0
476,9967,0.0,-8,20,28,25,3.0
477,9967,0.0,-8,20,28,25,3.0
478,9967,0.0,-8,20,28,25,3.0
479,9967,0.0,-8,20,28,25,3.0
480,9967,0.0,-8,20,28,25,3.0
481,9967,0.0,-8,20,28,25,3.0
482,9967,0.0,-8,20,28,25,3.0
483,9967,0.0,-8,20,28,26,3.0
484,9967,0.0,-8,20,28,26,3.0
485,9967,0.0,-8,20,28,26,3.0
486,9967,0.0,-8,20,28,26,3.0
487,9967,0.0,-8,20,28,26,3.0
488,9967,0.0,-8,20,28,26,3.0
489,9967,0.0,-8,20,28,26,3.0
490,9967,0.0,-8,20,28,26,3.0
491,9967,0.0,-8,20,28,26,3.0
492,9967,0.0,-8,20,28,26,3.0
493,9967,0.0,-8,20,28,27,3.0
494,9967,0.0,-8,20,28,27,3.0
495,9967,0.0,-8,20,28,27,3.0
496,9967,0.0,-8,20,28,27,3.0
497,9967,0.0,-8,20,28,27,3.0
498,9967,0.0,-8,20,28,27,3.0
499,9967,0.0,-8,20,28,27,3.0
500,9967,0.0,-8,20,28,27,3.0
501,9967,0.0,-8,20,28,27,3.0
502,9967,0.0,-8,20,28,27,3.0
503,9967,0.0,-8,20,28,28,3.0
504,9967,0.0,-8,20,28,28,3.0
505,9967,0.0,-8,20,28,27,3.0
506,9967,0.0,-8,20,28,26,3.0
507,9967,0.0,-8,20,28,26,3.0
508,9967,0.0,-8,20,28,26,3.0
509,9967,0.0,-8,20,28,26,3.0
510,9967,0.0,-8,20,28,26,3.0
511,9967,0.0,-8,20,28,26,3.0
512,9967,0.0,-8,20,28,26,3.0
513,9967,0.0,-8,20,28,24,3.0
514,9967,0.0,-8,20,28,23,3.0
515,9967,0.0,-8,20,28,23,3.0
516,9967,0.0,-8,20,28,23,3.0
517,9967,0.0,-8,20,28,23,3.0
518,9967,0.0,-8,20,28,23,3.0
519,9967,0.0,-8,20,28,23,3.0
520,9967,0.0,-8,20,28,23,3.0
521,9967,0.0,-8,20,28,23,3.0
522,9967,0.0,-8,20,28,23,3.0
523,9967,0.0,-8,20,28,23,3.0
524,9967,0.0,-8,20,28,22,3.0
525,9967,0.0,-8,20,28,22,3.0
526,9967,0.0,-8,20,28,23,3.0
527,9967,0.0,-8,20,28,23,3.0
528,9967,0.0,-8,20,28,23,3.0
529,9967,0.0,-8,20,28,23,3.0
530,9967,0.0,-8,20,28,23,3.0
531,9967,0.0,-8,20,28,24,3.0
532,9967,0.0,-8,20,28,24,3.0
533,9967,0.0,-8,20,28,24,3.0
534,9967,0.0,-8,20,28,25,3.0
535,9967,0.0,-8,20,28,25,3.0
536,9967,0.0,-8,20,28,24,3.0
537,9967,0.0,-8,20,28,24,3.0
538,9967,0.0,-8,20,28,24,3.0
539,9967,0.0,-8,20,28,24,3.0
540,9967,0.0,-8,20,28,24,3.0
541,9967,0.0,-8,20,28,24,3.0
542,9967,0.0,-8,20,28,24,3.0
543,9967,0.0,-8,20,28,24,3.0
544,9967,0.0,-8,20,28,24,3.0
545,9967,0.0,-8,20,28,24,3.0
546,9967,0.0,-8,20,28,24,3.0
547,9967,0.0,-8,20,28,24,3.0
548,9967,0.0,-8,20,28,24,3.0
549,9967,0.0,-8,20,28,23,3.0
550,9967,0.0,-8,20,28,23,3.0
551,9967,0.0,-8,20,28,23,3.0
552,9967,0.0,-8,20,28,23,3.0
553,9967,0.0,-8,20,28,24,3.0
554,9967,0.0,-8,20,28,23,3.0
555,9967,0.0,-8,20,28,23,3.0
556,9967,0.0,-8,20,28,23,3.0
557,9967,0.0,-8,20,28,23,3.0
558,9967,0.0,-8,20,28,23,3.0
559,9967,0.0,-8,20,28,23,3.0
560,9967,0.0,-8,20,28,23,3.0
561,9967,0.0,-8,20,28,23,3.0
562,9967,0.0,-8,20,28,23,3.0
563,9967,0.0,-8,20,28,24,3.0
564,9967,0.0,-8,20,28,24,3.0
565,9967,0.0,-8,20,28,24,3.0
566,9967,0.0,-8,20,28,24,3.0
567,9967,0.0,-8,20,28,24,3.0
568,9967,0.0,-8,20,28,24,3.0
569,9967,0.0,-8,20,28,24,3.0
570,9967,0.0,-8,20,28,24,3.0
571,9967,0.0,-8,20,28,24,3.0
572,9967,0.0,-8,20,28,24,3.0
573,9967,0.0,-8,20,28,24,3.0
574,9967,0.0,-8,20,28,24,3.0
575,9967,0.0,-8,20,28,24,3.0
576,9967,0.0,-8,20,28,25,3.0
577,9967,0.0,-8,20,28,26,3.0
578,9967,0.0,-8,20,28,26,3.0
579,9967,0.0,-8,20,28,26,3.0
580,9967,0.0,-8,20,28,26,3.0
581,9967,0.0,-8,20,28,26,3.0
582,9967,0.0,-8,20,28,26,3.0
583,9967,0.0,-8,20,28,26,3.0
584,9967,0.0,-8,20,28,27,3.0
585,9967,0.0,-8,20,28,27,3.0
586,9967,0.0,-8,20,28,27,3.0
587,9967,0.0,-8,20,28,26,3.0
588,9967,0.0,-8,20,28,27,3.0
589,9967,0.0,-8,20,28,27,3.0
590,9967,0.0,-8,20,28,27,3.0
591,9967,0.0,-8,20,28,27,3.0
592,9967,0.0,-8,20,28,27,3.0
593,9967,0.0,-8,20,28,27,3.0
594,9967,0.0,-8,20,28,27,3.0
595,9967,0.0,-8,20,28,27,3.0
596,9967,0.0,-8,20,28,27,3.0
597,9967,0.0,-8,20,28,26,3.0
598,9967,0.0,-8,20,28,26,3.0
599,9967,0.0,-8,20,28,26,3.0
600,9967,0.0,-8,20,28,26,3.0
601,9967,0.0,-8,20,28,26,3.0
602,9967,0.0,-8,20,28,26,3.0
603,9967,0.0,-8,20,28,26,3.0
604,9967,0.0,-8,20,28,26,3.0
605,9967,0.0,-8,20,28,27,3.0
606,9967,0.0,-8,20,28,26,3.0
607,9967,0.0,-8,20,28,25,3.0
608,9967,0.0,-8,20,28,26,3.0
609,9967,0.0,-8,20,28,26,3.0
610,9967,0.0,-8,20,28,27,3.0
611,9996,0.0,-4,0,0,28,3.0
612,9967,1.0,-4,24,32,28,4.0
613,9967,0.0,-4,24,32,28,4.0
614,9967,0.0,-4,24,32,28,4.0
615,9967,0.0,-4,24,32,28,4.0
616,9967,0.0,-4,24,32,28,4.0
617,9967,0.0,-4,24,32,28,4.0
618,9967,0.0,-4,24,32,28,4.0
619,9967,0.0,-4,24,32,28,4.0
620,9967,0.0,-4,24,32,28,4.0
621,9967,0.0,-4,24,32,28,4.0
622,9967,0.0,-4,24,32,28,4.0
623,9967,0.0,-4,24,32,28,4.0
624,9967,0.0,-4,24,32,28,4.0
625,9967,0.0,-4,24,32,28,4.0
626,9967,0.0,-4,24,32,28,4.0
627,9967,0.0,-4,24,32,28,4.0
628,9967,0.0,-4,24,32,29,4.0
629,9967,0.0,-4,24,32,29,4.0
630,9967,0.0,-4,24,32,29,4.0
631,9967,0.0,-4,24,32,29,4.0
632,9967,0.0,-4,24,32,29,4.0
633,9967,0.0,-4,24,32,29,4.0
634,9967,0.0,-4,24,32,29,4.0
635,9967,0.0,-4,24,32,29,4.0
636,9967,0.0,-4,24,32,29,4.0
637,9967,0.0,-4,24,32,29,4.0
638,9967,0.0,-4,24,32,29,4.0
639,9967,0.0,-4,24,32,29,4.0
640,9967,0.0,-4,24,32,28,4.0
641,9967,0.0,-4,24,32,28,4.0
642,9967,0.0,-4,24,32,28,4.0
643,9967,0.0,-4,24,32,28,4.0
644,9967,0.0,-4,24,32,27,4.0
645,9967,0.0,-4,24,32,27,4.0
646,9967,0.0,-4,24,32,27,4.0
647,9967,0.0,-4,24,32,27,4.0
648,9967,0.0,-4,24,32,27,4.0
649,9967,0.0,-4,24,32,27,4.0
650,9967,0.0,-4,24,32,27,4.0
651,9967,0.0,-4,24,32,26,4.0
652,9967,0.0,-4,24,32,27,4.0
653,9967,0.0,-4,24,32,26,4.0
654,9967,0.0,-4,24,32,26,4.0
655,9967,0.0,-4,24,32,27,4.0
656,9967,0.0,-4,24,32,27,4.0
657,9967,0.0,-4,24,32,27,4.0
658,9967,0.0,-4,24,32,27,4.0
659,9967,0.0,-4,24,32,27,4.0
660,9967,0.0,-4,24,32,27,4.0
661,9967,0.0,-4,24,32,27,4.0
662,9967,0.0,-4,24,32,27,4.0
663,9967,0.0,-4,24,32,27,4.0
664,9967,0.0,-4,24,32,27,4.0
665,9967,0.0,-4,24,32,27,4.0
666,9967,0.0,-4,24,32,27,4.0
667,9967,0.0,-4,24,32,27,4.0
668,9967,0.0,-4,24,32,27,4.0
669,9967,0.0,-4,24,32,27,4.0
670,9967,0.0,-4,24,32,28,4.0
671,9967,0.0,-4,24,32,28,4.0
672,9967,0.0,-4,24,32,28,4.0
673,9967,0.0,-4,24,32,28,4.0
674,9967,0.0,-4,24,32,28,4.0
675,9967,0.0,-4,24,32,28,4.0
676,9967,0.0,-4,24,32,28,4.0
677,9967,0.0,-4,24,32,29,4.0
678,9967,0.0,-4,24,32,29,4.0
679,9967,0.0,-4,24,32,29,4.0
680,9967,0.0,-4,24,32,29,4.0
681,9967,0.0,-4,24,32,29,4.0
682,9967,0.0,-4,24,32,29,4.0
683,9967,0.0,-4,24,32,29,4.0
684,9967,0.0,-4,24,32,29,4.0
685,9967,0.0,-4,24,32,28,4.0
686,9967,0.0,-4,24,32,29,4.0
687,9967,0.0,-4,24,32,29,4.0
688,9967,0.0,-4,24,32,29,4.0
689,9967,0.0,-4,24,32,29,4.0
690,9967,0.0,-4,24,32,29,4.0
691,9967,0.0,-4,24,32,29,4.0
692,9967,0.0,-4,24,32,29,4.0
693,9967,0.0,-4,24,32,29,4.0
694,9967,0.0,-4,24,32,29,4.0
695,9967,0.0,-4,24,32,30,4.0
696,9967,0.0,-4,24,32,29,4.0
697,9967,0.0,-4,24,32,29,4.0
698,9967,0.0,-4,24,32,30,4.0
699,9967,0.0,-4,24,32,30,4.0
700,9967,0.0,-4,24,32,29,4.0
701,9967,0.0,-4,24,32,30,4.0
702,9967,0.0,-4,24,32,30,4.0
703,9967,0.0,-4,24,32,30,4.0
704,9967,0.0,-4,24,32,30,4.0
705,9967,0.0,-4,24,32,30,4.0
706,9967,0.0,-4,24,32,32,4.0
707,9967,0.0,-4,24,32,32,4.0
708,9967,0.0,-4,24,32,32,4.0
709,9967,0.0,-4,24,32,32,4.0
710,10000,0.0,0,0,0,32,4.0
711,10000,0.0,0,0,0,33,4.0
712,10000,0.0,0,0,0,33,4.0
713,10000,0.0,0,0,0,33,4.0
714,10000,0.0,0,0,0,33,4.0
715,10000,0.0,0,0,0,33,4.0
716,10000,0.0,0,0,0,33,4.0
717,10000,0.0,0,0,0,33,4.0
718,10000,0.0,0,0,0,33,4.0
719,10000,0.0,0,0,0,34,4.0
720,10000,0.0,0,0,0,34,4.0
721,10000,0.0,0,0,0,34,4.0
722,10000,0.0,0,0,0,34,4.0
723,10000,0.0,0,0,0,34,4.0
724,10000,0.0,0,0,0,34,4.0
725,10000,0.0,0,0,0,34,4.0
726,10000,0.0,0,0,0,34,4.0
727,10000,0.0,0,0,0,34,4.0
728,10000,0.0,0,0,0,34,4.0
729,10000,0.0,0,0,0,34,4.0
730,10000,0.0,0,0,0,34,4.0
731,10000,0.0,0,0,0,34,4.0
732,10000,0.0,0,0,0,34,4.0
733,10000,0.0,0,0,0,34,4.0
734,10000,0.0,0,0,0,34,4.0
735,10000,0.0,0,0,0,35,4.0
736,10000,0.0,0,0,0,35,4.0
737,10000,0.0,0,0,0,34,4.0
738,10000,0.0,0,0,0,35,4.0
739,10000,0.0,0,0,0,34,4.0
740,10000,0.0,0,0,0,35,4.0
741,10000,0.0,0,0,0,35,4.0
742,10000,0.0,0,0,0,35,4.0
743,10000,0.0,0,0,0,35,4.0
744,10000,0.0,0,0,0,35,4.0
745,10000,0.0,0,0,0,36,4.0
746,10000,0.0,0,0,0,35,4.0
747,10000,0.0,0,0,0,35,4.0
748,10000,0.0,0,0,0,35,4.0
749,10000,0.0,0,0,0,36,4.0
750,10000,0.0,0,0,0,36,4.0
751,10000,0.0,0,0,0,35,4.0
752,10000,0.0,0,0,0,35,4.0
753,10000,0.0,0,0,0,35,4.0
754,10000,0.0,0,0,0,35,4.0
755,10000,0.0,0,0,0,35,4.0
756,10000,0.0,0,0,0,35,4.0
757,10000,0.0,0,0,0,35,4.0
758,10000,0.0,0,0,0,35,4.0
759,10000,0.0,0,0,0,35,4.0
760,10000,0.0,0,0,0,35,4.0
761,10000,0.0,0,0,0,35,4.0
762,10000,0.0,0,0,0,35,4.0
763,10000,0.0,0,0,0,36,4.0
764,10000,0.0,0,0,0,35,4.0
765,10000,0.0,0,0,0,35,4.0
766,10000,0.0,0,0,0,35,4.0
767,10000,0.0,0,0,0,36,4.0
768,10000,0.0,0,0,0,36,4.0
769,10000,0.0,0,0,0,36,4.0
770,10000,0.0,0,0,0,36,4.0
771,10000,0.0,0,0,0,37,4.0
772,10000,0.0,0,0,0,38,4.0
773,10000,0.0,0,0,0,38,4.0
774,10000,0.0,0,0,0,38,4.0
775,10000,0.0,0,0,0,38,4.0
776,10000,0.0,0,0,0,39,4.0
777,10000,0.0,0,0,0,38,4.0
778,10000,0.0,0,0,0,38,4.0
779,10000,0.0,0,0,0,37,4.0
780,10000,0.0,0,0,0,38,4.0
781,10000,0.0,0,0,0,38,4.0
782,10000,0.0,0,0,0,38,4.0
783,10000,0.0,0,0,0,38,4.0
784,10000,0.0,0,0,0,38,4.0
785,10000,0.0,0,0,0,38,4.0
786,10000,0.0,0,0,0,38,4.0
787,10000,0.0,0,0,0,38,4.0
788,10000,0.0,0,0,0,38,4.0
789,10000,0.0,0,0,0,38,4.0
790,10000,0.0,0,0,0,38,4.0
791,10000,0.0,0,0,0,38,4.0
792,10000,0.0,0,0,0,38,4.0
793,10000,0.0,0,0,0,38,4.0
794,10000,0.0,0,0,0,38,4.0
795,10000,0.0,0,0,0,37,4.0
796,10000,0.0,0,0,0,36,4.0
797,10000,0.0,0,0,0,36,4.0
798,10000,0.0,0,0,0,36,4.0
799,10000,0.0,0,0,0,36,4.0
800,10000,0.0,0,0,0,35,4.0
801,10000,0.0,0,0,0,36,4.0
802,10000,0.0,0,0,0,36,4.0
803,10000,0.0,0,0,0,36,4.0
804,10000,0.0,0,0,0,36,4.0
805,10000,0.0,0,0,0,36,4.0
806,9963,1.0,0,32,40,36,5.0
807,9963,0.0,0,32,40,35,5.0
808,9963,0.0,0,32,40,36,5.0
809,9963,0.0,0,32,40,35,5.0
810,9963,0.0,0,32,40,36,5.0
811,9963,0.0,0,32,40,35,5.0
812,9963,0.0,0,32,40,36,5.0
813,9963,0.0,0,32,40,35,5.0
814,9963,0.0,0,32,40,36,5.0
815,9963,0.0,0,32,40,36,5.0
816,9963,0.0,0,32,40,36,5.0
817,9963,0.0,0,32,40,36,5.0
818,9963,0.0,0,32,40,36,5.0
819,9963,0.0,0,32,40,37,5.0
820,9963,0.0,0,32,40,37,5.0
821,9963,0.0,0,32,40,37,5.0
822,9963,0.0,0,32,40,37,5.0
823,9963,0.0,0,32,40,37,5.0
824,9963,0.0,0,32,40,37,5.0
825,9963,0.0,0,32,40,38,5.0
826,9963,0.0,0,32,40,38,5.0
827,9963,0.0,0,32,40,38,5.0
828,9963,0.0,0,32,40,37,5.0
829,9963,0.0,0,32,40,37,5.0
830,9963,0.0,0,32,40,37,5.0
831,9963,0.0,0,32,40,37,5.0
832,9963,0.0,0,32,40,39,5.0
833,9963,0.0,0,32,40,38,5.0
834,9963,0.0,0,32,40,39,5.0
835,9963,0.0,0,32,40,39,5.0
836,9963,0.0,0,32,40,40,5.0
837,9963,0.0,0,32,40,40,5.0
838,9963,0.0,0,32,40,38,5.0
839,9963,0.0,0,32,40,39,5.0
840,9963,0.0,0,32,40,39,5.0
841,9963,0.0,0,32,40,40,5.0
842,9963,0.0,0,32,40,40,5.0
843,9963,0.0,0,32,40,39,5.0
844,9963,0.0,0,32,40,39,5.0
845,9963,0.0,0,32,40,39,5.0
846,9963,0.0,0,32,40,39,5.0
847,9963,0.0,0,32,40,39,5.0
848,9963,0.0,0,32,40,39,5.0
849,9963,0.0,0,32,40,39,5.0
850,9963,0.0,0,32,40,40,5.0
851,10004,0.0,4,0,0,40,5.0
852,9963,1.0,4,36,44,40,6.0
853,9963,0.0,4,36,44,41,6.0
854,9963,0.0,4,36,44,41,6.0
855,9963,0.0,4,36,44,40,6.0
856,9963,0.0,4,36,44,40,6.0
857,9963,0.0,4,36,44,40,6.0
858,9963,0.0,4,36,44,39,6.0
859,9963,0.0,4,36,44,40,6.0
860,9963,0.0,4,36,44,40,6.0
861,9963,0.0,4,36,44,39,6.0
862,9963,0.0,4,36,44,39,6.0
863,9963,0.0,4,36,44,39,6.0
864,9963,0.0,4,36,44,39,6.0
865,9963,0.0,4,36,44,39,6.0
866,9963,0.0,4,36,44,39,6.0
867,9963,0.0,4,36,44,38,6.0
868,9963,0.0,4,36,44,37,6.0
869,9963,0.0,4,36,44,37,6.0
870,9963,0.0,4,36,44,38,6.0
871,9963,0.0,4,36,44,38,6.0
872,9963,0.0,4,36,44,38,6.0
873,9963,0.0,4,36,44,38,6.0
874,9963,0.0,4,36,44,38,6.0
875,9963,0.0,4,36,44,38,6.0
876,9963,0.0,4,36,44,38,6.0
877,9963,0.0,4,36,44,38,6.0
878,9963,0.0,4,36,44,38,6.0
879,9963,0.0,4,36,44,38,6.0
880,9963,0.0,4,36,44,38,6.0
881,9963,0.0,4,36,44,39,6.0
882,9963,0.0,4,36,44,39,6.0
883,9963,0.0,4,36,44,39,6.0
884,9963,0.0,4,36,44,39,6.0
885,9963,0.0,4,36,44,40,6.0
886,9963,0.0,4,36,44,39,6.0
887,9963,0.0,4,36,44,38,6.0
888,9963,0.0,4,36,44,39,6.0
889,9963,0.0,4,36,44,39,6.0
890,9963,0.0,4,36,44,39,6.0
891,9963,0.0,4,36,44,39,6.0
892,9963,0.0,4,36,44,39,6.0
893,9963,0.0,4,36,44,40,6.0
894,9963,0.0,4,36,44,41,6.0
895,9963,0.0,4,36,44,42,6.0
896,9963,0.0,4,36,44,41,6.0
897,9963,0.0,4,36,44,42,6.0
898,9963,0.0,4,36,44,43,6.0
899,9963,0.0,4,36,44,43,6.0
900,9963,0.0,4,36,44,43,6.0
901,9963,0.0,4,36,44,44,6.0
902,9963,0.0,4,36,44,43,6.0
903,9963,0.0,4,36,44,43,6.0
904,9963,0.0,4,36,44,43,6.0
905,9963,0.0,4,36,44,42,6.0
906,9963,0.0,4,36,44,42,6.0
907,9963,0.0,4,36,44,42,6.0
908,9963,0.0,4,36,44,42,6.0
909,9963,0.0,4,36,44,42,6.0
910,9963,0.0,4,36,44,43,6.0
911,9963,0.0,4,36,44,43,6.0
912,9963,0.0,4,36,44,43,6.0
913,9963,0.0,4,36,44,43,6.0
914,9963,0.0,4,36,44,43,6.0
915,9963,0.0,4,36,44,42,6.0
916,9963,0.0,4,36,44,42,6.0
917,9963,0.0,4,36,44,42,6.0
918,9963,0.0,4,36,44,42,6.0
919,9963,0.0,4,36,44,42,6.0
920,9963,0.0,4,36,44,42,6.0
921,9963,0.0,4,36,44,42,6.0
922,9963,0.0,4,36,44,42,6.0
923,9963,0.0,4,36,44,43,6.0
924,9963,0.0,4,36,44,42,6.0
925,9963,0.0,4,36,44,43,6.0
926,9963,0.0,4,36,44,43,6.0
927,9963,0.0,4,36,44,43,6.0
928,9963,0.0,4,36,44,44,6.0
929,9963,0.0,4,36,44,43,6.0
930,9963,0.0,4,36,44,43,6.0
931,9963,0.0,4,36,44,43,6.0
932,9963,0.0,4,36,44,43,6.0
933,9963,0.0,4,36,44,42,6.0
934,9963,0.0,4,36,44,42,6.0
935,9963,0.0,4,36,44,42,6.0
936,9963,0.0,4,36,44,42,6.0
937,9963,0.0,4,36,44,43,6.0
938,9963,0.0,4,36,44,43,6.0
939,9963,0.0,4,36,44,43,6.0
940,9963,0.0,4,36,44,43,6.0
941,9963,0.0,4,36,44,43,6.0
942,9963,0.0,4,36,44,43,6.0
943,9963,0.0,4,36,44,43,6.0
944,9963,0.0,4,36,44,43,6.0
945,9963,0.0,4,36,44,44,6.0
946,9963,0.0,4,36,44,44,6.0
947,9963,0.0,4,36,44,44,6.0
948,9963,0.0,4,36,44,44,6.0
949,9963,0.0,4,36,44,44,6.0
950,9963,0.0,4,36,44,44,6.0
951,9963,0.0,4,36,44,44,6.0
952,9963,0.0,4,36,44,43,6.0
953,9963,0.0,4,36,44,42,6.0
954,9963,0.0,4,36,44,42,6.0
955,9963,0.0,4,36,44,41,6.0
956,9963,0.0,4,36,44,41,6.0
957,9963,0.0,4,36,44,41,6.0
958,9963,0.0,4,36,44,41,6.0
959,9963,0.0,4,36,44,40,6.0
960,9963,0.0,4,36,44,39,6.0
961,9963,0.0,4,36,44,40,6.0
962,9963,0.0,4,36,44,39,6.0
963,9963,0.0,4,36,44,38,6.0
964,9963,0.0,4,36,44,39,6.0
965,9963,0.0,4,36,44,40,6.0
966,9963,0.0,4,36,44,41,6.0
967,9963,0.0,4,36,44,41,6.0
968,9963,0.0,4,36,44,43,6.0
969,9963,0.0,4,36,44,43,6.0
970,9963,0.0,4,36,44,42,6.0
971,9963,0.0,4,36,44,42,6.0
972,9963,0.0,4,36,44,43,6.0
973,9963,0.0,4,36,44,43,6.0
974,9963,0.0,4,36,44,44,6.0
975,9963,0.0,4,36,44,44,6.0
976,9963,0.0,4,36,44,44,6.0
977,9963,0.0,4,36,44,43,6.0
978,9963,0.0,4,36,44,44,6.0
979,9963,0.0,4,36,44,44,6.0
980,9963,0.0,4,36,44,44,6.0
981,9963,0.0,4,36,44,43,6.0
982,9963,0.0,4,36,44,44,6.0
983,10008,0.0,8,0,0,44,6.0
984,9962,1.0,8,41,49,45,7.0
985,9962,0.0,8,41,49,44,7.0
986,9962,0.0,8,41,49,44,7.0
987,9962,0.0,8,41,49,44,7.0
988,9962,0.0,8,41,49,44,7.0
989,9962,0.0,8,41,49,43,7.0
990,9962,0.0,8,41,49,43,7.0
991,9962,0.0,8,41,49,42,7.0
992,9962,0.0,8,41,49,42,7.0
993,10004,0.0,4,0,0,41,7.0
994,9960,1.0,4,39,47,43,8.0
995,9960,0.0,4,39,47,42,8.0
996,9960,0.0,4,39,47,41,8.0
997,9960,0.0,4,39,47,41,8.0
998,9960,0.0,4,39,47,41,8.0
999,9960,0.0,4,39,47,42,8.0
1000,9960,0.0,4,39,47,42,8.0
1001,9960,0.0,4,39,47,43,8.0
1002,9960,0.0,4,39,47,42,8.0
1003,9960,0.0,4,39,47,42,8.0
1004,9960,0.0,4,39,47,43,8.0
1005,9960,0.0,4,39,47,43,8.0
1006,9960,0.0,4,39,47,43,8.0
1007,9960,0.0,4,39,47,43,8.0
1008,9960,0.0,4,39,47,43,8.0
1009,9960,0.0,4,39,47,44,8.0
1010,9960,0.0,4,39,47,44,8.0
1011,9960,0.0,4,39,47,43,8.0
1012,9960,0.0,4,39,47,41,8.0
1013,9960,0.0,4,39,47,41,8.0
1014,9960,0.0,4,39,47,40,8.0
1015,9960,0.0,4,39,47,40,8.0
1016,9960,0.0,4,39,47,41,8.0
1017,9960,0.0,4,39,47,40,8.0
1018,9960,0.0,4,39,47,41,8.0
1019,9960,0.0,4,39,47,42,8.0
1020,9960,0.0,4,39,47,44,8.0
1021,9960,0.0,4,39,47,44,8.0
1022,9960,0.0,4,39,47,45,8.0
1023,9960,0.0,4,39,47,46,8.0
1024,9960,0.0,4,39,47,46,8.0
1025,9960,0.0,4,39,47,46,8.0
1026,10008,0.0,8,0,0,47,8.0
1027,9960,1.0,8,43,51,47,9.0
1028,9960,0.0,8,43,51,47,9.0
1029,9960,0.0,8,43,51,46,9.0
1030,9960,0.0,8,43,51,47,9.0
1031,9960,0.0,8,43,51,46,9.0
1032,9960,0.0,8,43,51,46,9.0
1033,9960,0.0,8,43,51,46,9.0
1034,9960,0.0,8,43,51,46,9.0
1035,9960,0.0,8,43,51,47,9.0
1036,9960,0.0,8,43,51,47,9.0
1037,9960,0.0,8,43,51,47,9.0
1038,9960,0.0,8,43,51,46,9.0
1039,9960,0.0,8,43,51,46,9.0
1040,9960,0.0,8,43,51,46,9.0
1041,9960,0.0,8,43,51,47,9.0
1042,9960,0.0,8,43,51,47,9.0
1043,9960,0.0,8,43,51,48,9.0
1044,9960,0.0,8,43,51,48,9.0
1045,9960,0.0,8,43,51,48,9.0
1046,9960,0.0,8,43,51,47,9.0
1047,9960,0.0,8,43,51,47,9.0
1048,9960,0.0,8,43,51,48,9.0
1049,9960,0.0,8,43,51,47,9.0
1050,9960,0.0,8,43,51,47,9.0
1051,9960,0.0,8,43,51,47,9.0
1052,9960,0.0,8,43,51,47,9.0
1053,9960,0.0,8,43,51,46,9.0
1054,9960,0.0,8,43,51,46,9.0
1055,9960,0.0,8,43,51,46,9.0
1056,9960,0.0,8,43,51,46,9.0
1057,9960,0.0,8,43,51,45,9.0
1058,9960,0.0,8,43,51,46,9.0
1059,9960,0.0,8,43,51,46,9.0
1060,9960,0.0,8,43,51,46,9.0
1061,9960,0.0,8,43,51,46,9.0
1062,9960,0.0,8,43,51,46,9.0
1063,9960,0.0,8,43,51,45,9.0
1064,9960,0.0,8,43,51,46,9.0
1065,9960,0.0,8,43,51,46,9.0
1066,9960,0.0,8,43,51,47,9.0
1067,9960,0.0,8,43,51,47,9.0
1068,9960,0.0,8,43,51,46,9.0
1069,9960,0.0,8,43,51,47,9.0
1070,9960,0.0,8,43,51,47,9.0
1071,9960,0.0,8,43,51,47,9.0
1072,9960,0.0,8,43,51,47,9.0
1073,9960,0.0,8,43,51,47,9.0
1074,9960,0.0,8,43,51,47,9.0
1075,9960,0.0,8,43,51,47,9.0
1076,9960,0.0,8,43,51,47,9.0
1077,9960,0.0,8,43,51,48,9.0
1078,9960,0.0,8,43,51,48,9.0
1079,9960,0.0,8,43,51,48,9.0
1080,9960,0.0,8,43,51,47,9.0
1081,9960,0.0,8,43,51,47,9.0
1082,9960,0.0,8,43,51,47,9.0
1083,9960,0.0,8,43,51,50,9.0
1084,10012,0.0,12,0,0,51,9.0
1085,9960,1.0,12,47,55,51,10.0
1086,9960,0.0,12,47,55,52,10.0
1087,9960,0.0,12,47,55,51,10.0
1088,9960,0.0,12,47,55,51,10.0
1089,9960,0.0,12,47,55,52,10.0
1090,9960,0.0,12,47,55,51,10.0
1091,9960,0.0,12,47,55,52,10.0
1092,9960,0.0,12,47,55,52,10.0
1093,9960,0.0,12,47,55,52,10.0
1094,9960,0.0,12,47,55,53,10.0
1095,9960,0.0,12,47,55,54,10.0
1096,9960,0.0,12,47,55,53,10.0
1097,9960,0.0,12,47,55,53,10.0
1098,9960,0.0,12,47,55,53,10.0
1099,9960,0.0,12,47,55,53,10.0
1100,9960,0.0,12,47,55,54,10.0
1101,9960,0.0,12,47,55,54,10.0
1102,9960,0.0,12,47,55,54,10.0
1103,9960,0.0,12,47,55,55,10.0
1104,10016,0.0,16,0,0,56,10.0
1105,10016,0.0,16,0,0,56,10.0
1106,10016,0.0,16,0,0,57,10.0
1107,10016,0.0,16,0,0,56,10.0
1108,10016,0.0,16,0,0,55,10.0
1109,10016,0.0,16,0,0,55,10.0
1110,10016,0.0,16,0,0,54,10.0
1111,10016,0.0,16,0,0,55,10.0
1112,10016,0.0,16,0,0,55,10.0
1113,10016,0.0,16,0,0,56,10.0
1114,10016,0.0,16,0,0,55,10.0
1115,10016,0.0,16,0,0,54,10.0
1116,10016,0.0,16,0,0,54,10.0
1117,10016,0.0,16,0,0,54,10.0
1118,10016,0.0,16,0,0,55,10.0
1119,10016,0.0,16,0,0,54,10.0
1120,10016,0.0,16,0,0,55,10.0
1121,10016,0.0,16,0,0,55,10.0
1122,10016,0.0,16,0,0,55,10.0
1123,10016,0.0,16,0,0,56,10.0
1124,10016,0.0,16,0,0,56,10.0
1125,10016,0.0,16,0,0,56,10.0
1126,10016,0.0,16,0,0,57,10.0
1127,10016,0.0,16,0,0,58,10.0
1128,10016,0.0,16,0,0,56,10.0
1129,10016,0.0,16,0,0,56,10.0
1130,10016,0.0,16,0,0,55,10.0
1131,10016,0.0,16,0,0,56,10.0
1132,9961,1.0,16,50,58,54,11.0
1133,9961,0.0,16,50,58,53,11.0
1134,9961,0.0,16,50,58,55,11.0
1135,9961,0.0,16,50,58,54,11.0
1136,9961,0.0,16,50,58,55,11.0
1137,9961,0.0,16,50,58,55,11.0
1138,9961,0.0,16,50,58,54,11.0
1139,9961,0.0,16,50,58,54,11.0
1140,9961,0.0,16,50,58,55,11.0
1141,9961,0.0,16,50,58,55,11.0
1142,9961,0.0,16,50,58,53,11.0
1143,9961,0.0,16,50,58,54,11.0
1144,9961,0.0,16,50,58,54,11.0
1145,9961,0.0,16,50,58,53,11.0
1146,9961,0.0,16,50,58,53,11.0
1147,9961,0.0,16,50,58,54,11.0
1148,9961,0.0,16,50,58,55,11.0
1149,9961,0.0,16,50,58,51,11.0
1150,9961,0.0,16,50,58,50,11.0
1151,9961,0.0,16,50,58,50,11.0
1152,9961,0.0,16,50,58,52,11.0
1153,9961,0.0,16,50,58,52,11.0
1154,9961,0.0,16,50,58,51,11.0
1155,10012,0.0,12,0,0,48,11.0
1156,9963,1.0,12,44,52,48,12.0
1157,9963,0.0,12,44,52,46,12.0
1158,9963,0.0,12,44,52,47,12.0
1159,9963,0.0,12,44,52,48,12.0
1160,9963,0.0,12,44,52,46,12.0
1161,9963,0.0,12,44,52,44,12.0
1162,9963,0.0,12,44,52,44,12.0
1163,10008,0.0,8,0,0,43,12.0
1164,9964,1.0,8,39,47,43,13.0
1165,9964,0.0,8,39,47,43,13.0
1166,9964,0.0,8,39,47,45,13.0
1167,9964,0.0,8,39,47,44,13.0
1168,9964,0.0,8,39,47,44,13.0
1169,9964,0.0,8,39,47,46,13.0
1170,9964,0.0,8,39,47,44,13.0
1171,9964,0.0,8,39,47,43,13.0
1172,9964,0.0,8,39,47,42,13.0
1173,9964,0.0,8,39,47,42,13.0
1174,9964,0.0,8,39,47,42,13.0
1175,9964,0.0,8,39,47,42,13.0
1176,9964,0.0,8,39,47,42,13.0
1177,9964,0.0,8,39,47,41,13.0
1178,9964,0.0,8,39,47,40,13.0
1179,9964,0.0,8,39,47,41,13.0
1180,9964,0.0,8,39,47,40,13.0
1181,10004,0.0,4,0,0,39,13.0
1182,9966,1.0,4,33,41,37,14.0
1183,9966,0.0,4,33,41,36,14.0
1184,9966,0.0,4,33,41,39,14.0
1185,9966,0.0,4,33,41,39,14.0
1186,9966,0.0,4,33,41,39,14.0
1187,9966,0.0,4,33,41,39,14.0
1188,9966,0.0,4,33,41,39,14.0
1189,9966,0.0,4,33,41,35,14.0
1190,9966,0.0,4,33,41,37,14.0
1191,9966,0.0,4,33,41,36,14.0
1192,9966,0.0,4,33,41,37,14.0
1193,9966,0.0,4,33,41,38,14.0
1194,9966,0.0,4,33,41,38,14.0
1195,9966,0.0,4,33,41,38,14.0
1196,9966,0.0,4,33,41,37,14.0
1197,9966,0.0,4,33,41,38,14.0
1198,9966,0.0,4,33,41,38,14.0
1199,9966,0.0,4,33,41,38,14.0
1200,9966,0.0,4,33,41,39,14.0
1201,9966,0.0,4,33,41,38,14.0
1202,9966,0.0,4,33,41,38,14.0
1203,9966,0.0,4,33,41,38,14.0
1204,9966,0.0,4,33,41,39,14.0
1205,9966,0.0,4,33,41,39,14.0
1206,9966,0.0,4,33,41,38,14.0
1207,9966,0.0,4,33,41,41,14.0
1208,9966,0.0,4,33,41,41,14.0
1209,9966,0.0,4,33,41,41,14.0
1210,10008,0.0,8,0,0,42,14.0
1211,9964,1.0,8,39,47,43,15.0
1212,9964,0.0,8,39,47,43,15.0
1213,9964,0.0,8,39,47,42,15.0
1214,9964,0.0,8,39,47,42,15.0
1215,9964,0.0,8,39,47,42,15.0
1216,9964,0.0,8,39,47,42,15.0
1217,9964,0.0,8,39,47,42,15.0
1218,9964,0.0,8,39,47,42,15.0
1219,9964,0.0,8,39,47,42,15.0
1220,9964,0.0,8,39,47,42,15.0
1221,9964,0.0,8,39,47,43,15.0
1222,9964,0.0,8,39,47,42,15.0
1223,9964,0.0,8,39,47,43,15.0
1224,9964,0.0,8,39,47,43,15.0
1225,9964,0.0,8,39,47,43,15.0
1226,9964,0.0,8,39,47,43,15.0
1227,9964,0.0,8,39,47,43,15.0
1228,9964,0.0,8,39,47,43,15.0
1229,9964,0.0,8,39,47,43,15.0
1230,9964,0.0,8,39,47,43,15.0
1231,9964,0.0,8,39,47,43,15.0
1232,9964,0.0,8,39,47,43,15.0
1233,9964,0.0,8,39,47,43,15.0
1234,9964,0.0,8,39,47,44,15.0
1235,9964,0.0,8,39,47,45,15.0
1236,9964,0.0,8,39,47,45,15.0
1237,9964,0.0,8,39,47,45,15.0
1238,9964,0.0,8,39,47,46,15.0
1239,9964,0.0,8,39,47,47,15.0
1240,9964,0.0,8,39,47,46,15.0
1241,9964,0.0,8,39,47,47,15.0
1242,10012,0.0,12,0,0,48,15.0
1243,9964,1.0,12,43,51,47,16.0
1244,9964,0.0,12,43,51,47,16.0
1245,9964,0.0,12,43,51,46,16.0
1246,9964,0.0,12,43,51,47,16.0
1247,9964,0.0,12,43,51,47,16.0
1248,9964,0.0,12,43,51,47,16.0
1249,9964,0.0,12,43,51,47,16.0
1250,9964,0.0,12,43,51,48,16.0
1251,9964,0.0,12,43,51,48,16.0
1252,9964,0.0,12,43,51,48,16.0
1253,9964,0.0,12,43,51,49,16.0
1254,9964,0.0,12,43,51,50,16.0
1255,9964,0.0,12,43,51,49,16.0
1256,9964,0.0,12,43,51,50,16.0
1257,9964,0.0,12,43,51,49,16.0
1258,9964,0.0,12,43,51,49,16.0
1259,9964,0.0,12,43,51,49,16.0
1260,9964,0.0,12,43,51,49,16.0
1261,9964,0.0,12,43,51,50,16.0
1262,9964,0.0,12,43,51,50,16.0
1263,9964,0.0,12,43,51,51,16.0
1264,10016,0.0,16,0,0,51,16.0
1265,9964,1.0,16,47,55,51,17.0
1266,9964,0.0,16,47,55,51,17.0
1267,9964,0.0,16,47,55,51,17.0
1268,9964,0.0,16,47,55,51,17.0
1269,9964,0.0,16,47,55,50,17.0
1270,9964,0.0,16,47,55,52,17.0
1271,9964,0.0,16,47,55,52,17.0
1272,9964,0.0,16,47,55,52,17.0
1273,9964,0.0,16,47,55,52,17.0
1274,9964,0.0,16,47,55,50,17.0
1275,9964,0.0,16,47,55,50,17.0
1276,9964,0.0,16,47,55,50,17.0
1277,9964,0.0,16,47,55,49,17.0
1278,10012,0.0,12,0,0,46,17.0
1279,9964,1.0,12,43,51,47,18.0
1280,9964,0.0,12,43,51,47,18.0
1281,9964,0.0,12,43,51,47,18.0
1282,9964,0.0,12,43,51,47,18.0
1283,9964,0.0,12,43,51,45,18.0
1284,9964,0.0,12,43,51,46,18.0
1285,9964,0.0,12,43,51,45,18.0
1286,9964,0.0,12,43,51,44,18.0
1287,9964,0.0,12,43,51,44,18.0
1288,9964,0.0,12,43,51,44,18.0
1289,9964,0.0,12,43,51,44,18.0
1290,9964,0.0,12,43,51,44,18.0
1291,9964,0.0,12,43,51,43,18.0
1292,9964,0.0,12,43,51,43,18.0
1293,9964,0.0,12,43,51,44,18.0
1294,9964,0.0,12,43,51,45,18.0
1295,9964,0.0,12,43,51,46,18.0
1296,9964,0.0,12,43,51,47,18.0
1297,9964,0.0,12,43,51,48,18.0
1298,9964,0.0,12,43,51,48,18.0
1299,9964,0.0,12,43,51,48,18.0
1300,9964,0.0,12,43,51,48,18.0
1301,9964,0.0,12,43,51,48,18.0
1302,9964,0.0,12,43,51,48,18.0
1303,9964,0.0,12,43,51,49,18.0
1304,9964,0.0,12,43,51,49,18.0
1305,9964,0.0,12,43,51,49,18.0
1306,9964,0.0,12,43,51,49,18.0
1307,9964,0.0,12,43,51,49,18.0
1308,9964,0.0,12,43,51,48,18.0
1309,9964,0.0,12,43,51,49,18.0
1310,9964,0.0,12,43,51,49,18.0
1311,9964,0.0,12,43,51,49,18.0
1312,9964,0.0,12,43,51,50,18.0
1313,9964,0.0,12,43,51,50,18.0
1314,9964,0.0,12,43,51,51,18.0
1315,9964,0.0,12,43,51,51,18.0
1316,9964,0.0,12,43,51,50,18.0
1317,9964,0.0,12,43,51,50,18.0
1318,9964,0.0,12,43,51,50,18.0
1319,9964,0.0,12,43,51,50,18.0
1320,9964,0.0,12,43,51,50,18.0
1321,10016,0.0,16,0,0,51,18.0
1322,9964,1.0,16,47,55,51,19.0
1323,9964,0.0,16,47,55,50,19.0
1324,9964,0.0,16,47,55,51,19.0
1325,9964,0.0,16,47,55,50,19.0
1326,9964,0.0,16,47,55,51,19.0
1327,9964,0.0,16,47,55,52,19.0
1328,9964,0.0,16,47,55,52,19.0
1329,9964,0.0,16,47,55,51,19.0
1330,9964,0.0,16,47,55,51,19.0
1331,9964,0.0,16,47,55,52,19.0
1332,9964,0.0,16,47,55,52,19.0
1333,9964,0.0,16,47,55,53,19.0
1334,9964,0.0,16,47,55,52,19.0
1335,9964,0.0,16,47,55,51,19.0
1336,9964,0.0,16,47,55,48,19.0
1337,9964,0.0,16,47,55,49,19.0
1338,9964,0.0,16,47,55,49,19.0
1339,9964,0.0,16,47,55,50,19.0
1340,9964,0.0,16,47,55,50,19.0
1341,9964,0.0,16,47,55,50,19.0
1342,9964,0.0,16,47,55,52,19.0
1343,9964,0.0,16,47,55,50,19.0
1344,9964,0.0,16,47,55,50,19.0
1345,9964,0.0,16,47,55,51,19.0
1346,9964,0.0,16,47,55,52,19.0
1347,9964,0.0,16,47,55,52,19.0
1348,9964,0.0,16,47,55,53,19.0
1349,9964,0.0,16,47,55,53,19.0
1350,9964,0.0,16,47,55,50,19.0
1351,9964,0.0,16,47,55,51,19.0
1352,9964,0.0,16,47,55,51,19.0
1353,9964,0.0,16,47,55,51,19.0
1354,9964,0.0,16,47,55,52,19.0
1355,9964,0.0,16,47,55,52,19.0
1356,9964,0.0,16,47,55,51,19.0
1357,9964,0.0,16,47,55,52,19.0
1358,9964,0.0,16,47,55,53,19.0
1359,9964,0.0,16,47,55,53,19.0
1360,9964,0.0,16,47,55,53,19.0
1361,9964,0.0,16,47,55,54,19.0
1362,10020,0.0,20,0,0,55,19.0
1363,9964,1.0,20,51,59,55,20.0
1364,9964,0.0,20,51,59,54,20.0
1365,9964,0.0,20,51,59,54,20.0
1366,9964,0.0,20,51,59,55,20.0
1367,9964,0.0,20,51,59,55,20.0
1368,9964,0.0,20,51,59,55,20.0
1369,9964,0.0,20,51,59,54,20.0
1370,9964,0.0,20,51,59,54,20.0
1371,9964,0.0,20,51,59,54,20.0
1372,9964,0.0,20,51,59,55,20.0
1373,9964,0.0,20,51,59,54,20.0
1374,9964,0.0,20,51,59,54,20.0
1375,9964,0.0,20,51,59,55,20.0
1376,9964,0.0,20,51,59,56,20.0
1377,9964,0.0,20,51,59,54,20.0
1378,9964,0.0,20,51,59,55,20.0
1379,9964,0.0,20,51,59,56,20.0
1380,9964,0.0,20,51,59,56,20.0
1381,9964,0.0,20,51,59,56,20.0
1382,9964,0.0,20,51,59,56,20.0
1383,9964,0.0,20,51,59,57,20.0
1384,9964,0.0,20,51,59,59,20.0
1385,9964,0.0,20,51,59,58,20.0
1386,9964,0.0,20,51,59,58,20.0
1387,9964,0.0,20,51,59,58,20.0
1388,9964,0.0,20,51,59,58,20.0
1389,9964,0.0,20,51,59,59,20.0
1390,10024,0.0,24,0,0,60,20.0
1391,10024,0.0,24,0,0,59,20.0
1392,10024,0.0,24,0,0,60,20.0
1393,10024,0.0,24,0,0,60,20.0
1394,10024,0.0,24,0,0,61,20.0
1395,10024,0.0,24,0,0,62,20.0
1396,10024,0.0,24,0,0,60,20.0
1397,10024,0.0,24,0,0,60,20.0
1398,10024,0.0,24,0,0,62,20.0
1399,10024,0.0,24,0,0,63,20.0
1400,10024,0.0,24,0,0,64,20.0
1401,10024,0.0,24,0,0,64,20.0
1402,10024,0.0,24,0,0,64,20.0
1403,10024,0.0,24,0,0,64,20.0
1404,10024,0.0,24,0,0,65,20.0
1405,10024,0.0,24,0,0,65,20.0
1406,10024,0.0,24,0,0,65,20.0
1407,10024,0.0,24,0,0,66,20.0
1408,10024,0.0,24,0,0,65,20.0
1409,10024,0.0,24,0,0,66,20.0
1410,10024,0.0,24,0,0,66,20.0
1411,10024,0.0,24,0,0,66,20.0
1412,10024,0.0,24,0,0,65,20.0
1413,10024,0.0,24,0,0,65,20.0
1414,10024,0.0,24,0,0,65,20.0
1415,10024,0.0,24,0,0,66,20.0
1416,10024,0.0,24,0,0,66,20.0
1417,10024,0.0,24,0,0,66,20.0
1418,10024,0.0,24,0,0,66,20.0
1419,10024,0.0,24,0,0,66,20.0
1420,10024,0.0,24,0,0,64,20.0
1421,10024,0.0,24,0,0,65,20.0
1422,10024,0.0,24,0,0,66,20.0
1423,10024,0.0,24,0,0,67,20.0
1424,10024,0.0,24,0,0,66,20.0
1425,10024,0.0,24,0,0,67,20.0
1426,10024,0.0,24,0,0,67,20.0
1427,10024,0.0,24,0,0,67,20.0
1428,10024,0.0,24,0,0,68,20.0
1429,10024,0.0,24,0,0,69,20.0
1430,10024,0.0,24,0,0,70,20.0
1431,10024,0.0,24,0,0,69,20.0
1432,10024,0.0,24,0,0,70,20.0
1433,10024,0.0,24,0,0,69,20.0
1434,10024,0.0,24,0,0,71,20.0
1435,10024,0.0,24,0,0,71,20.0
1436,10024,0.0,24,0,0,72,20.0
1437,10024,0.0,24,0,0,72,20.0
1438,10024,0.0,24,0,0,72,20.0
1439,10024,0.0,24,0,0,73,20.0
1440,10024,0.0,24,0,0,75,20.0
1441,10024,0.0,24,0,0,74,20.0
1442,10024,0.0,24,0,0,74,20.0
1443,10024,0.0,24,0,0,74,20.0
1444,10024,0.0,24,0,0,75,20.0
1445,10024,0.0,24,0,0,77,20.0
1446,10024,0.0,24,0,0,77,20.0
1447,10024,0.0,24,0,0,79,20.0
1448,10024,0.0,24,0,0,78,20.0
1449,10024,0.0,24,0,0,77,20.0
1450,10024,0.0,24,0,0,78,20.0
1451,10024,0.0,24,0,0,79,20.0
1452,10024,0.0,24,0,0,79,20.0
1453,10024,0.0,24,0,0,79,20.0
1454,10024,0.0,24,0,0,79,20.0
1455,10024,0.0,24,0,0,79,20.0
1456,10024,0.0,24,0,0,77,20.0
1457,10024,0.0,24,0,0,79,20.0
1458,10024,0.0,24,0,0,81,20.0
1459,10024,0.0,24,0,0,80,20.0
1460,10024,0.0,24,0,0,77,20.0
1461,10024,0.0,24,0,0,77,20.0
1462,10024,0.0,24,0,0,79,20.0
1463,10024,0.0,24,0,0,80,20.0
1464,10024,0.0,24,0,0,81,20.0
1465,10024,0.0,24,0,0,80,20.0
1466,10024,0.0,24,0,0,80,20.0
1467,10024,0.0,24,0,0,79,20.0
1468,10024,0.0,24,0,0,81,20.0
1469,10024,0.0,24,0,0,81,20.0
1470,10024,0.0,24,0,0,81,20.0
1471,10024,0.0,24,0,0,79,20.0
1472,10024,0.0,24,0,0,80,20.0
1473,10024,0.0,24,0,0,80,20.0
1474,10024,0.0,24,0,0,78,20.0
1475,10024,0.0,24,0,0,74,20.0
1476,9951,1.0,24,68,76,72,21.0
1477,9951,0.0,24,68,76,73,21.0
1478,9951,0.0,24,68,76,68,21.0
1479,9951,0.0,24,68,76,68,21.0
1480,9951,0.0,24,68,76,74,21.0
1481,9951,0.0,24,68,76,72,21.0
1482,9951,0.0,24,68,76,75,21.0
1483,9951,0.0,24,68,76,73,21.0
1484,9951,0.0,24,68,76,72,21.0
1485,10020,0.0,20,0,0,66,21.0
1486,9948,1.0,20,67,75,71,22.0
1487,9948,0.0,20,67,75,68,22.0
1488,10016,0.0,16,0,0,62,22.0
1489,9946,1.0,16,65,73,69,23.0
1490,10012,0.0,12,0,0,60,23.0
1491,9948,1.0,12,59,67,63,24.0
1492,9948,0.0,12,59,67,61,24.0
1493,9948,0.0,12,59,67,61,24.0
1494,10008,0.0,8,0,0,57,24.0
1495,9951,1.0,8,52,60,56,25.0
1496,10012,0.0,12,0,0,61,25.0
1497,9950,1.0,12,57,65,61,26.0
1498,9950,0.0,12,57,65,64,26.0
1499,9950,0.0,12,57,65,61,26.0
1500,9950,0.0,12,57,65,63,26.0
1501,9950,0.0,12,57,65,63,26.0
1502,9950,0.0,12,57,65,60,26.0
1503,9950,0.0,12,57,65,61,26.0
1504,9950,0.0,12,57,65,60,26.0
1505,10016,0.0,16,0,0,65,26.0
1506,9951,1.0,16,60,68,64,27.0
1507,9951,0.0,16,60,68,66,27.0
1508,9951,0.0,16,60,68,66,27.0
1509,9951,0.0,16,60,68,68,27.0
1510,10020,0.0,20,0,0,71,27.0
1511,9948,1.0,20,67,75,71,28.0
1512,9948,0.0,20,67,75,71,28.0
1513,9948,0.0,20,67,75,70,28.0
1514,9948,0.0,20,67,75,69,28.0
1515,10016,0.0,16,0,0,67,28.0
1516,9946,1.0,16,65,73,69,29.0
1517,9946,0.0,16,65,73,68,29.0
1518,9946,0.0,16,65,73,70,29.0
1519,9946,0.0,16,65,73,70,29.0
1520,9946,0.0,16,65,73,69,29.0
1521,9946,0.0,16,65,73,71,29.0
1522,10020,0.0,20,0,0,73,29.0
1523,9947,1.0,20,68,76,72,30.0
1524,9947,0.0,20,68,76,73,30.0
1525,9947,0.0,20,68,76,74,30.0
1526,9947,0.0,20,68,76,75,30.0
1527,9947,0.0,20,68,76,75,30.0
1528,10024,0.0,24,0,0,77,30.0
1529,9945,1.0,24,74,82,78,31.0
1530,9945,0.0,24,74,82,77,31.0
1531,9945,0.0,24,74,82,76,31.0
1532,9945,0.0,24,74,82,77,31.0
1533,9945,0.0,24,74,82,76,31.0
1534,9945,0.0,24,74,82,78,31.0
1535,9945,0.0,24,74,82,78,31.0
1536,9945,0.0,24,74,82,79,31.0
1537,9945,0.0,24,74,82,79,31.0
1538,9945,0.0,24,74,82,79,31.0
1539,9945,0.0,24,74,82,79,31.0
1540,9945,0.0,24,74,82,79,31.0
1541,9945,0.0,24,74,82,79,31.0
1542,9945,0.0,24,74,82,79,31.0
1543,9945,0.0,24,74,82,80,31.0
1544,9945,0.0,24,74,82,80,31.0
1545,9945,0.0,24,74,82,81,31.0
1546,9945,0.0,24,74,82,80,31.0
1547,10028,0.0,28,0,0,82,31.0
1548,9944,1.0,28,79,87,83,32.0
1549,9944,0.0,28,79,87,85,32.0
1550,10032,0.0,32,0,0,88,32.0
1551,9948,1.0,32,79,87,83,33.0
1552,9948,0.0,32,79,87,84,33.0
1553,9948,0.0,32,79,87,85,33.0
1554,10036,0.0,36,0,0,88,33.0
1555,9948,1.0,36,83,91,87,34.0
1556,9948,0.0,36,83,91,87,34.0
1557,9948,0.0,36,83,91,87,34.0
1558,9948,0.0,36,83,91,89,34.0
1559,9948,0.0,36,83,91,91,34.0
1560,9948,0.0,36,83,91,90,34.0
1561,9948,0.0,36,83,91,91,34.0
1562,9948,0.0,36,83,91,88,34.0
1563,9948,0.0,36,83,91,90,34.0
1564,9948,0.0,36,83,91,91,34.0
1565,9948,0.0,36,83,91,91,34.0
1566,9948,0.0,36,83,91,91,34.0
1567,10040,0.0,40,0,0,93,34.0
1568,9946,1.0,40,89,97,93,35.0
1569,9946,0.0,40,89,97,95,35.0
1570,9946,0.0,40,89,97,95,35.0
1571,9946,0.0,40,89,97,95,35.0
1572,9946,0.0,40,89,97,95,35.0
1573,9946,0.0,40,89,97,97,35.0
1574,10044,0.0,44,0,0,97,35.0
1575,9947,1.0,44,92,100,96,36.0
1576,9947,0.0,44,92,100,96,36.0
1577,9947,0.0,44,92,100,98,36.0
1578,9947,0.0,44,92,100,97,36.0
1579,9947,0.0,44,92,100,97,36.0
1580,9947,0.0,44,92,100,92,36.0
1581,9947,0.0,44,92,100,92,36.0
1582,9947,0.0,44,92,100,94,36.0
1583,9947,0.0,44,92,100,93,36.0
1584,9947,0.0,44,92,100,95,36.0
1585,9947,0.0,44,92,100,96,36.0
1586,10048,0.0,48,0,0,106,36.0
1587,10048,0.0,48,0,0,108,36.0
1588,10048,0.0,48,0,0,109,36.0
1589,10048,0.0,48,0,0,110,36.0
1590,10048,0.0,48,0,0,113,36.0
1591,10048,0.0,48,0,0,111,36.0
1592,10048,0.0,48,0,0,112,36.0
1593,10048,0.0,48,0,0,109,36.0
1594,10048,0.0,48,0,0,113,36.0
1595,10048,0.0,48,0,0,115,36.0
1596,10048,0.0,48,0,0,114,36.0
1597,10048,0.0,48,0,0,114,36.0
1598,10048,0.0,48,0,0,115,36.0
1599,10048,0.0,48,0,0,115,36.0
1600,10048,0.0,48,0,0,118,36.0
1601,10048,0.0,48,0,0,124,36.0
1602,10048,0.0,48,0,0,125,36.0
1603,10048,0.0,48,0,0,124,36.0
1604,10048,0.0,48,0,0,126,36.0
1605,10048,0.0,48,0,0,125,36.0
1606,10048,0.0,48,0,0,124,36.0
1607,10048,0.0,48,0,0,129,36.0
1608,10048,0.0,48,0,0,134,36.0
1609,10048,0.0,48,0,0,131,36.0
1610,10048,0.0,48,0,0,120,36.0
1611,10048,0.0,48,0,0,120,36.0
1612,10048,0.0,48,0,0,112,36.0
1613,10048,0.0,48,0,0,117,36.0
1614,10048,0.0,48,0,0,113,36.0
1615,10048,0.0,48,0,0,112,36.0
1616,10048,0.0,48,0,0,115,36.0
1617,10048,0.0,48,0,0,115,36.0
1618,10048,0.0,48,0,0,112,36.0
1619,10048,0.0,48,0,0,110,36.0
1620,10048,0.0,48,0,0,106,36.0
1621,10048,0.0,48,0,0,110,36.0
1622,10048,0.0,48,0,0,111,36.0
1623,9940,1.0,48,103,111,107,37.0
1624,9940,0.0,48,103,111,108,37.0
1625,10052,0.0,52,0,0,112,37.0
1626,10052,0.0,52,0,0,114,37.0
1627,10052,0.0,52,0,0,114,37.0
1628,10052,0.0,52,0,0,115,37.0
1629,10052,0.0,52,0,0,116,37.0
1630,9938,1.0,52,109,117,113,38.0
1631,9938,0.0,52,109,117,116,38.0
1632,9938,0.0,52,109,117,113,38.0
1633,9938,0.0,52,109,117,115,38.0
1634,9938,0.0,52,109,117,114,38.0
1635,9938,0.0,52,109,117,116,38.0
1636,10056,0.0,56,0,0,124,38.0
1637,10056,0.0,56,0,0,121,38.0
1638,10056,0.0,56,0,0,121,38.0
1639,10056,0.0,56,0,0,120,38.0
1640,9936,1.0,56,115,123,119,39.0
1641,9936,0.0,56,115,123,115,39.0
1642,9936,0.0,56,115,123,117,39.0
1643,9936,0.0,56,115,123,116,39.0
1644,9936,0.0,56,115,123,115,39.0
1645,9936,0.0,56,115,123,115,39.0
1646,9936,0.0,56,115,123,115,39.0
1647,9936,0.0,56,115,123,116,39.0
1648,10052,0.0,52,0,0,111,39.0
1649,9936,1.0,52,111,119,115,40.0
1650,10048,0.0,48,0,0,108,40.0
1651,9939,1.0,48,104,112,108,41.0
1652,9939,0.0,48,104,112,110,41.0
1653,10052,0.0,52,0,0,114,41.0
1654,9932,1.0,52,115,123,119,42.0
1655,9932,0.0,52,115,123,118,42.0
1656,9932,0.0,52,115,123,116,42.0
1657,9932,0.0,52,115,123,115,42.0
1658,9932,0.0,52,115,123,119,42.0
1659,9932,0.0,52,115,123,119,42.0
1660,9932,0.0,52,115,123,119,42.0
1661,9932,0.0,52,115,123,120,42.0
1662,9932,0.0,52,115,123,119,42.0
1663,9932,0.0,52,115,123,118,42.0
1664,9932,0.0,52,115,123,118,42.0
1665,9932,0.0,52,115,123,117,42.0
1666,10048,0.0,48,0,0,113,42.0
1667,9932,1.0,48,111,119,115,43.0
1668,9932,0.0,48,111,119,116,43.0
1669,9932,0.0,48,111,119,116,43.0
1670,9932,0.0,48,111,119,119,43.0
1671,10052,0.0,52,0,0,122,43.0
1672,9928,1.0,52,119,127,123,44.0
1673,9928,0.0,52,119,127,122,44.0
1674,9928,0.0,52,119,127,122,44.0
1675,9928,0.0,52,119,127,123,44.0
1676,9928,0.0,52,119,127,124,44.0
1677,9928,0.0,52,119,127,121,44.0
1678,9928,0.0,52,119,127,123,44.0
1679,9928,0.0,52,119,127,122,44.0
1680,9928,0.0,52,119,127,121,44.0
1681,10056,0.0,56,0,0,127,44.0
1682,9928,1.0,56,123,131,127,45.0
1683,9928,0.0,56,123,131,128,45.0
1684,9928,0.0,56,123,131,126,45.0
1685,9928,0.0,56,123,131,128,45.0
1686,10060,0.0,60,0,0,131,45.0
1687,9929,1.0,60,126,134,130,46.0
1688,9929,0.0,60,126,134,131,46.0
1689,10064,0.0,64,0,0,136,46.0
1690,9929,1.0,64,130,138,134,47.0
1691,9929,0.0,64,130,138,133,47.0
1692,9929,0.0,64,130,138,132,47.0
1693,10060,0.0,60,0,0,129,47.0
1694,9928,1.0,60,127,135,131,48.0
1695,10056,0.0,56,0,0,126,48.0
1696,9925,1.0,56,126,134,130,49.0
1697,9925,0.0,56,126,134,132,49.0
1698,9925,0.0,56,126,134,128,49.0
1699,9925,0.0,56,126,134,128,49.0
1700,9925,0.0,56,126,134,130,49.0
1701,9925,0.0,56,126,134,128,49.0
1702,9925,0.0,56,126,134,127,49.0
1703,9925,0.0,56,126,134,127,49.0
1704,9925,0.0,56,126,134,132,49.0
1705,10060,0.0,60,0,0,136,49.0
1706,9920,1.0,60,135,143,139,50.0
1707,9920,0.0,60,135,143,142,50.0
1708,10064,0.0,64,0,0,143,50.0
1709,9921,1.0,64,138,146,142,51.0
1710,10060,0.0,60,0,0,137,51.0
1711,9928,1.0,60,127,135,131,52.0
1712,9928,0.0,60,127,135,134,52.0
1713,9928,0.0,60,127,135,134,52.0
1714,9928,0.0,60,127,135,133,52.0
1715,10064,0.0,64,0,0,137,52.0
1716,9927,1.0,64,132,140,136,53.0
1717,9927,0.0,64,132,140,136,53.0
1718,9927,0.0,64,132,140,136,53.0
1719,9927,0.0,64,132,140,135,53.0
1720,9927,0.0,64,132,140,135,53.0
1721,9927,0.0,64,132,140,135,53.0
1722,9927,0.0,64,132,140,133,53.0
1723,10060,0.0,60,0,0,130,53.0
1724,9930,1.0,60,125,133,129,54.0
1725,9930,0.0,60,125,133,129,54.0
1726,9930,0.0,60,125,133,126,54.0
1727,9930,0.0,60,125,133,125,54.0
1728,10056,0.0,56,0,0,125,54.0
1729,9935,1.0,56,116,124,120,55.0
1730,9935,0.0,56,116,124,121,55.0
1731,10060,0.0,60,0,0,127,55.0
1732,9934,1.0,60,121,129,125,56.0
1733,9934,0.0,60,121,129,122,56.0
1734,10056,0.0,56,0,0,120,56.0
1735,9934,1.0,56,117,125,121,57.0
1736,10052,0.0,52,0,0,116,57.0
1737,9930,1.0,52,117,125,121,58.0
1738,9930,0.0,52,117,125,119,58.0
1739,9930,0.0,52,117,125,121,58.0
1740,9930,0.0,52,117,125,121,58.0
1741,9930,0.0,52,117,125,123,58.0
1742,10056,0.0,56,0,0,125,58.0
1743,9931,1.0,56,120,128,124,59.0
1744,10052,0.0,52,0,0,120,59.0
1745,9932,1.0,52,115,123,119,60.0
1746,9932,0.0,52,115,123,123,60.0
1747,9932,0.0,52,115,123,122,60.0
1748,9932,0.0,52,115,123,120,60.0
1749,9932,0.0,52,115,123,120,60.0
1750,9932,0.0,52,115,123,121,60.0
1751,9932,0.0,52,115,123,121,60.0
1752,9932,0.0,52,115,123,119,60.0
1753,9932,0.0,52,115,123,122,60.0
1754,9932,0.0,52,115,123,123,60.0
1755,10056,0.0,56,0,0,125,60.0
1756,9929,1.0,56,122,130,126,61.0
1757,9929,0.0,56,122,130,127,61.0
1758,10060,0.0,60,0,0,130,61.0
1759,9927,1.0,60,129,137,133,62.0
1760,9927,0.0,60,129,137,131,62.0
1761,9927,0.0,60,129,137,134,62.0
1762,9927,0.0,60,129,137,132,62.0
1763,9927,0.0,60,129,137,134,62.0
1764,9927,0.0,60,129,137,134,62.0
1765,9927,0.0,60,129,137,134,62.0
1766,9927,0.0,60,129,137,133,62.0
1767,9927,0.0,60,129,137,133,62.0
1768,9927,0.0,60,129,137,131,62.0
1769,9927,0.0,60,129,137,134,62.0
1770,9927,0.0,60,129,137,134,62.0
1771,9927,0.0,60,129,137,134,62.0
1772,9927,0.0,60,129,137,133,62.0
1773,9927,0.0,60,129,137,133,62.0
1774,9927,0.0,60,129,137,131,62.0
1775,9927,0.0,60,129,137,132,62.0
1776,10056,0.0,56,0,0,127,62.0
1777,9927,1.0,56,124,132,128,63.0
1778,9927,0.0,56,124,132,129,63.0
1779,9927,0.0,56,124,132,130,63.0
1780,9927,0.0,56,124,132,126,63.0
1781,9927,0.0,56,124,132,125,63.0
1782,10052,0.0,52,0,0,122,63.0
1783,9927,1.0,52,120,128,124,64.0
1784,9927,0.0,52,120,128,127,64.0
1785,9927,0.0,52,120,128,126,64.0
1786,9927,0.0,52,120,128,124,64.0
1787,9927,0.0,52,120,128,124,64.0
1788,9927,0.0,52,120,128,127,64.0
1789,9927,0.0,52,120,128,125,64.0
1790,9927,0.0,52,120,128,127,64.0
1791,9927,0.0,52,120,128,126,64.0
1792,9927,0.0,52,120,128,126,64.0
1793,9927,0.0,52,120,128,125,64.0
1794,9927,0.0,52,120,128,124,64.0
1795,9927,0.0,52,120,128,124,64.0
1796,9927,0.0,52,120,128,125,64.0
1797,9927,0.0,52,120,128,123,64.0
1798,9927,0.0,52,120,128,125,64.0
1799,9927,0.0,52,120,128,125,64.0
1800,9927,0.0,52,120,128,126,64.0
1801,9927,0.0,52,120,128,127,64.0
1802,9927,0.0,52,120,128,126,64.0
1803,9927,0.0,52,120,128,127,64.0
1804,10056,0.0,56,0,0,130,64.0
1805,9926,1.0,56,125,133,129,65.0
1806,9926,0.0,56,125,133,130,65.0
1807,9926,0.0,56,125,133,131,65.0
1808,9926,0.0,56,125,133,130,65.0
1809,9926,0.0,56,125,133,132,65.0
1810,10060,0.0,60,0,0,133,65.0
1811,9926,1.0,60,129,137,133,66.0
1812,9926,0.0,60,129,137,133,66.0
1813,9926,0.0,60,129,137,133,66.0
1814,9926,0.0,60,129,137,134,66.0
1815,9926,0.0,60,129,137,136,66.0
1816,9926,0.0,60,129,137,136,66.0
1817,9926,0.0,60,129,137,137,66.0
1818,10064,0.0,64,0,0,139,66.0
1819,9921,1.0,64,138,146,142,67.0
1820,9921,0.0,64,138,146,144,67.0
1821,9921,0.0,64,138,146,143,67.0
1822,9921,0.0,64,138,146,145,67.0
1823,9921,0.0,64,138,146,144,67.0
1824,9921,0.0,64,138,146,145,67.0
1825,10068,0.0,68,0,0,149,67.0
1826,9919,1.0,68,144,152,148,68.0
1827,9919,0.0,68,144,152,146,68.0
1828,10064,0.0,64,0,0,142,68.0
1829,9917,1.0,64,142,150,146,69.0
1830,9917,0.0,64,142,150,145,69.0
1831,9917,0.0,64,142,150,146,69.0
1832,9917,0.0,64,142,150,148,69.0
1833,9917,0.0,64,142,150,148,69.0
1834,9917,0.0,64,142,150,146,69.0
1835,9917,0.0,64,142,150,144,69.0
1836,9917,0.0,64,142,150,145,69.0
1837,9917,0.0,64,142,150,145,69.0
1838,9917,0.0,64,142,150,145,69.0
1839,9917,0.0,64,142,150,147,69.0
1840,9917,0.0,64,142,150,146,69.0
1841,9917,0.0,64,142,150,147,69.0
1842,9917,0.0,64,142,150,146,69.0
1843,9917,0.0,64,142,150,146,69.0
1844,9917,0.0,64,142,150,145,69.0
1845,9917,0.0,64,142,150,145,69.0
1846,9917,0.0,64,142,150,148,69.0
1847,9917,0.0,64,142,150,149,69.0
1848,10068,0.0,68,0,0,151,69.0
1849,10068,0.0,68,0,0,150,69.0
1850,9921,1.0,68,142,150,146,70.0
1851,9921,0.0,68,142,150,146,70.0
1852,9921,0.0,68,142,150,148,70.0
1853,9921,0.0,68,142,150,149,70.0
1854,9921,0.0,68,142,150,149,70.0
1855,9921,0.0,68,142,150,148,70.0
1856,9921,0.0,68,142,150,147,70.0
1857,9921,0.0,68,142,150,148,70.0
1858,10072,0.0,72,0,0,153,70.0
1859,9920,1.0,72,147,155,151,71.0
1860,9920,0.0,72,147,155,152,71.0
1861,9920,0.0,72,147,155,153,71.0
1862,9920,0.0,72,147,155,154,71.0
1863,10076,0.0,76,0,0,156,71.0
1864,9920,1.0,76,151,159,155,72.0
1865,9920,0.0,76,151,159,154,72.0
1866,10072,0.0,72,0,0,148,72.0
1867,9922,1.0,72,145,153,149,73.0
1868,9922,0.0,72,145,153,148,73.0
1869,9922,0.0,72,145,153,149,73.0
1870,9922,0.0,72,145,153,148,73.0
1871,9922,0.0,72,145,153,146,73.0
1872,10068,0.0,68,0,0,142,73.0
1873,9924,1.0,68,139,147,143,74.0
1874,9924,0.0,68,139,147,145,74.0
1875,9924,0.0,68,139,147,146,74.0
1876,9924,0.0,68,139,147,146,74.0
1877,9924,0.0,68,139,147,145,74.0
1878,9924,0.0,68,139,147,141,74.0
1879,9924,0.0,68,139,147,142,74.0
1880,9924,0.0,68,139,147,141,74.0
1881,9924,0.0,68,139,147,142,74.0
1882,10064,0.0,64,0,0,139,74.0
1883,9922,1.0,64,137,145,141,75.0
1884,9922,0.0,64,137,145,142,75.0
1885,9922,0.0,64,137,145,143,75.0
1886,9922,0.0,64,137,145,142,75.0
1887,9922,0.0,64,137,145,142,75.0
1888,9922,0.0,64,137,145,141,75.0
1889,9922,0.0,64,137,145,140,75.0
1890,9922,0.0,64,137,145,143,75.0
1891,9922,0.0,64,137,145,144,75.0
1892,10068,0.0,68,0,0,146,75.0
1893,9919,1.0,68,144,152,148,76.0
1894,9919,0.0,68,144,152,149,76.0
1895,9919,0.0,68,144,152,149,76.0
1896,9919,0.0,68,144,152,148,76.0
1897,9919,0.0,68,144,152,148,76.0
1898,9919,0.0,68,144,152,149,76.0
1899,9919,0.0,68,144,152,148,76.0
1900,9919,0.0,68,144,152,152,76.0
1901,9919,0.0,68,144,152,149,76.0
1902,9919,0.0,68,144,152,148,76.0
1903,9919,0.0,68,144,152,150,76.0
1904,9919,0.0,68,144,152,151,76.0
1905,9919,0.0,68,144,152,150,76.0
1906,9919,0.0,68,144,152,151,76.0
1907,9919,0.0,68,144,152,150,76.0
1908,9919,0.0,68,144,152,150,76.0
1909,9919,0.0,68,144,152,147,76.0
1910,9919,0.0,68,144,152,147,76.0
1911,9919,0.0,68,144,152,149,76.0
1912,9919,0.0,68,144,152,150,76.0
1913,9919,0.0,68,144,152,151,76.0
1914,10072,0.0,72,0,0,153,76.0
1915,9914,1.0,72,153,161,157,77.0
1916,9914,0.0,72,153,161,160,77.0
1917,9914,0.0,72,153,161,161,77.0
1918,9914,0.0,72,153,161,161,77.0
1919,10076,0.0,76,0,0,161,77.0
1920,9919,1.0,76,152,160,156,78.0
1921,9919,0.0,76,152,160,160,78.0
1922,10080,0.0,80,0,0,165,78.0
1923,9915,1.0,80,160,168,164,79.0
1924,9915,0.0,80,160,168,163,79.0
1925,9915,0.0,80,160,168,161,79.0
1926,9915,0.0,80,160,168,165,79.0
1927,10084,0.0,84,0,0,171,79.0
1928,10084,0.0,84,0,0,175,79.0
1929,9909,1.0,84,170,178,174,80.0
1930,10088,0.0,88,0,0,179,80.0
1931,9912,1.0,88,171,179,175,81.0
1932,9912,0.0,88,171,179,174,81.0
1933,9912,0.0,88,171,179,179,81.0
1934,9912,0.0,88,171,179,172,81.0
1935,10084,0.0,84,0,0,171,81.0
1936,9914,1.0,84,165,173,169,82.0
1937,9914,0.0,84,165,173,172,82.0
1938,10088,0.0,88,0,0,175,82.0
1939,9911,1.0,88,172,180,176,83.0
1940,10092,0.0,92,0,0,180,83.0
1941,9912,1.0,92,175,183,179,84.0
1942,9912,0.0,92,175,183,179,84.0
1943,9912,0.0,92,175,183,178,84.0
1944,9912,0.0,92,175,183,177,84.0
1945,9912,0.0,92,175,183,182,84.0
1946,9912,0.0,92,175,183,179,84.0
1947,10088,0.0,88,0,0,174,84.0
1948,9916,1.0,88,168,176,172,85.0
1949,9916,0.0,88,168,176,172,85.0
1950,9916,0.0,88,168,176,172,85.0
1951,9916,0.0,88,168,176,175,85.0
1952,9916,0.0,88,168,176,175,85.0
1953,9916,0.0,88,168,176,172,85.0
1954,9916,0.0,88,168,176,173,85.0
1955,9916,0.0,88,168,176,169,85.0
1956,10084,0.0,84,0,0,166,85.0
1957,9919,1.0,84,160,168,164,86.0
1958,9919,0.0,84,160,168,162,86.0
1959,9919,0.0,84,160,168,161,86.0
1960,10080,0.0,80,0,0,159,86.0
1961,9920,1.0,80,155,163,159,87.0
1962,9920,0.0,80,155,163,159,87.0
1963,10084,0.0,84,0,0,170,87.0
1964,9909,1.0,84,170,178,174,88.0
1965,9909,0.0,84,170,178,174,88.0
1966,9909,0.0,84,170,178,175,88.0
1967,9909,0.0,84,170,178,172,88.0
1968,9909,0.0,84,170,178,172,88.0
1969,9909,0.0,84,170,178,171,88.0
1970,9909,0.0,84,170,178,174,88.0
1971,9909,0.0,84,170,178,176,88.0
1972,9909,0.0,84,170,178,172,88.0
1973,10080,0.0,80,0,0,168,88.0
1974,9911,1.0,80,164,172,168,89.0
1975,9911,0.0,80,164,172,172,89.0
1976,9911,0.0,80,164,172,172,89.0
1977,9911,0.0,80,164,172,168,89.0
1978,9911,0.0,80,164,172,167,89.0
1979,10076,0.0,76,0,0,164,89.0
1980,9915,1.0,76,156,164,160,90.0
1981,9915,0.0,76,156,164,162,90.0
1982,10080,0.0,80,0,0,164,90.0
1983,9914,1.0,80,161,169,165,91.0
1984,9914,0.0,80,161,169,163,91.0
1985,9914,0.0,80,161,169,166,91.0
1986,9914,0.0,80,161,169,166,91.0
1987,9914,0.0,80,161,169,163,91.0
1988,10076,0.0,76,0,0,159,91.0
1989,9918,1.0,76,153,161,157,92.0
1990,10080,0.0,80,0,0,162,92.0
1991,9921,1.0,80,154,162,158,93.0
1992,9921,0.0,80,154,162,154,93.0
1993,10076,0.0,76,0,0,150,93.0
1994,9920,1.0,76,151,159,155,94.0
1995,10080,0.0,80,0,0,159,94.0
1996,9919,1.0,80,156,164,160,95.0
1997,9919,0.0,80,156,164,163,95.0
1998,10084,0.0,84,0,0,165,95.0
1999,9915,1.0,84,164,172,168,96.0
2000,9915,0.0,84,164,172,170,96.0
2001,10088,0.0,88,0,0,174,96.0
2002,9913,1.0,88,170,178,174,97.0
2003,9913,0.0,88,170,178,175,97.0
2004,10092,0.0,92,0,0,178,97.0
2005,9914,1.0,92,173,181,177,98.0
2006,9914,0.0,92,173,181,174,98.0
2007,9914,0.0,92,173,181,174,98.0
2008,9914,0.0,92,173,181,178,98.0
2009,9914,0.0,92,173,181,175,98.0
2010,10088,0.0,88,0,0,171,98.0
2011,9915,1.0,88,168,176,172,99.0
2012,9915,0.0,88,168,176,170,99.0
2013,10084,0.0,84,0,0,165,99.0
2014,9916,1.0,84,163,171,167,100.0
2015,9916,0.0,84,163,171,170,100.0
2016,9916,0.0,84,163,171,165,100.0
2017,9916,0.0,84,163,171,165,100.0
2018,9916,0.0,84,163,171,167,100.0
2019,9916,0.0,84,163,171,167,100.0
2020,9916,0.0,84,163,171,166,100.0
2021,10080,0.0,80,0,0,161,100.0
2022,9917,1.0,80,158,166,162,101.0
2023,10076,0.0,76,0,0,156,101.0
2024,9919,1.0,76,152,160,156,102.0
2025,10080,0.0,80,0,0,163,102.0
2026,9922,1.0,80,153,161,157,103.0
2027,9922,0.0,80,153,161,157,103.0
2028,9922,0.0,80,153,161,159,103.0
2029,10084,0.0,84,0,0,166,103.0
2030,9927,1.0,84,152,160,156,104.0
2031,9927,0.0,84,152,160,157,104.0
2032,10080,0.0,80,0,0,152,104.0
2033,9925,1.0,80,150,158,154,105.0
2034,10076,0.0,76,0,0,146,105.0
2035,9933,1.0,76,138,146,142,106.0
2036,10080,0.0,80,0,0,147,106.0
2037,9934,1.0,80,141,149,145,107.0
2038,9934,0.0,80,141,149,149,107.0
2039,10076,0.0,76,0,0,140,107.0
2040,9938,1.0,76,133,141,137,108.0
2041,9938,0.0,76,133,141,137,108.0
2042,10080,0.0,80,0,0,143,108.0
2043,9939,1.0,80,136,144,140,109.0
2044,9939,0.0,80,136,144,140,109.0
2045,9939,0.0,80,136,144,143,109.0
2046,10084,0.0,84,0,0,149,109.0
2047,9935,1.0,84,144,152,148,110.0
2048,9935,0.0,84,144,152,148,110.0
2049,9935,0.0,84,144,152,151,110.0
2050,9935,0.0,84,144,152,145,110.0
2051,9935,0.0,84,144,152,146,110.0
2052,9935,0.0,84,144,152,148,110.0
2053,9935,0.0,84,144,152,147,110.0
2054,10080,0.0,80,0,0,142,110.0
2055,9942,1.0,80,133,141,137,111.0
2056,10076,0.0,76,0,0,131,111.0
2057,9943,1.0,76,128,136,132,112.0
2058,9943,0.0,76,128,136,135,112.0
2059,9943,0.0,76,128,136,130,112.0
2060,9943,0.0,76,128,136,131,112.0
2061,9943,0.0,76,128,136,135,112.0
2062,9943,0.0,76,128,136,135,112.0
2063,10080,0.0,80,0,0,138,112.0
2064,9938,1.0,80,137,145,141,113.0
2065,9938,0.0,80,137,145,141,113.0
2066,10076,0.0,76,0,0,137,113.0
2067,9936,1.0,76,135,143,139,114.0
2068,9936,0.0,76,135,143,136,114.0
2069,9936,0.0,76,135,143,138,114.0
2070,9936,0.0,76,135,143,141,114.0
2071,9936,0.0,76,135,143,142,114.0
2072,10080,0.0,80,0,0,146,114.0
2073,9932,1.0,80,143,151,147,115.0
2074,9932,0.0,80,143,151,144,115.0
2075,9932,0.0,80,143,151,145,115.0
2076,9932,0.0,80,143,151,145,115.0
2077,9932,0.0,80,143,151,148,115.0
2078,9932,0.0,80,143,151,150,115.0
2079,9932,0.0,80,143,151,147,115.0
2080,9932,0.0,80,143,151,151,115.0
2081,10084,0.0,84,0,0,153,115.0
2082,9928,1.0,84,151,159,155,116.0
2083,9928,0.0,84,151,159,154,116.0
2084,9928,0.0,84,151,159,152,116.0
2085,9928,0.0,84,151,159,151,116.0
2086,9928,0.0,84,151,159,156,116.0
2087,9928,0.0,84,151,159,157,116.0
2088,10088,0.0,88,0,0,162,116.0
2089,9926,1.0,88,157,165,161,117.0
2090,9926,0.0,88,157,165,160,117.0
2091,10092,0.0,92,0,0,166,117.0
2092,9926,1.0,92,161,169,165,118.0
2093,9926,0.0,92,161,169,165,118.0
2094,9926,0.0,92,161,169,164,118.0
2095,9926,0.0,92,161,169,164,118.0
2096,9926,0.0,92,161,169,169,118.0
2097,9926,0.0,92,161,169,168,118.0
2098,10096,0.0,96,0,0,172,118.0
2099,9922,1.0,96,169,177,173,119.0
2100,9922,0.0,96,169,177,173,119.0
2101,9922,0.0,96,169,177,174,119.0
2102,9922,0.0,96,169,177,174,119.0
2103,9922,0.0,96,169,177,171,119.0
2104,10092,0.0,92,0,0,167,119.0
2105,9924,1.0,92,163,171,167,120.0
2106,9924,0.0,92,163,171,167,120.0
2107,9924,0.0,92,163,171,170,120.0
2108,9924,0.0,92,163,171,163,120.0
2109,10088,0.0,88,0,0,161,120.0
2110,9929,1.0,88,154,162,158,121.0
2111,9929,0.0,88,154,162,157,121.0
2112,9929,0.0,88,154,162,157,121.0
2113,9929,0.0,88,154,162,155,121.0
2114,10084,0.0,84,0,0,154,121.0
2115,9928,1.0,84,151,159,155,122.0
2116,9928,0.0,84,151,159,154,122.0
2117,9928,0.0,84,151,159,157,122.0
2118,10088,0.0,88,0,0,163,122.0
2119,9934,1.0,88,149,157,153,123.0
2120,9934,0.0,88,149,157,155,123.0
2121,9934,0.0,88,149,157,152,123.0
2122,9934,0.0,88,149,157,150,123.0
2123,9934,0.0,88,149,157,154,123.0
2124,9934,0.0,88,149,157,156,123.0
2125,9934,0.0,88,149,157,153,123.0
2126,9934,0.0,88,149,157,152,123.0
2127,9934,0.0,88,149,157,150,123.0
2128,9934,0.0,88,149,157,150,123.0
2129,9934,0.0,88,149,157,151,123.0
2130,10084,0.0,84,0,0,149,123.0
2131,9941,1.0,84,138,146,142,124.0
2132,10080,0.0,80,0,0,138,124.0
2133,9937,1.0,80,138,146,142,125.0
2134,9937,0.0,80,138,146,146,125.0
2135,9937,0.0,80,138,146,146,125.0
2136,9937,0.0,80,138,146,145,125.0
2137,9937,0.0,80,138,146,140,125.0
2138,9937,0.0,80,138,146,140,125.0
2139,9937,0.0,80,138,146,138,125.0
2140,10076,0.0,76,0,0,138,125.0
2141,9933,1.0,76,138,146,142,126.0
2142,10072,0.0,72,0,0,138,126.0
2143,9929,1.0,72,138,146,142,127.0
2144,9929,0.0,72,138,146,143,127.0
2145,9929,0.0,72,138,146,143,127.0
2146,9929,0.0,72,138,146,143,127.0
2147,10076,0.0,76,0,0,147,127.0
2148,9926,1.0,76,145,153,149,128.0
2149,9926,0.0,76,145,153,152,128.0
2150,9926,0.0,76,145,153,149,128.0
2151,10072,0.0,72,0,0,144,128.0
2152,9916,1.0,72,151,159,155,129.0
2153,9916,0.0,72,151,159,153,129.0
2154,10068,0.0,68,0,0,150,129.0
2155,9922,1.0,68,141,149,145,130.0
2156,10064,0.0,64,0,0,138,130.0
2157,9925,1.0,64,134,142,138,131.0
2158,9925,0.0,64,134,142,138,131.0
2159,9925,0.0,64,134,142,139,131.0
2160,9925,0.0,64,134,142,134,131.0
2161,10068,0.0,68,0,0,146,131.0
2162,9918,1.0,68,145,153,149,132.0
2163,9918,0.0,68,145,153,148,132.0
2164,9918,0.0,68,145,153,150,132.0
2165,9918,0.0,68,145,153,148,132.0
2166,9918,0.0,68,145,153,150,132.0
2167,9918,0.0,68,145,153,151,132.0
2168,9918,0.0,68,145,153,148,132.0
2169,9918,0.0,68,145,153,150,132.0
2170,9918,0.0,68,145,153,151,132.0
2171,9918,0.0,68,145,153,148,132.0
2172,10064,0.0,64,0,0,144,132.0
2173,9922,1.0,64,137,145,141,133.0
2174,10068,0.0,68,0,0,148,133.0
2175,9919,1.0,68,144,152,148,134.0
2176,9919,0.0,68,144,152,147,134.0
2177,9919,0.0,68,144,152,146,134.0
2178,10064,0.0,64,0,0,142,134.0
2179,9923,1.0,64,136,144,140,135.0
2180,9923,0.0,64,136,144,142,135.0
2181,9923,0.0,64,136,144,142,135.0
2182,9923,0.0,64,136,144,144,135.0
2183,10068,0.0,68,0,0,145,135.0
2184,9924,1.0,68,139,147,143,136.0
2185,10064,0.0,64,0,0,136,136.0
2186,9929,1.0,64,130,138,134,137.0
2187,9929,0.0,64,130,138,132,137.0
2188,9929,0.0,64,130,138,132,137.0
2189,9929,0.0,64,130,138,135,137.0
2190,9929,0.0,64,130,138,132,137.0
2191,9929,0.0,64,130,138,131,137.0
2192,10060,0.0,60,0,0,130,137.0
2193,9933,1.0,60,122,130,126,138.0
2194,9933,0.0,60,122,130,129,138.0
2195,9933,0.0,60,122,130,129,138.0
2196,9933,0.0,60,122,130,125,138.0
2197,9933,0.0,60,122,130,126,138.0
2198,9933,0.0,60,122,130,125,138.0
2199,9933,0.0,60,122,130,129,138.0
2200,10064,0.0,64,0,0,130,138.0
2201,9933,1.0,64,126,134,130,139.0
2202,9933,0.0,64,126,134,133,139.0
2203,9933,0.0,64,126,134,133,139.0
2204,10068,0.0,68,0,0,134,139.0
2205,9932,1.0,68,131,139,135,140.0
2206,9932,0.0,68,131,139,135,140.0
2207,9932,0.0,68,131,139,135,140.0
2208,9932,0.0,68,131,139,137,140.0
2209,10072,0.0,72,0,0,141,140.0
2210,9929,1.0,72,138,146,142,141.0
2211,9929,0.0,72,138,146,141,141.0
2212,9929,0.0,72,138,146,143,141.0
2213,9929,0.0,72,138,146,145,141.0
2214,9929,0.0,72,138,146,143,141.0
2215,9929,0.0,72,138,146,144,141.0
2216,9929,0.0,72,138,146,145,141.0
2217,10076,0.0,76,0,0,150,141.0
2218,9921,1.0,76,150,158,154,142.0
2219,9921,0.0,76,150,158,151,142.0
2220,9921,0.0,76,150,158,154,142.0
2221,9921,0.0,76,150,158,151,142.0
2222,9921,0.0,76,150,158,150,142.0
2223,9921,0.0,76,150,158,151,142.0
2224,9921,0.0,76,150,158,153,142.0
2225,9921,0.0,76,150,158,153,142.0
2226,9921,0.0,76,150,158,155,142.0
2227,9921,0.0,76,150,158,153,142.0
2228,9921,0.0,76,150,158,152,142.0
2229,10072,0.0,72,0,0,148,142.0
2230,9923,1.0,72,144,152,148,143.0
2231,9923,0.0,72,144,152,149,143.0
2232,9923,0.0,72,144,152,146,143.0
2233,9923,0.0,72,144,152,147,143.0
2234,9923,0.0,72,144,152,147,143.0
2235,9923,0.0,72,144,152,145,143.0
2236,9923,0.0,72,144,152,145,143.0
2237,9923,0.0,72,144,152,151,143.0
2238,10076,0.0,76,0,0,153,143.0
2239,9924,1.0,76,147,155,151,144.0
2240,9924,0.0,76,147,155,152,144.0
2241,9924,0.0,76,147,155,150,144.0
2242,9924,0.0,76,147,155,148,144.0
2243,9924,0.0,76,147,155,150,144.0
2244,9924,0.0,76,147,155,152,144.0
2245,9924,0.0,76,147,155,152,144.0
2246,10080,0.0,80,0,0,155,144.0
2247,9925,1.0,80,151,159,155,145.0
2248,9925,0.0,80,151,159,157,145.0
2249,10084,0.0,84,0,0,159,145.0
2250,9926,1.0,84,153,161,157,146.0
2251,9926,0.0,84,153,161,158,146.0
2252,9926,0.0,84,153,161,160,146.0
2253,9926,0.0,84,153,161,158,146.0
2254,9926,0.0,84,153,161,157,146.0
2255,9926,0.0,84,153,161,160,146.0
2256,10088,0.0,88,0,0,162,146.0
2257,9923,1.0,88,160,168,164,147.0
2258,9923,0.0,88,160,168,166,147.0
2259,9923,0.0,88,160,168,165,147.0
2260,9923,0.0,88,160,168,163,147.0
2261,9923,0.0,88,160,168,164,147.0
2262,9923,0.0,88,160,168,162,147.0
2263,10084,0.0,84,0,0,160,147.0
2264,9923,1.0,84,156,164,160,148.0
2265,10088,0.0,88,0,0,165,148.0
2266,9922,1.0,88,161,169,165,149.0
2267,9922,0.0,88,161,169,165,149.0
2268,9922,0.0,88,161,169,166,149.0
2269,9922,0.0,88,161,169,167,149.0
2270,9922,0.0,88,161,169,166,149.0
2271,9922,0.0,88,161,169,165,149.0
2272,9922,0.0,88,161,169,165,149.0
2273,9922,0.0,88,161,169,163,149.0
2274,9922,0.0,88,161,169,163,149.0
2275,9922,0.0,88,161,169,168,149.0
2276,10092,0.0,92,0,0,169,149.0
2277,9922,1.0,92,165,173,169,150.0
2278,9922,0.0,92,165,173,168,150.0
2279,9922,0.0,92,165,173,167,150.0
2280,9922,0.0,92,165,173,165,150.0
2281,9922,0.0,92,165,173,173,150.0
2282,9922,0.0,92,165,173,173,150.0
2283,9922,0.0,92,165,173,171,150.0
2284,9922,0.0,92,165,173,173,150.0
2285,10096,0.0,96,0,0,173,150.0
2286,10096,0.0,96,0,0,172,150.0
2287,10096,0.0,96,0,0,172,150.0
2288,10096,0.0,96,0,0,172,150.0
2289,10096,0.0,96,0,0,172,150.0
2290,10096,0.0,96,0,0,175,150.0
2291,10096,0.0,96,0,0,175,150.0
2292,10096,0.0,96,0,0,174,150.0
2293,10096,0.0,96,0,0,171,150.0
2294,10096,0.0,96,0,0,171,150.0
2295,10096,0.0,96,0,0,172,150.0
2296,10096,0.0,96,0,0,175,150.0
2297,10096,0.0,96,0,0,177,150.0
2298,10096,0.0,96,0,0,177,150.0
2299,10096,0.0,96,0,0,180,150.0
2300,10096,0.0,96,0,0,180,150.0
2301,10096,0.0,96,0,0,179,150.0
2302,10096,0.0,96,0,0,179,150.0
2303,10096,0.0,96,0,0,177,150.0
2304,10096,0.0,96,0,0,180,150.0
2305,10096,0.0,96,0,0,180,150.0
2306,10096,0.0,96,0,0,183,150.0
2307,10096,0.0,96,0,0,183,150.0
2308,10096,0.0,96,0,0,183,150.0
2309,10096,0.0,96,0,0,186,150.0
2310,10096,0.0,96,0,0,184,150.0
2311,10096,0.0,96,0,0,185,150.0
2312,10096,0.0,96,0,0,183,150.0
2313,10096,0.0,96,0,0,187,150.0
2314,10096,0.0,96,0,0,186,150.0
2315,10096,0.0,96,0,0,185,150.0
2316,10096,0.0,96,0,0,188,150.0
2317,10096,0.0,96,0,0,189,150.0
2318,10096,0.0,96,0,0,189,150.0
2319,10096,0.0,96,0,0,193,150.0
2320,10096,0.0,96,0,0,192,150.0
2321,10096,0.0,96,0,0,191,150.0
2322,10096,0.0,96,0,0,191,150.0
2323,10096,0.0,96,0,0,190,150.0
2324,10096,0.0,96,0,0,188,150.0
2325,10096,0.0,96,0,0,188,150.0
2326,10096,0.0,96,0,0,189,150.0
2327,10096,0.0,96,0,0,190,150.0
2328,10096,0.0,96,0,0,190,150.0
2329,10096,0.0,96,0,0,193,150.0
2330,10096,0.0,96,0,0,193,150.0
2331,10096,0.0,96,0,0,195,150.0
2332,10096,0.0,96,0,0,193,150.0
2333,10096,0.0,96,0,0,191,150.0
2334,10096,0.0,96,0,0,192,150.0
2335,10096,0.0,96,0,0,193,150.0
2336,10096,0.0,96,0,0,194,150.0
2337,10096,0.0,96,0,0,193,150.0
2338,10096,0.0,96,0,0,195,150.0
2339,10096,0.0,96,0,0,196,150.0
2340,10096,0.0,96,0,0,195,150.0
2341,10096,0.0,96,0,0,192,150.0
2342,10096,0.0,96,0,0,191,150.0
2343,10096,0.0,96,0,0,181,150.0
2344,9917,1.0,96,174,182,178,151.0
2345,9917,0.0,96,174,182,179,151.0
2346,9917,0.0,96,174,182,178,151.0
2347,9917,0.0,96,174,182,177,151.0
2348,9917,0.0,96,174,182,177,151.0
2349,9917,0.0,96,174,182,179,151.0
2350,9917,0.0,96,174,182,177,151.0
2351,9917,0.0,96,174,182,176,151.0
2352,10092,0.0,92,0,0,174,151.0
2353,9917,1.0,92,170,178,174,152.0
2354,9917,0.0,92,170,178,175,152.0
2355,9917,0.0,92,170,178,177,152.0
2356,10096,0.0,96,0,0,181,152.0
2357,9919,1.0,96,172,180,176,153.0
2358,9919,0.0,96,172,180,178,153.0
2359,9919,0.0,96,172,180,180,153.0
2360,10100,0.0,100,0,0,184,153.0
2361,9912,1.0,100,183,191,187,154.0
2362,9912,0.0,100,183,191,187,154.0
2363,9912,0.0,100,183,191,189,154.0
2364,9912,0.0,100,183,191,189,154.0
2365,10096,0.0,96,0,0,182,154.0
2366,9918,1.0,96,173,181,177,155.0
2367,9918,0.0,96,173,181,178,155.0
2368,9918,0.0,96,173,181,179,155.0
2369,9918,0.0,96,173,181,176,155.0
2370,9918,0.0,96,173,181,174,155.0
2371,9918,0.0,96,173,181,175,155.0
2372,9918,0.0,96,173,181,175,155.0
2373,9918,0.0,96,173,181,177,155.0
2374,9918,0.0,96,173,181,179,155.0
2375,9918,0.0,96,173,181,175,155.0
2376,9918,0.0,96,173,181,173,155.0
2377,9918,0.0,96,173,181,174,155.0
2378,9918,0.0,96,173,181,176,155.0
2379,10092,0.0,92,0,0,171,155.0
2380,9921,1.0,92,166,174,170,156.0
2381,9921,0.0,92,166,174,170,156.0
2382,9921,0.0,92,166,174,171,156.0
2383,9921,0.0,92,166,174,173,156.0
2384,9921,0.0,92,166,174,172,156.0
2385,9921,0.0,92,166,174,173,156.0
2386,10096,0.0,96,0,0,174,156.0
2387,9918,1.0,96,173,181,177,157.0
2388,9918,0.0,96,173,181,178,157.0
2389,9918,0.0,96,173,181,178,157.0
2390,9918,0.0,96,173,181,179,157.0
2391,9918,0.0,96,173,181,180,157.0
2392,9918,0.0,96,173,181,178,157.0
2393,9918,0.0,96,173,181,178,157.0
2394,9918,0.0,96,173,181,177,157.0
2395,9918,0.0,96,173,181,175,157.0
2396,9918,0.0,96,173,181,175,157.0
2397,10092,0.0,92,0,0,172,157.0
2398,9919,1.0,92,169,177,173,158.0
2399,9919,0.0,92,169,177,173,158.0
2400,9919,0.0,92,169,177,171,158.0
2401,10088,0.0,88,0,0,166,158.0
2402,9919,1.0,88,164,172,168,159.0
2403,9919,0.0,88,164,172,170,159.0
2404,9919,0.0,88,164,172,170,159.0
2405,10092,0.0,92,0,0,173,159.0
2406,9914,1.0,92,173,181,177,160.0
2407,9914,0.0,92,173,181,176,160.0
2408,9914,0.0,92,173,181,179,160.0
2409,10096,0.0,96,0,0,181,160.0
2410,9913,1.0,96,178,186,182,161.0
2411,9913,0.0,96,178,186,182,161.0
2412,9913,0.0,96,178,186,186,161.0
2413,9913,0.0,96,178,186,184,161.0
2414,10100,0.0,100,0,0,187,161.0
2415,9911,1.0,100,184,192,188,162.0
2416,9911,0.0,100,184,192,189,162.0
2417,9911,0.0,100,184,192,189,162.0
2418,9911,0.0,100,184,192,191,162.0
2419,9911,0.0,100,184,192,190,162.0
2420,9911,0.0,100,184,192,191,162.0
2421,9911,0.0,100,184,192,189,162.0
2422,9911,0.0,100,184,192,189,162.0
2423,9911,0.0,100,184,192,190,162.0
2424,9911,0.0,100,184,192,189,162.0
2425,9911,0.0,100,184,192,189,162.0
2426,9911,0.0,100,184,192,191,162.0
2427,9911,0.0,100,184,192,189,162.0
2428,10104,0.0,104,0,0,193,162.0
2429,9911,1.0,104,188,196,192,163.0
2430,9911,0.0,104,188,196,194,163.0
2431,9911,0.0,104,188,196,195,163.0
2432,9911,0.0,104,188,196,193,163.0
2433,9911,0.0,104,188,196,194,163.0
2434,10108,0.0,108,0,0,197,163.0
2435,9909,1.0,108,194,202,198,164.0
2436,9909,0.0,108,194,202,197,164.0
2437,9909,0.0,108,194,202,195,164.0
2438,9909,0.0,108,194,202,196,164.0
2439,9909,0.0,108,194,202,194,164.0
2440,9909,0.0,108,194,202,194,164.0
2441,10104,0.0,104,0,0,193,164.0
2442,9910,1.0,104,189,197,193,165.0
2443,9910,0.0,104,189,197,193,165.0
2444,9910,0.0,104,189,197,193,165.0
2445,9910,0.0,104,189,197,192,165.0
2446,10100,0.0,100,0,0,185,165.0
2447,9915,1.0,100,180,188,184,166.0
2448,9915,0.0,100,180,188,181,166.0
2449,9915,0.0,100,180,188,181,166.0
2450,9915,0.0,100,180,188,185,166.0
2451,9915,0.0,100,180,188,185,166.0
2452,9915,0.0,100,180,188,186,166.0
2453,9915,0.0,100,180,188,185,166.0
2454,9915,0.0,100,180,188,185,166.0
2455,9915,0.0,100,180,188,183,166.0
2456,9915,0.0,100,180,188,182,166.0
2457,10104,0.0,104,0,0,188,166.0
2458,9912,1.0,104,187,195,191,167.0
2459,9912,0.0,104,187,195,193,167.0
2460,9912,0.0,104,187,195,195,167.0
2461,9912,0.0,104,187,195,194,167.0
2462,9912,0.0,104,187,195,194,167.0
2463,9912,0.0,104,187,195,192,167.0
2464,9912,0.0,104,187,195,191,167.0
2465,9912,0.0,104,187,195,188,167.0
2466,10100,0.0,100,0,0,184,167.0
2467,9913,1.0,100,182,190,186,168.0
2468,9913,0.0,100,182,190,185,168.0
2469,9913,0.0,100,182,190,187,168.0
2470,9913,0.0,100,182,190,189,168.0
2471,9913,0.0,100,182,190,189,168.0
2472,9913,0.0,100,182,190,188,168.0
2473,9913,0.0,100,182,190,188,168.0
2474,9913,0.0,100,182,190,187,168.0
2475,9913,0.0,100,182,190,185,168.0
2476,9913,0.0,100,182,190,184,168.0
2477,9913,0.0,100,182,190,183,168.0
2478,10096,0.0,96,0,0,182,168.0
2479,9914,1.0,96,177,185,181,169.0
2480,9914,0.0,96,177,185,182,169.0
2481,9914,0.0,96,177,185,184,169.0
2482,9914,0.0,96,177,185,182,169.0
2483,9914,0.0,96,177,185,181,169.0
2484,9914,0.0,96,177,185,182,169.0
2485,9914,0.0,96,177,185,181,169.0
2486,9914,0.0,96,177,185,180,169.0
2487,9914,0.0,96,177,185,179,169.0
2488,10092,0.0,92,0,0,175,169.0
2489,9921,1.0,92,166,174,170,170.0
2490,9921,0.0,92,166,174,169,170.0
2491,9921,0.0,92,166,174,169,170.0
2492,9921,0.0,92,166,174,170,170.0
2493,9921,0.0,92,166,174,172,170.0
2494,9921,0.0,92,166,174,173,170.0
2495,9921,0.0,92,166,174,171,170.0
2496,9921,0.0,92,166,174,173,170.0
2497,9921,0.0,92,166,174,172,170.0
2498,9921,0.0,92,166,174,173,170.0
2499,10096,0.0,96,0,0,176,170.0
2500,9917,1.0,96,174,182,178,171.0
2501,10092,0.0,92,0,0,171,171.0
2502,9919,1.0,92,168,176,172,172.0
2503,9919,0.0,92,168,176,170,172.0
2504,9919,0.0,92,168,176,169,172.0
2505,9919,0.0,92,168,176,173,172.0
2506,9919,0.0,92,168,176,171,172.0
2507,9919,0.0,92,168,176,170,172.0
2508,9919,0.0,92,168,176,168,172.0
2509,9919,0.0,92,168,176,169,172.0
2510,9919,0.0,92,168,176,168,172.0
2511,9919,0.0,92,168,176,169,172.0
2512,9919,0.0,92,168,176,168,172.0
2513,9919,0.0,92,168,176,169,172.0
2514,10088,0.0,88,0,0,167,172.0
2515,9912,1.0,88,171,179,175,173.0
2516,10089,0.0,88,171,179,176,173.0
