,Cash,Position,pnl,g_sl,g_tp,close
182,10000,0.0,0,0,0,46
183,10000,0.0,0,0,0,46
184,10000,0.0,0,0,0,45
185,10000,0.0,0,0,0,46
186,9952,1.0,0,43,51,47
187,9952,0.0,0,43,51,47
188,9952,0.0,0,43,51,46
189,9952,0.0,0,43,51,46
190,9952,0.0,0,43,51,45
191,9952,0.0,0,43,51,45
192,9952,0.0,0,43,51,46
193,9952,0.0,0,43,51,46
194,9952,0.0,0,43,51,45
195,9952,0.0,0,43,51,47
196,9952,0.0,0,43,51,47
197,9952,0.0,0,43,51,47
198,9996,0.0,-4,0,0,42
199,9954,-1.0,-4,45,37,41
200,9954,0.0,-4,45,37,42
201,9954,0.0,-4,45,37,40
202,9954,0.0,-4,45,37,41
203,9954,0.0,-4,45,37,41
204,9954,0.0,-4,45,37,41
205,9954,0.0,-4,45,37,42
206,9954,0.0,-4,45,37,42
207,9954,0.0,-4,45,37,42
208,9954,0.0,-4,45,37,42
209,9954,0.0,-4,45,37,42
210,9954,0.0,-4,45,37,43
211,9954,0.0,-4,45,37,43
212,9954,0.0,-4,45,37,43
213,9954,0.0,-4,45,37,43
214,9954,0.0,-4,45,37,43
215,9954,0.0,-4,45,37,43
216,9954,0.0,-4,45,37,44
217,9954,0.0,-4,45,37,44
218,9954,0.0,-4,45,37,43
219,9954,0.0,-4,45,37,44
220,9954,0.0,-4,45,37,43
221,9954,0.0,-4,45,37,43
222,9954,0.0,-4,45,37,43
223,9954,0.0,-4,45,37,43
224,9954,0.0,-4,45,37,43
225,9954,0.0,-4,45,37,42
226,9954,0.0,-4,45,37,42
227,9954,0.0,-4,45,37,42
228,9954,0.0,-4,45,37,41
229,9954,0.0,-4,45,37,41
230,9954,0.0,-4,45,37,41
231,9954,0.0,-4,45,37,41
232,9954,0.0,-4,45,37,41
233,9954,0.0,-4,45,37,42
234,9954,0.0,-4,45,37,42
235,9954,0.0,-4,45,37,42
236,9954,0.0,-4,45,37,42
237,9954,0.0,-4,45,37,42
238,9954,0.0,-4,45,37,41
239,9954,0.0,-4,45,37,41
240,9954,0.0,-4,45,37,40
241,9954,0.0,-4,45,37,40
242,9954,0.0,-4,45,37,40
243,9954,0.0,-4,45,37,40
244,9954,0.0,-4,45,37,40
245,9954,0.0,-4,45,37,41
246,9954,0.0,-4,45,37,41
247,9954,0.0,-4,45,37,41
248,9954,0.0,-4,45,37,41
249,9954,0.0,-4,45,37,41
250,9954,0.0,-4,45,37,41
251,9954,0.0,-4,45,37,41
252,9954,0.0,-4,45,37,42
253,9954,0.0,-4,45,37,42
254,9954,0.0,-4,45,37,41
255,9954,0.0,-4,45,37,42
256,9954,0.0,-4,45,37,42
257,9954,0.0,-4,45,37,42
258,9954,0.0,-4,45,37,43
259,9992,0.0,-8,0,0,47
260,9943,1.0,-8,44,52,48
261,9943,0.0,-8,44,52,49
262,9943,0.0,-8,44,52,49
263,9943,0.0,-8,44,52,48
264,9943,0.0,-8,44,52,48
265,9943,0.0,-8,44,52,48
266,9943,0.0,-8,44,52,47
267,9943,0.0,-8,44,52,46
268,9943,0.0,-8,44,52,46
269,9943,0.0,-8,44,52,47
270,9943,0.0,-8,44,52,47
271,9943,0.0,-8,44,52,47
272,9943,0.0,-8,44,52,47
273,9943,0.0,-8,44,52,48
274,9943,0.0,-8,44,52,48
275,9943,0.0,-8,44,52,48
276,9943,0.0,-8,44,52,47
277,9943,0.0,-8,44,52,47
278,9943,0.0,-8,44,52,47
279,9943,0.0,-8,44,52,46
280,9943,0.0,-8,44,52,46
281,9943,0.0,-8,44,52,47
282,9943,0.0,-8,44,52,47
283,9943,0.0,-8,44,52,46
284,9943,0.0,-8,44,52,47
285,9943,0.0,-8,44,52,46
286,9943,0.0,-8,44,52,46
287,9943,0.0,-8,44,52,46
288,9943,0.0,-8,44,52,46
289,9943,0.0,-8,44,52,45
290,9943,0.0,-8,44,52,45
291,9943,0.0,-8,44,52,46
292,9943,0.0,-8,44,52,46
293,9943,0.0,-8,44,52,45
294,9943,0.0,-8,44,52,45
295,9943,0.0,-8,44,52,45
296,9943,0.0,-8,44,52,45
297,9943,0.0,-8,44,52,46
298,9943,0.0,-8,44,52,46
299,9943,0.0,-8,44,52,46
300,9943,0.0,-8,44,52,45
301,9943,0.0,-8,44,52,45
302,9943,0.0,-8,44,52,45
303,9943,0.0,-8,44,52,45
304,9943,0.0,-8,44,52,44
305,9943,0.0,-8,44,52,44
306,9943,0.0,-8,44,52,44
307,9943,0.0,-8,44,52,44
308,9943,0.0,-8,44,52,44
309,9943,0.0,-8,44,52,44
310,9943,0.0,-8,44,52,44
311,9943,0.0,-8,44,52,44
312,9943,0.0,-8,44,52,44
313,9943,0.0,-8,44,52,45
314,9943,0.0,-8,44,52,45
315,9943,0.0,-8,44,52,45
316,9943,0.0,-8,44,52,46
317,9943,0.0,-8,44,52,46
318,9943,0.0,-8,44,52,46
319,9943,0.0,-8,44,52,47
320,9943,0.0,-8,44,52,45
321,9943,0.0,-8,44,52,46
322,9943,0.0,-8,44,52,45
323,9943,0.0,-8,44,52,45
324,9943,0.0,-8,44,52,45
325,9943,0.0,-8,44,52,46
326,9943,0.0,-8,44,52,46
327,9943,0.0,-8,44,52,46
328,9943,0.0,-8,44,52,46
329,9943,0.0,-8,44,52,47
330,9943,0.0,-8,44,52,47
331,9943,0.0,-8,44,52,46
332,9943,0.0,-8,44,52,46
333,9943,0.0,-8,44,52,47
334,9943,0.0,-8,44,52,46
335,9943,0.0,-8,44,52,46
336,9943,0.0,-8,44,52,46
337,9943,0.0,-8,44,52,47
338,9943,0.0,-8,44,52,47
339,9943,0.0,-8,44,52,47
340,9943,0.0,-8,44,52,46
341,9943,0.0,-8,44,52,45
342,9988,0.0,-12,0,0,43
343,9946,-1.0,-12,45,37,41
344,9946,0.0,-12,45,37,40
345,9946,0.0,-12,45,37,42
346,9946,0.0,-12,45,37,43
347,9946,0.0,-12,45,37,43
348,9946,0.0,-12,45,37,43
349,9946,0.0,-12,45,37,41
350,9946,0.0,-12,45,37,43
351,9946,0.0,-12,45,37,43
352,9946,0.0,-12,45,37,42
353,9946,0.0,-12,45,37,43
354,9946,0.0,-12,45,37,43
355,9946,0.0,-12,45,37,43
356,9946,0.0,-12,45,37,43
357,9946,0.0,-12,45,37,43
358,9946,0.0,-12,45,37,43
359,9946,0.0,-12,45,37,44
360,9946,0.0,-12,45,37,44
361,9946,0.0,-12,45,37,43
362,9946,0.0,-12,45,37,44
363,9946,0.0,-12,45,37,43
364,9946,0.0,-12,45,37,43
365,9946,0.0,-12,45,37,43
366,9946,0.0,-12,45,37,43
367,9946,0.0,-12,45,37,43
368,9946,0.0,-12,45,37,43
369,9946,0.0,-12,45,37,44
370,9946,0.0,-12,45,37,44
371,9946,0.0,-12,45,37,45
372,9984,0.0,-16,0,0,46
373,9937,1.0,-16,42,50,46
374,9937,0.0,-16,42,50,46
375,9937,0.0,-16,42,50,47
376,9937,0.0,-16,42,50,47
377,9937,0.0,-16,42,50,47
378,9937,0.0,-16,42,50,46
379,9937,0.0,-16,42,50,46
380,9937,0.0,-16,42,50,47
381,9937,0.0,-16,42,50,47
382,9937,0.0,-16,42,50,47
383,9937,0.0,-16,42,50,47
384,9937,0.0,-16,42,50,47
385,9937,0.0,-16,42,50,48
386,9988,0.0,-12,0,0,52
387,9933,1.0,-12,50,58,54
388,9933,0.0,-12,50,58,53
389,9933,0.0,-12,50,58,53
390,9933,0.0,-12,50,58,53
391,9933,0.0,-12,50,58,52
392,9933,0.0,-12,50,58,53
393,9933,0.0,-12,50,58,54
394,9933,0.0,-12,50,58,54
395,9933,0.0,-12,50,58,54
396,9933,0.0,-12,50,58,54
397,9933,0.0,-12,50,58,54
398,9933,0.0,-12,50,58,53
399,9933,0.0,-12,50,58,53
400,9933,0.0,-12,50,58,53
401,9933,0.0,-12,50,58,52
402,9933,0.0,-12,50,58,53
403,9933,0.0,-12,50,58,52
404,9933,0.0,-12,50,58,53
405,9933,0.0,-12,50,58,53
406,9933,0.0,-12,50,58,54
407,9933,0.0,-12,50,58,54
408,9933,0.0,-12,50,58,54
409,9933,0.0,-12,50,58,53
410,9933,0.0,-12,50,58,53
411,9933,0.0,-12,50,58,54
412,9933,0.0,-12,50,58,55
413,9933,0.0,-12,50,58,55
414,9933,0.0,-12,50,58,54
415,9933,0.0,-12,50,58,55
416,9933,0.0,-12,50,58,55
417,9933,0.0,-12,50,58,55
418,9933,0.0,-12,50,58,54
419,9933,0.0,-12,50,58,55
420,9933,0.0,-12,50,58,54
421,9933,0.0,-12,50,58,55
422,9933,0.0,-12,50,58,55
423,9933,0.0,-12,50,58,56
424,9933,0.0,-12,50,58,55
425,9933,0.0,-12,50,58,54
426,9933,0.0,-12,50,58,54
427,9933,0.0,-12,50,58,55
428,9933,0.0,-12,50,58,55
429,9933,0.0,-12,50,58,55
430,9933,0.0,-12,50,58,55
431,9933,0.0,-12,50,58,56
432,9933,0.0,-12,50,58,56
433,9933,0.0,-12,50,58,55
434,9933,0.0,-12,50,58,54
435,9933,0.0,-12,50,58,55
436,9933,0.0,-12,50,58,54
437,9933,0.0,-12,50,58,52
438,9933,0.0,-12,50,58,52
439,9933,0.0,-12,50,58,52
440,9933,0.0,-12,50,58,52
441,9933,0.0,-12,50,58,51
442,9933,0.0,-12,50,58,53
443,9933,0.0,-12,50,58,50
444,9933,0.0,-12,50,58,50
445,9933,0.0,-12,50,58,50
446,9933,0.0,-12,50,58,50
447,9933,0.0,-12,50,58,52
448,9933,0.0,-12,50,58,51
449,9933,0.0,-12,50,58,52
450,9933,0.0,-12,50,58,51
451,9933,0.0,-12,50,58,52
452,9933,0.0,-12,50,58,55
453,9933,0.0,-12,50,58,54
454,9933,0.0,-12,50,58,53
455,9933,0.0,-12,50,58,52
456,9933,0.0,-12,50,58,52
457,9984,0.0,-16,0,0,50
458,9934,-1.0,-16,53,45,49
459,9934,0.0,-16,53,45,49
460,9934,0.0,-16,53,45,49
461,9934,0.0,-16,53,45,49
462,9934,0.0,-16,53,45,50
463,9934,0.0,-16,53,45,51
464,9934,0.0,-16,53,45,52
465,9934,0.0,-16,53,45,52
466,9934,0.0,-16,53,45,51
467,9934,0.0,-16,53,45,52
468,9934,0.0,-16,53,45,51
469,9934,0.0,-16,53,45,51
470,9934,0.0,-16,53,45,52
471,9934,0.0,-16,53,45,51
472,9934,0.0,-16,53,45,50
473,9934,0.0,-16,53,45,52
474,9934,0.0,-16,53,45,52
475,9934,0.0,-16,53,45,52
476,9934,0.0,-16,53,45,52
477,9934,0.0,-16,53,45,51
478,9934,0.0,-16,53,45,51
479,9934,0.0,-16,53,45,52
480,9934,0.0,-16,53,45,52
481,9934,0.0,-16,53,45,53
482,9934,0.0,-16,53,45,53
483,9980,0.0,-20,0,0,53
484,9925,1.0,-20,50,58,54
485,9925,0.0,-20,50,58,54
486,9925,0.0,-20,50,58,53
487,9925,0.0,-20,50,58,53
488,9925,0.0,-20,50,58,54
489,9925,0.0,-20,50,58,53
490,9925,0.0,-20,50,58,54
491,9925,0.0,-20,50,58,53
492,9925,0.0,-20,50,58,54
493,9925,0.0,-20,50,58,55
494,9925,0.0,-20,50,58,55
495,9925,0.0,-20,50,58,55
496,9925,0.0,-20,50,58,55
497,9925,0.0,-20,50,58,54
498,9925,0.0,-20,50,58,55
499,9925,0.0,-20,50,58,54
500,9925,0.0,-20,50,58,54
501,9925,0.0,-20,50,58,54
502,9925,0.0,-20,50,58,54
503,9925,0.0,-20,50,58,55
504,9925,0.0,-20,50,58,55
505,9925,0.0,-20,50,58,55
506,9925,0.0,-20,50,58,56
507,9925,0.0,-20,50,58,56
508,9925,0.0,-20,50,58,55
509,9925,0.0,-20,50,58,55
510,9925,0.0,-20,50,58,51
511,9925,0.0,-20,50,58,52
512,9925,0.0,-20,50,58,51
513,9925,0.0,-20,50,58,50
514,9976,0.0,-24,0,0,49
515,9926,-1.0,-24,53,45,49
516,9926,0.0,-24,53,45,50
517,9926,0.0,-24,53,45,49
518,9926,0.0,-24,53,45,49
519,9926,0.0,-24,53,45,49
520,9926,0.0,-24,53,45,50
521,9926,0.0,-24,53,45,50
522,9926,0.0,-24,53,45,51
523,9926,0.0,-24,53,45,51
524,9926,0.0,-24,53,45,51
525,9926,0.0,-24,53,45,51
526,9926,0.0,-24,53,45,51
527,9926,0.0,-24,53,45,50
528,9926,0.0,-24,53,45,50
529,9926,0.0,-24,53,45,50
530,9926,0.0,-24,53,45,50
531,9926,0.0,-24,53,45,50
532,9926,0.0,-24,53,45,51
533,9926,0.0,-24,53,45,52
534,9926,0.0,-24,53,45,51
535,9926,0.0,-24,53,45,52
536,9926,0.0,-24,53,45,53
537,9926,0.0,-24,53,45,52
538,9926,0.0,-24,53,45,52
539,9926,0.0,-24,53,45,51
540,9926,0.0,-24,53,45,52
541,9926,0.0,-24,53,45,52
542,9926,0.0,-24,53,45,52
543,9926,0.0,-24,53,45,51
544,9926,0.0,-24,53,45,51
545,9926,0.0,-24,53,45,50
546,9926,0.0,-24,53,45,49
547,9926,0.0,-24,53,45,49
548,9926,0.0,-24,53,45,50
549,9926,0.0,-24,53,45,50
550,9926,0.0,-24,53,45,50
551,9926,0.0,-24,53,45,51
552,9926,0.0,-24,53,45,50
553,9926,0.0,-24,53,45,51
554,9926,0.0,-24,53,45,49
555,9926,0.0,-24,53,45,48
556,9926,0.0,-24,53,45,49
557,9926,0.0,-24,53,45,50
558,9926,0.0,-24,53,45,51
559,9926,0.0,-24,53,45,51
560,9926,0.0,-24,53,45,51
561,9926,0.0,-24,53,45,51
562,9926,0.0,-24,53,45,51
563,9926,0.0,-24,53,45,52
564,9926,0.0,-24,53,45,52
565,9926,0.0,-24,53,45,53
566,9926,0.0,-24,53,45,53
567,9926,0.0,-24,53,45,53
568,9926,0.0,-24,53,45,53
569,9972,0.0,-28,0,0,53
570,9918,1.0,-28,49,57,53
571,9918,0.0,-28,49,57,55
572,9918,0.0,-28,49,57,55
573,9918,0.0,-28,49,57,56
574,9918,0.0,-28,49,57,56
575,9918,0.0,-28,49,57,56
576,9918,0.0,-28,49,57,56
577,9918,0.0,-28,49,57,56
578,9918,0.0,-28,49,57,56
579,9918,0.0,-28,49,57,56
580,9918,0.0,-28,49,57,56
581,9918,0.0,-28,49,57,56
582,9976,0.0,-24,0,0,57
583,9918,1.0,-24,53,61,57
584,9918,0.0,-24,53,61,58
585,9918,0.0,-24,53,61,58
586,9918,0.0,-24,53,61,58
587,9918,0.0,-24,53,61,58
588,9918,0.0,-24,53,61,57
589,9918,0.0,-24,53,61,58
590,9918,0.0,-24,53,61,57
591,9918,0.0,-24,53,61,57
592,9918,0.0,-24,53,61,57
593,9918,0.0,-24,53,61,57
594,9918,0.0,-24,53,61,57
595,9918,0.0,-24,53,61,57
596,9918,0.0,-24,53,61,57
597,9918,0.0,-24,53,61,58
598,9918,0.0,-24,53,61,58
599,9918,0.0,-24,53,61,58
600,9918,0.0,-24,53,61,57
601,9918,0.0,-24,53,61,57
602,9918,0.0,-24,53,61,57
603,9918,0.0,-24,53,61,57
604,9918,0.0,-24,53,61,57
605,9918,0.0,-24,53,61,57
606,9918,0.0,-24,53,61,57
607,9918,0.0,-24,53,61,56
608,9918,0.0,-24,53,61,57
609,9918,0.0,-24,53,61,56
610,9918,0.0,-24,53,61,56
611,9918,0.0,-24,53,61,57
612,9918,0.0,-24,53,61,57
613,9918,0.0,-24,53,61,56
614,9918,0.0,-24,53,61,56
615,9918,0.0,-24,53,61,57
616,9918,0.0,-24,53,61,57
617,9918,0.0,-24,53,61,57
618,9918,0.0,-24,53,61,56
619,9918,0.0,-24,53,61,57
620,9918,0.0,-24,53,61,58
621,9918,0.0,-24,53,61,57
622,9918,0.0,-24,53,61,57
623,9918,0.0,-24,53,61,57
624,9918,0.0,-24,53,61,57
625,9918,0.0,-24,53,61,57
626,9918,0.0,-24,53,61,57
627,9918,0.0,-24,53,61,57
628,9918,0.0,-24,53,61,58
629,9918,0.0,-24,53,61,57
630,9918,0.0,-24,53,61,57
631,9918,0.0,-24,53,61,56
632,9918,0.0,-24,53,61,57
633,9918,0.0,-24,53,61,57
634,9918,0.0,-24,53,61,57
635,9918,0.0,-24,53,61,57
636,9918,0.0,-24,53,61,57
637,9918,0.0,-24,53,61,59
638,9918,0.0,-24,53,61,61
639,9918,0.0,-24,53,61,60
640,9918,0.0,-24,53,61,60
641,9918,0.0,-24,53,61,60
642,9918,0.0,-24,53,61,59
643,9918,0.0,-24,53,61,59
644,9918,0.0,-24,53,61,59
645,9918,0.0,-24,53,61,59
646,9918,0.0,-24,53,61,59
647,9918,0.0,-24,53,61,58
648,9918,0.0,-24,53,61,60
649,9918,0.0,-24,53,61,60
650,9918,0.0,-24,53,61,60
651,9918,0.0,-24,53,61,58
652,9918,0.0,-24,53,61,59
653,9918,0.0,-24,53,61,58
654,9918,0.0,-24,53,61,58
655,9918,0.0,-24,53,61,59
656,9918,0.0,-24,53,61,60
657,9918,0.0,-24,53,61,60
658,9918,0.0,-24,53,61,60
659,9918,0.0,-24,53,61,61
660,9918,0.0,-24,53,61,60
661,9918,0.0,-24,53,61,60
662,9918,0.0,-24,53,61,60
663,9918,0.0,-24,53,61,61
664,9918,0.0,-24,53,61,60
665,9918,0.0,-24,53,61,59
666,9918,0.0,-24,53,61,59
667,9918,0.0,-24,53,61,60
668,9918,0.0,-24,53,61,59
669,9918,0.0,-24,53,61,61
670,9918,0.0,-24,53,61,61
671,9980,0.0,-20,0,0,61
672,9917,1.0,-20,58,66,62
673,9917,0.0,-20,58,66,62
674,9917,0.0,-20,58,66,62
675,9917,0.0,-20,58,66,62
676,9917,0.0,-20,58,66,62
677,9917,0.0,-20,58,66,63
678,9917,0.0,-20,58,66,63
679,9917,0.0,-20,58,66,63
680,9917,0.0,-20,58,66,63
681,9917,0.0,-20,58,66,63
682,9917,0.0,-20,58,66,63
683,9917,0.0,-20,58,66,62
684,9917,0.0,-20,58,66,62
685,9917,0.0,-20,58,66,62
686,9917,0.0,-20,58,66,62
687,9917,0.0,-20,58,66,62
688,9917,0.0,-20,58,66,62
689,9917,0.0,-20,58,66,62
690,9917,0.0,-20,58,66,62
691,9917,0.0,-20,58,66,62
692,9917,0.0,-20,58,66,63
693,9917,0.0,-20,58,66,62
694,9917,0.0,-20,58,66,62
695,9917,0.0,-20,58,66,62
696,9917,0.0,-20,58,66,62
697,9917,0.0,-20,58,66,62
698,9917,0.0,-20,58,66,62
699,9917,0.0,-20,58,66,62
700,9917,0.0,-20,58,66,63
701,9917,0.0,-20,58,66,63
702,9917,0.0,-20,58,66,64
703,9917,0.0,-20,58,66,65
704,9917,0.0,-20,58,66,65
705,9917,0.0,-20,58,66,64
706,9917,0.0,-20,58,66,63
707,9917,0.0,-20,58,66,63
708,9917,0.0,-20,58,66,63
709,9917,0.0,-20,58,66,63
710,9917,0.0,-20,58,66,63
711,9917,0.0,-20,58,66,63
712,9917,0.0,-20,58,66,64
713,9917,0.0,-20,58,66,64
714,9917,0.0,-20,58,66,64
715,9917,0.0,-20,58,66,64
716,9917,0.0,-20,58,66,64
717,9917,0.0,-20,58,66,64
718,9917,0.0,-20,58,66,64
719,9917,0.0,-20,58,66,64
720,9917,0.0,-20,58,66,64
721,9917,0.0,-20,58,66,64
722,9917,0.0,-20,58,66,64
723,9917,0.0,-20,58,66,64
724,9917,0.0,-20,58,66,63
725,9917,0.0,-20,58,66,64
726,9917,0.0,-20,58,66,64
727,9917,0.0,-20,58,66,64
728,9917,0.0,-20,58,66,64
729,9917,0.0,-20,58,66,64
730,9917,0.0,-20,58,66,64
731,9917,0.0,-20,58,66,64
732,9917,0.0,-20,58,66,64
733,9917,0.0,-20,58,66,64
734,9917,0.0,-20,58,66,64
735,9917,0.0,-20,58,66,64
736,9917,0.0,-20,58,66,64
737,9917,0.0,-20,58,66,64
738,9917,0.0,-20,58,66,64
739,9917,0.0,-20,58,66,64
740,9917,0.0,-20,58,66,65
741,9917,0.0,-20,58,66,64
742,9917,0.0,-20,58,66,64
743,9917,0.0,-20,58,66,65
744,9917,0.0,-20,58,66,65
745,9917,0.0,-20,58,66,65
746,9917,0.0,-20,58,66,65
747,9917,0.0,-20,58,66,65
748,9917,0.0,-20,58,66,65
749,9917,0.0,-20,58,66,65
750,9917,0.0,-20,58,66,65
751,9917,0.0,-20,58,66,65
752,9917,0.0,-20,58,66,65
753,9917,0.0,-20,58,66,65
754,9917,0.0,-20,58,66,65
755,9917,0.0,-20,58,66,65
756,9917,0.0,-20,58,66,64
757,9917,0.0,-20,58,66,65
758,9917,0.0,-20,58,66,65
759,9917,0.0,-20,58,66,65
760,9917,0.0,-20,58,66,65
761,9984,0.0,-16,0,0,66
762,9916,1.0,-16,63,71,67
763,9916,0.0,-16,63,71,67
764,9916,0.0,-16,63,71,67
765,9916,0.0,-16,63,71,68
766,9916,0.0,-16,63,71,68
767,9916,0.0,-16,63,71,69
768,9916,0.0,-16,63,71,69
769,9916,0.0,-16,63,71,69
770,9916,0.0,-16,63,71,68
771,9916,0.0,-16,63,71,69
772,9916,0.0,-16,63,71,68
773,9916,0.0,-16,63,71,69
774,9916,0.0,-16,63,71,69
775,9916,0.0,-16,63,71,68
776,9916,0.0,-16,63,71,68
777,9916,0.0,-16,63,71,68
778,9916,0.0,-16,63,71,69
779,9916,0.0,-16,63,71,67
780,9916,0.0,-16,63,71,67
781,9916,0.0,-16,63,71,67
782,9916,0.0,-16,63,71,68
783,9916,0.0,-16,63,71,68
784,9916,0.0,-16,63,71,68
785,9916,0.0,-16,63,71,69
786,9916,0.0,-16,63,71,69
787,9916,0.0,-16,63,71,70
788,9916,0.0,-16,63,71,69
789,9916,0.0,-16,63,71,70
790,9988,0.0,-12,0,0,71
791,9915,1.0,-12,68,76,72
792,9915,0.0,-12,68,76,72
793,9915,0.0,-12,68,76,72
794,9915,0.0,-12,68,76,71
795,9915,0.0,-12,68,76,70
796,9915,0.0,-12,68,76,69
797,9915,0.0,-12,68,76,70
798,9915,0.0,-12,68,76,70
799,9915,0.0,-12,68,76,69
800,9915,0.0,-12,68,76,70
801,9915,0.0,-12,68,76,70
802,9915,0.0,-12,68,76,69
803,9915,0.0,-12,68,76,70
804,9915,0.0,-12,68,76,70
805,9915,0.0,-12,68,76,71
806,9915,0.0,-12,68,76,70
807,9915,0.0,-12,68,76,69
808,9915,0.0,-12,68,76,69
809,9915,0.0,-12,68,76,68
810,9915,0.0,-12,68,76,68
811,9984,0.0,-16,0,0,68
812,9914,-1.0,-16,73,65,69
813,9914,0.0,-16,73,65,68
814,9914,0.0,-16,73,65,69
815,9914,0.0,-16,73,65,69
816,9914,0.0,-16,73,65,69
817,9914,0.0,-16,73,65,71
818,9914,0.0,-16,73,65,71
819,9914,0.0,-16,73,65,72
820,9980,0.0,-20,0,0,73
821,9906,1.0,-20,69,77,73
822,9906,0.0,-20,69,77,73
823,9906,0.0,-20,69,77,74
824,9906,0.0,-20,69,77,73
825,9906,0.0,-20,69,77,73
826,9906,0.0,-20,69,77,74
827,9906,0.0,-20,69,77,74
828,9906,0.0,-20,69,77,73
829,9906,0.0,-20,69,77,73
830,9906,0.0,-20,69,77,72
831,9906,0.0,-20,69,77,72
832,9906,0.0,-20,69,77,72
833,9906,0.0,-20,69,77,72
834,9906,0.0,-20,69,77,72
835,9906,0.0,-20,69,77,72
836,9906,0.0,-20,69,77,72
837,9906,0.0,-20,69,77,72
838,9906,0.0,-20,69,77,71
839,9906,0.0,-20,69,77,72
840,9906,0.0,-20,69,77,73
841,9906,0.0,-20,69,77,73
842,9906,0.0,-20,69,77,73
843,9906,0.0,-20,69,77,72
844,9906,0.0,-20,69,77,72
845,9906,0.0,-20,69,77,72
846,9906,0.0,-20,69,77,73
847,9906,0.0,-20,69,77,72
848,9906,0.0,-20,69,77,72
849,9906,0.0,-20,69,77,72
850,9906,0.0,-20,69,77,72
851,9906,0.0,-20,69,77,73
852,9906,0.0,-20,69,77,74
853,9906,0.0,-20,69,77,74
854,9906,0.0,-20,69,77,73
855,9906,0.0,-20,69,77,73
856,9906,0.0,-20,69,77,73
857,9906,0.0,-20,69,77,74
858,9906,0.0,-20,69,77,73
859,9906,0.0,-20,69,77,74
860,9906,0.0,-20,69,77,74
861,9906,0.0,-20,69,77,75
862,9906,0.0,-20,69,77,74
863,9906,0.0,-20,69,77,75
864,9906,0.0,-20,69,77,75
865,9906,0.0,-20,69,77,75
866,9906,0.0,-20,69,77,74
867,9906,0.0,-20,69,77,74
868,9906,0.0,-20,69,77,74
869,9906,0.0,-20,69,77,73
870,9906,0.0,-20,69,77,73
871,9906,0.0,-20,69,77,73
872,9906,0.0,-20,69,77,73
873,9906,0.0,-20,69,77,74
874,9906,0.0,-20,69,77,74
875,9906,0.0,-20,69,77,74
876,9906,0.0,-20,69,77,74
877,9906,0.0,-20,69,77,75
878,9906,0.0,-20,69,77,76
879,9906,0.0,-20,69,77,76
880,9906,0.0,-20,69,77,76
881,9906,0.0,-20,69,77,76
882,9906,0.0,-20,69,77,77
883,9984,0.0,-16,0,0,77
884,9906,1.0,-16,73,81,77
885,9906,0.0,-16,73,81,77
886,9906,0.0,-16,73,81,77
887,9906,0.0,-16,73,81,77
888,9906,0.0,-16,73,81,78
889,9906,0.0,-16,73,81,78
890,9906,0.0,-16,73,81,78
891,9906,0.0,-16,73,81,78
892,9906,0.0,-16,73,81,78
893,9988,0.0,-12,0,0,83
894,9904,1.0,-12,79,87,83
895,9904,0.0,-12,79,87,83
896,9904,0.0,-12,79,87,83
897,9904,0.0,-12,79,87,84
898,9904,0.0,-12,79,87,84
899,9904,0.0,-12,79,87,84
900,9904,0.0,-12,79,87,84
901,9904,0.0,-12,79,87,84
902,9904,0.0,-12,79,87,84
903,9904,0.0,-12,79,87,83
904,9904,0.0,-12,79,87,83
905,9904,0.0,-12,79,87,84
906,9904,0.0,-12,79,87,82
907,9904,0.0,-12,79,87,83
908,9904,0.0,-12,79,87,82
909,9904,0.0,-12,79,87,82
910,9904,0.0,-12,79,87,83
911,9904,0.0,-12,79,87,83
912,9904,0.0,-12,79,87,83
913,9904,0.0,-12,79,87,83
914,9904,0.0,-12,79,87,84
915,9904,0.0,-12,79,87,83
916,9904,0.0,-12,79,87,84
917,9904,0.0,-12,79,87,84
918,9904,0.0,-12,79,87,81
919,9904,0.0,-12,79,87,81
920,9904,0.0,-12,79,87,82
921,9904,0.0,-12,79,87,82
922,9904,0.0,-12,79,87,84
923,9904,0.0,-12,79,87,85
924,9904,0.0,-12,79,87,85
925,9904,0.0,-12,79,87,85
926,9904,0.0,-12,79,87,84
927,9904,0.0,-12,79,87,86
928,9904,0.0,-12,79,87,86
929,9904,0.0,-12,79,87,85
930,9904,0.0,-12,79,87,85
931,9904,0.0,-12,79,87,85
932,9904,0.0,-12,79,87,85
933,9904,0.0,-12,79,87,85
934,9904,0.0,-12,79,87,85
935,9904,0.0,-12,79,87,85
936,9904,0.0,-12,79,87,85
937,9904,0.0,-12,79,87,85
938,9904,0.0,-12,79,87,86
939,9904,0.0,-12,79,87,87
940,9992,0.0,-8,0,0,88
941,9903,1.0,-8,84,92,88
942,9903,0.0,-8,84,92,88
943,9903,0.0,-8,84,92,87
944,9903,0.0,-8,84,92,88
945,9903,0.0,-8,84,92,89
946,9903,0.0,-8,84,92,88
947,9903,0.0,-8,84,92,90
948,9903,0.0,-8,84,92,90
949,9903,0.0,-8,84,92,90
950,9903,0.0,-8,84,92,91
951,9903,0.0,-8,84,92,91
952,9903,0.0,-8,84,92,91
953,9996,0.0,-4,0,0,92
954,9901,1.0,-4,90,98,94
955,9901,0.0,-4,90,98,93
956,9901,0.0,-4,90,98,92
957,9901,0.0,-4,90,98,95
958,9901,0.0,-4,90,98,94
959,9901,0.0,-4,90,98,91
960,9992,0.0,-8,0,0,88
961,9900,-1.0,-8,95,87,91
962,9900,0.0,-8,95,87,89
963,9996,0.0,-4,0,0,85
964,9907,-1.0,-4,92,84,88
965,9907,0.0,-4,92,84,89
966,9907,0.0,-4,92,84,89
967,9907,0.0,-4,92,84,90
968,9992,0.0,-8,0,0,92
969,9900,1.0,-8,88,96,92
970,9900,0.0,-8,88,96,92
971,9900,0.0,-8,88,96,91
972,9900,0.0,-8,88,96,91
973,9900,0.0,-8,88,96,94
974,9900,0.0,-8,88,96,95
975,9900,0.0,-8,88,96,94
976,9900,0.0,-8,88,96,93
977,9900,0.0,-8,88,96,92
978,9900,0.0,-8,88,96,93
979,9900,0.0,-8,88,96,93
980,9900,0.0,-8,88,96,93
981,9900,0.0,-8,88,96,93
982,9900,0.0,-8,88,96,94
983,9996,0.0,-4,0,0,96
984,9899,1.0,-4,92,100,96
985,9899,0.0,-4,92,100,94
986,9899,0.0,-4,92,100,93
987,9899,0.0,-4,92,100,94
988,9899,0.0,-4,92,100,94
989,9899,0.0,-4,92,100,92
990,9899,0.0,-4,92,100,93
991,9992,0.0,-8,0,0,92
992,9902,-1.0,-8,93,85,89
993,9902,0.0,-8,93,85,87
994,9902,0.0,-8,93,85,93
995,9902,0.0,-8,93,85,89
996,9902,0.0,-8,93,85,89
997,9902,0.0,-8,93,85,91
998,9902,0.0,-8,93,85,88
999,9902,0.0,-8,93,85,89
1000,9902,0.0,-8,93,85,92
1001,9902,0.0,-8,93,85,92
1002,9902,0.0,-8,93,85,90
1003,9902,0.0,-8,93,85,90
1004,9902,0.0,-8,93,85,92
1005,9902,0.0,-8,93,85,91
1006,9902,0.0,-8,93,85,93
1007,9902,0.0,-8,93,85,93
1008,9988,0.0,-12,0,0,94
1009,9891,1.0,-12,92,100,96
1010,9891,0.0,-12,92,100,96
1011,9891,0.0,-12,92,100,96
1012,9891,0.0,-12,92,100,95
1013,9891,0.0,-12,92,100,95
1014,9891,0.0,-12,92,100,93
1015,9891,0.0,-12,92,100,92
1016,9891,0.0,-12,92,100,94
1017,9891,0.0,-12,92,100,95
1018,9891,0.0,-12,92,100,93
1019,9891,0.0,-12,92,100,95
1020,9891,0.0,-12,92,100,93
1021,9891,0.0,-12,92,100,94
1022,9891,0.0,-12,92,100,95
1023,9891,0.0,-12,92,100,96
1024,9891,0.0,-12,92,100,95
1025,9891,0.0,-12,92,100,96
1026,9891,0.0,-12,92,100,97
1027,9891,0.0,-12,92,100,97
1028,9891,0.0,-12,92,100,98
1029,9891,0.0,-12,92,100,97
1030,9891,0.0,-12,92,100,97
1031,9891,0.0,-12,92,100,96
1032,9891,0.0,-12,92,100,96
1033,9891,0.0,-12,92,100,97
1034,9891,0.0,-12,92,100,97
1035,9891,0.0,-12,92,100,98
1036,9891,0.0,-12,92,100,98
1037,9891,0.0,-12,92,100,98
1038,9891,0.0,-12,92,100,98
1039,9891,0.0,-12,92,100,98
1040,9891,0.0,-12,92,100,98
1041,9992,0.0,-8,0,0,100
1042,9890,1.0,-8,97,105,101
1043,9890,0.0,-8,97,105,102
1044,9890,0.0,-8,97,105,102
1045,9890,0.0,-8,97,105,100
1046,9890,0.0,-8,97,105,101
1047,9890,0.0,-8,97,105,101
1048,9890,0.0,-8,97,105,101
1049,9890,0.0,-8,97,105,100
1050,9890,0.0,-8,97,105,101
1051,9890,0.0,-8,97,105,100
1052,9890,0.0,-8,97,105,100
1053,9890,0.0,-8,97,105,100
1054,9890,0.0,-8,97,105,101
1055,9890,0.0,-8,97,105,101
1056,9890,0.0,-8,97,105,100
1057,9890,0.0,-8,97,105,98
1058,9890,0.0,-8,97,105,99
1059,9988,0.0,-12,0,0,97
1060,9889,-1.0,-12,102,94,98
1061,9889,0.0,-12,102,94,98
1062,9889,0.0,-12,102,94,100
1063,9889,0.0,-12,102,94,99
1064,9889,0.0,-12,102,94,99
1065,9889,0.0,-12,102,94,101
1066,9889,0.0,-12,102,94,101
1067,9889,0.0,-12,102,94,102
1068,9889,0.0,-12,102,94,101
1069,9984,0.0,-16,0,0,104
1070,9878,1.0,-16,101,109,105
1071,9878,0.0,-16,101,109,104
1072,9878,0.0,-16,101,109,105
1073,9878,0.0,-16,101,109,105
1074,9878,0.0,-16,101,109,104
1075,9878,0.0,-16,101,109,106
1076,9878,0.0,-16,101,109,107
1077,9878,0.0,-16,101,109,107
1078,9988,0.0,-12,0,0,110
1079,9878,1.0,-12,105,113,109
1080,9878,0.0,-12,105,113,107
1081,9984,0.0,-16,0,0,105
1082,9877,-1.0,-16,110,102,106
1083,9877,0.0,-16,110,102,106
1084,9877,0.0,-16,110,102,107
1085,9877,0.0,-16,110,102,108
1086,9877,0.0,-16,110,102,108
1087,9877,0.0,-16,110,102,108
1088,9877,0.0,-16,110,102,109
1089,9877,0.0,-16,110,102,109
1090,9877,0.0,-16,110,102,109
1091,9877,0.0,-16,110,102,108
1092,9877,0.0,-16,110,102,109
1093,9877,0.0,-16,110,102,107
1094,9877,0.0,-16,110,102,107
1095,9877,0.0,-16,110,102,107
1096,9877,0.0,-16,110,102,106
1097,9877,0.0,-16,110,102,105
1098,9877,0.0,-16,110,102,107
1099,9877,0.0,-16,110,102,107
1100,9877,0.0,-16,110,102,108
1101,9877,0.0,-16,110,102,109
1102,9980,0.0,-20,0,0,110
1103,9867,1.0,-20,108,116,112
1104,9867,0.0,-20,108,116,111
1105,9867,0.0,-20,108,116,112
1106,9867,0.0,-20,108,116,111
1107,9867,0.0,-20,108,116,108
1108,9867,0.0,-20,108,116,108
1109,9867,0.0,-20,108,116,108
1110,9867,0.0,-20,108,116,109
1111,9867,0.0,-20,108,116,111
1112,9867,0.0,-20,108,116,111
1113,9867,0.0,-20,108,116,112
1114,9867,0.0,-20,108,116,113
1115,9867,0.0,-20,108,116,112
1116,9867,0.0,-20,108,116,113
1117,9867,0.0,-20,108,116,111
1118,9867,0.0,-20,108,116,113
1119,9867,0.0,-20,108,116,114
1120,9867,0.0,-20,108,116,114
1121,9867,0.0,-20,108,116,114
1122,9867,0.0,-20,108,116,113
1123,9867,0.0,-20,108,116,114
1124,9867,0.0,-20,108,116,114
1125,9867,0.0,-20,108,116,115
1126,9867,0.0,-20,108,116,115
1127,9867,0.0,-20,108,116,115
1128,9867,0.0,-20,108,116,112
1129,9867,0.0,-20,108,116,112
1130,9867,0.0,-20,108,116,110
1131,9867,0.0,-20,108,116,112
1132,9976,0.0,-24,0,0,106
1133,9870,-1.0,-24,109,101,105
1134,9870,0.0,-24,109,101,109
1135,9870,0.0,-24,109,101,107
1136,9972,0.0,-28,0,0,111
1137,9861,1.0,-28,106,114,110
1138,9861,0.0,-28,106,114,108
1139,9861,0.0,-28,106,114,108
1140,9861,0.0,-28,106,114,109
1141,9861,0.0,-28,106,114,108
1142,9968,0.0,-32,0,0,102
1143,9859,-1.0,-32,112,104,108
1144,9859,0.0,-32,112,104,106
1145,9972,0.0,-28,0,0,103
1146,9868,-1.0,-28,107,99,103
1147,9868,0.0,-28,107,99,106
1148,9868,0.0,-28,107,99,105
1149,9868,0.0,-28,107,99,106
1150,9868,0.0,-28,107,99,107
1151,9868,0.0,-28,107,99,107
1152,9968,0.0,-32,0,0,111
1153,9856,1.0,-32,107,115,111
1154,9856,0.0,-32,107,115,109
1155,9964,0.0,-36,0,0,106
1156,9857,-1.0,-36,110,102,106
1157,9857,0.0,-36,110,102,104
1158,9857,0.0,-36,110,102,107
1159,9857,0.0,-36,110,102,108
1160,9857,0.0,-36,110,102,104
1161,9968,0.0,-32,0,0,101
1162,9864,-1.0,-32,107,99,103
1163,9864,0.0,-32,107,99,103
1164,9864,0.0,-32,107,99,106
1165,9964,0.0,-36,0,0,107
1166,9852,1.0,-36,107,115,111
1167,9852,0.0,-36,107,115,110
1168,9852,0.0,-36,107,115,110
1169,9852,0.0,-36,107,115,112
1170,9852,0.0,-36,107,115,108
1171,9852,0.0,-36,107,115,109
1172,9960,0.0,-40,0,0,104
1173,9852,-1.0,-40,111,103,107
1174,9852,0.0,-40,111,103,108
1175,9852,0.0,-40,111,103,109
1176,9852,0.0,-40,111,103,109
1177,9852,0.0,-40,111,103,106
1178,9964,0.0,-36,0,0,102
1179,9860,-1.0,-36,107,99,103
1180,9860,0.0,-36,107,99,103
1181,9860,0.0,-36,107,99,101
1182,9968,0.0,-32,0,0,98
1183,9873,-1.0,-32,98,90,94
1184,9964,0.0,-36,0,0,100
1185,9862,-1.0,-36,105,97,101
1186,9862,0.0,-36,105,97,100
1187,9862,0.0,-36,105,97,101
1188,9862,0.0,-36,105,97,101
1189,9862,0.0,-36,105,97,97
1190,9862,0.0,-36,105,97,101
1191,9862,0.0,-36,105,97,102
1192,9862,0.0,-36,105,97,102
1193,9862,0.0,-36,105,97,104
1194,9862,0.0,-36,105,97,103
1195,9862,0.0,-36,105,97,102
1196,9862,0.0,-36,105,97,102
1197,9862,0.0,-36,105,97,105
1198,9960,0.0,-40,0,0,105
1199,9853,1.0,-40,102,110,106
1200,9853,0.0,-40,102,110,107
1201,9853,0.0,-40,102,110,105
1202,9853,0.0,-40,102,110,106
1203,9853,0.0,-40,102,110,106
1204,9853,0.0,-40,102,110,107
1205,9853,0.0,-40,102,110,105
1206,9853,0.0,-40,102,110,102
1207,9853,0.0,-40,102,110,106
1208,9853,0.0,-40,102,110,104
1209,9853,0.0,-40,102,110,102
1210,9853,0.0,-40,102,110,105
1211,9853,0.0,-40,102,110,107
1212,9853,0.0,-40,102,110,106
1213,9853,0.0,-40,102,110,105
1214,9853,0.0,-40,102,110,105
1215,9853,0.0,-40,102,110,105
1216,9853,0.0,-40,102,110,106
1217,9853,0.0,-40,102,110,106
1218,9853,0.0,-40,102,110,106
1219,9853,0.0,-40,102,110,108
1220,9853,0.0,-40,102,110,108
1221,9853,0.0,-40,102,110,107
1222,9853,0.0,-40,102,110,109
1223,9964,0.0,-36,0,0,110
1224,9852,1.0,-36,107,115,111
1225,9852,0.0,-36,107,115,112
1226,9852,0.0,-36,107,115,112
1227,9852,0.0,-36,107,115,112
1228,9852,0.0,-36,107,115,112
1229,9852,0.0,-36,107,115,112
1230,9852,0.0,-36,107,115,111
1231,9852,0.0,-36,107,115,111
1232,9852,0.0,-36,107,115,110
1233,9852,0.0,-36,107,115,110
1234,9852,0.0,-36,107,115,112
1235,9852,0.0,-36,107,115,113
1236,9852,0.0,-36,107,115,114
1237,9852,0.0,-36,107,115,114
1238,9968,0.0,-32,0,0,115
1239,9850,1.0,-32,113,121,117
1240,9850,0.0,-32,113,121,117
1241,9850,0.0,-32,113,121,117
1242,9850,0.0,-32,113,121,120
1243,9850,0.0,-32,113,121,117
1244,9850,0.0,-32,113,121,117
1245,9850,0.0,-32,113,121,117
1246,9850,0.0,-32,113,121,116
1247,9850,0.0,-32,113,121,116
1248,9850,0.0,-32,113,121,117
1249,9850,0.0,-32,113,121,119
1250,9850,0.0,-32,113,121,119
1251,9850,0.0,-32,113,121,119
1252,9850,0.0,-32,113,121,119
1253,9850,0.0,-32,113,121,119
1254,9850,0.0,-32,113,121,119
1255,9850,0.0,-32,113,121,119
1256,9850,0.0,-32,113,121,120
1257,9850,0.0,-32,113,121,120
1258,9850,0.0,-32,113,121,120
1259,9850,0.0,-32,113,121,121
1260,9850,0.0,-32,113,121,120
1261,9972,0.0,-28,0,0,121
1262,9848,1.0,-28,119,127,123
1263,9848,0.0,-28,119,127,123
1264,9848,0.0,-28,119,127,125
1265,9848,0.0,-28,119,127,125
1266,9976,0.0,-24,0,0,129
1267,9846,1.0,-24,125,133,129
1268,9846,0.0,-24,125,133,129
1269,9846,0.0,-24,125,133,130
1270,9846,0.0,-24,125,133,127
1271,9846,0.0,-24,125,133,126
1272,9846,0.0,-24,125,133,128
1273,9846,0.0,-24,125,133,128
1274,9972,0.0,-28,0,0,125
1275,9846,-1.0,-28,129,121,125
1276,9846,0.0,-28,129,121,125
1277,9846,0.0,-28,129,121,127
1278,9846,0.0,-28,129,121,123
1279,9846,0.0,-28,129,121,124
1280,9846,0.0,-28,129,121,126
1281,9846,0.0,-28,129,121,128
1282,9846,0.0,-28,129,121,128
1283,9846,0.0,-28,129,121,126
1284,9846,0.0,-28,129,121,126
1285,9846,0.0,-28,129,121,127
1286,9846,0.0,-28,129,121,126
1287,9846,0.0,-28,129,121,126
1288,9846,0.0,-28,129,121,126
1289,9846,0.0,-28,129,121,124
1290,9846,0.0,-28,129,121,125
1291,9846,0.0,-28,129,121,123
1292,9976,0.0,-24,0,0,119
1293,9852,-1.0,-24,127,119,123
1294,9852,0.0,-24,127,119,125
1295,9972,0.0,-28,0,0,127
1296,9840,1.0,-28,127,135,131
1297,9840,0.0,-28,127,135,132
1298,9840,0.0,-28,127,135,132
1299,9840,0.0,-28,127,135,131
1300,9840,0.0,-28,127,135,132
1301,9840,0.0,-28,127,135,132
1302,9840,0.0,-28,127,135,132
1303,9840,0.0,-28,127,135,135
1304,9976,0.0,-24,0,0,135
1305,9839,1.0,-24,132,140,136
1306,9839,0.0,-24,132,140,136
1307,9839,0.0,-24,132,140,137
1308,9839,0.0,-24,132,140,133
1309,9839,0.0,-24,132,140,133
1310,9839,0.0,-24,132,140,134
1311,9839,0.0,-24,132,140,133
1312,9839,0.0,-24,132,140,135
1313,9839,0.0,-24,132,140,136
1314,9839,0.0,-24,132,140,137
1315,9839,0.0,-24,132,140,137
1316,9839,0.0,-24,132,140,136
1317,9839,0.0,-24,132,140,136
1318,9839,0.0,-24,132,140,137
1319,9839,0.0,-24,132,140,138
1320,9839,0.0,-24,132,140,138
1321,9839,0.0,-24,132,140,138
1322,9839,0.0,-24,132,140,137
1323,9839,0.0,-24,132,140,136
1324,9839,0.0,-24,132,140,136
1325,9839,0.0,-24,132,140,136
1326,9839,0.0,-24,132,140,138
1327,9839,0.0,-24,132,140,139
1328,9839,0.0,-24,132,140,140
1329,9839,0.0,-24,132,140,140
1330,9980,0.0,-20,0,0,141
1331,9838,1.0,-20,137,145,141
1332,9838,0.0,-20,137,145,140
1333,9976,0.0,-24,0,0,136
1334,9837,-1.0,-24,142,134,138
1335,9837,0.0,-24,142,134,136
1336,9980,0.0,-20,0,0,132
1337,9845,-1.0,-20,138,130,134
1338,9845,0.0,-20,138,130,135
1339,9976,0.0,-24,0,0,138
1340,9838,1.0,-24,133,141,137
1341,9838,0.0,-24,133,141,135
1342,9838,0.0,-24,133,141,138
1343,9838,0.0,-24,133,141,133
1344,9972,0.0,-28,0,0,133
1345,9835,-1.0,-28,140,132,136
1346,9835,0.0,-28,140,132,138
1347,9835,0.0,-28,140,132,137
1348,9835,0.0,-28,140,132,138
1349,9835,0.0,-28,140,132,137
1350,9835,0.0,-28,140,132,133
1351,9835,0.0,-28,140,132,135
1352,9835,0.0,-28,140,132,135
1353,9835,0.0,-28,140,132,135
1354,9835,0.0,-28,140,132,138
1355,9835,0.0,-28,140,132,137
1356,9835,0.0,-28,140,132,136
1357,9835,0.0,-28,140,132,137
1358,9835,0.0,-28,140,132,140
1359,9835,0.0,-28,140,132,139
1360,9835,0.0,-28,140,132,137
1361,9835,0.0,-28,140,132,136
1362,9835,0.0,-28,140,132,136
1363,9835,0.0,-28,140,132,137
1364,9835,0.0,-28,140,132,137
1365,9835,0.0,-28,140,132,136
1366,9835,0.0,-28,140,132,137
1367,9835,0.0,-28,140,132,138
1368,9968,0.0,-32,0,0,141
1369,9828,1.0,-32,135,143,139
1370,9828,0.0,-32,135,143,139
1371,9828,0.0,-32,135,143,137
1372,9828,0.0,-32,135,143,139
1373,9828,0.0,-32,135,143,139
1374,9828,0.0,-32,135,143,137
1375,9828,0.0,-32,135,143,139
1376,9828,0.0,-32,135,143,137
1377,9964,0.0,-36,0,0,134
1378,9827,-1.0,-36,140,132,136
1379,9827,0.0,-36,140,132,138
1380,9827,0.0,-36,140,132,137
1381,9827,0.0,-36,140,132,135
1382,9827,0.0,-36,140,132,138
1383,9827,0.0,-36,140,132,139
1384,9827,0.0,-36,140,132,139
1385,9827,0.0,-36,140,132,139
1386,9960,0.0,-40,0,0,141
1387,9819,1.0,-40,136,144,140
1388,9819,0.0,-40,136,144,139
1389,9819,0.0,-40,136,144,137
1390,9819,0.0,-40,136,144,138
1391,9956,0.0,-44,0,0,136
1392,9818,-1.0,-44,141,133,137
1393,9818,0.0,-44,141,133,139
1394,9818,0.0,-44,141,133,140
1395,9952,0.0,-48,0,0,144
1396,9809,1.0,-48,138,146,142
1397,9809,0.0,-48,138,146,144
1398,9809,0.0,-48,138,146,143
1399,9809,0.0,-48,138,146,143
1400,9809,0.0,-48,138,146,144
1401,9809,0.0,-48,138,146,144
1402,9809,0.0,-48,138,146,144
1403,9809,0.0,-48,138,146,144
1404,9809,0.0,-48,138,146,145
1405,9809,0.0,-48,138,146,146
1406,9956,0.0,-44,0,0,147
1407,9808,1.0,-44,143,151,147
1408,9808,0.0,-44,143,151,148
1409,9808,0.0,-44,143,151,149
1410,9808,0.0,-44,143,151,150
1411,9808,0.0,-44,143,151,150
1412,9808,0.0,-44,143,151,149
1413,9808,0.0,-44,143,151,149
1414,9808,0.0,-44,143,151,149
1415,9808,0.0,-44,143,151,151
1416,9960,0.0,-40,0,0,152
1417,9807,1.0,-40,148,156,152
1418,9807,0.0,-40,148,156,151
1419,9807,0.0,-40,148,156,149
1420,9807,0.0,-40,148,156,149
1421,9807,0.0,-40,148,156,149
1422,9807,0.0,-40,148,156,149
1423,9807,0.0,-40,148,156,151
1424,9807,0.0,-40,148,156,151
1425,9807,0.0,-40,148,156,151
1426,9807,0.0,-40,148,156,151
1427,9807,0.0,-40,148,156,153
1428,9807,0.0,-40,148,156,154
1429,9807,0.0,-40,148,156,155
1430,9807,0.0,-40,148,156,154
1431,9807,0.0,-40,148,156,154
1432,9807,0.0,-40,148,156,155
1433,9964,0.0,-36,0,0,157
1434,9806,1.0,-36,153,161,157
1435,9806,0.0,-36,153,161,157
1436,9806,0.0,-36,153,161,158
1437,9806,0.0,-36,153,161,158
1438,9806,0.0,-36,153,161,157
1439,9806,0.0,-36,153,161,157
1440,9806,0.0,-36,153,161,160
1441,9806,0.0,-36,153,161,158
1442,9806,0.0,-36,153,161,159
1443,9806,0.0,-36,153,161,157
1444,9806,0.0,-36,153,161,160
1445,9968,0.0,-32,0,0,162
1446,9806,1.0,-32,157,165,161
1447,9806,0.0,-32,157,165,163
1448,9806,0.0,-32,157,165,162
1449,9806,0.0,-32,157,165,163
1450,9972,0.0,-28,0,0,166
1451,9804,1.0,-28,163,171,167
1452,9804,0.0,-28,163,171,166
1453,9804,0.0,-28,163,171,165
1454,9804,0.0,-28,163,171,166
1455,9804,0.0,-28,163,171,165
1456,9968,0.0,-32,0,0,162
1457,9802,-1.0,-32,169,161,165
1458,9802,0.0,-32,169,161,168
1459,9964,0.0,-36,0,0,172
1460,9793,1.0,-36,166,174,170
1461,9968,0.0,-32,0,0,174
1462,9787,1.0,-32,176,184,180
1463,9787,0.0,-32,176,184,179
1464,9787,0.0,-32,176,184,183
1465,9787,0.0,-32,176,184,183
1466,9972,0.0,-28,0,0,188
1467,9787,1.0,-28,180,188,184
1468,9787,0.0,-28,180,188,184
1469,9787,0.0,-28,180,188,183
1470,9787,0.0,-28,180,188,185
1471,9787,0.0,-28,180,188,187
1472,9787,0.0,-28,180,188,187
1473,9787,0.0,-28,180,188,184
1474,9968,0.0,-32,0,0,178
1475,9797,-1.0,-32,174,166,170
1476,9797,0.0,-32,174,166,168
1477,9797,0.0,-32,174,166,170
1478,9972,0.0,-28,0,0,158
1479,9809,-1.0,-28,166,158,162
1480,9968,0.0,-32,0,0,172
1481,9803,1.0,-32,160,168,164
1482,9972,0.0,-28,0,0,170
1483,9805,1.0,-28,162,170,166
1484,9968,0.0,-32,0,0,161
1485,9817,-1.0,-32,154,146,150
1486,9964,0.0,-36,0,0,160
1487,9810,-1.0,-36,157,149,153
1488,9968,0.0,-32,0,0,139
1489,9809,-1.0,-32,162,154,158
1490,9972,0.0,-28,0,0,135
1491,9825,-1.0,-28,150,142,146
1492,9976,0.0,-24,0,0,140
1493,9833,-1.0,-24,146,138,142
1494,9980,0.0,-20,0,0,137
1495,9844,-1.0,-20,139,131,135
1496,9976,0.0,-24,0,0,148
1497,9829,1.0,-24,142,150,146
1498,9980,0.0,-20,0,0,156
1499,9830,1.0,-20,145,153,149
1500,9984,0.0,-16,0,0,160
1501,9826,1.0,-16,153,161,157
1502,9980,0.0,-20,0,0,152
1503,9824,1.0,-20,151,159,155
1504,9824,0.0,-20,151,159,153
1505,9984,0.0,-16,0,0,165
1506,9820,1.0,-16,159,167,163
1507,9820,0.0,-16,159,167,165
1508,9820,0.0,-16,159,167,165
1509,9820,0.0,-16,159,167,165
1510,9988,0.0,-12,0,0,173
1511,9816,1.0,-12,167,175,171
1512,9992,0.0,-8,0,0,177
1513,9813,1.0,-8,174,182,178
1514,9813,0.0,-8,174,182,175
1515,9988,0.0,-12,0,0,167
1516,9814,-1.0,-12,177,169,173
1517,9814,0.0,-12,177,169,171
1518,9814,0.0,-12,177,169,174
1519,9814,0.0,-12,177,169,174
1520,9814,0.0,-12,177,169,169
1521,9814,0.0,-12,177,169,177
1522,9984,0.0,-16,0,0,179
1523,9809,-1.0,-16,178,170,174
1524,9980,0.0,-20,0,0,178
1525,9799,1.0,-20,176,184,180
1526,9799,0.0,-20,176,184,182
1527,9799,0.0,-20,176,184,183
1528,9799,0.0,-20,176,184,184
1529,9984,0.0,-16,0,0,186
1530,9801,1.0,-16,178,186,182
1531,9801,0.0,-16,178,186,179
1532,9801,0.0,-16,178,186,180
1533,9801,0.0,-16,178,186,183
1534,9801,0.0,-16,178,186,184
1535,9801,0.0,-16,178,186,183
1536,9801,0.0,-16,178,186,185
1537,9801,0.0,-16,178,186,183
1538,9801,0.0,-16,178,186,183
1539,9801,0.0,-16,178,186,181
1540,9801,0.0,-16,178,186,181
1541,9801,0.0,-16,178,186,181
1542,9801,0.0,-16,178,186,183
1543,9801,0.0,-16,178,186,182
1544,9801,0.0,-16,178,186,184
1545,9801,0.0,-16,178,186,185
1546,9801,0.0,-16,178,186,182
1547,9988,0.0,-12,0,0,187
1548,9799,1.0,-12,184,192,188
1549,9799,0.0,-12,184,192,189
1550,9992,0.0,-8,0,0,196
1551,9805,1.0,-8,182,190,186
1552,9805,0.0,-8,182,190,187
1553,9805,0.0,-8,182,190,188
1554,9996,0.0,-4,0,0,193
1555,9801,1.0,-4,190,198,194
1556,9801,0.0,-4,190,198,196
1557,9801,0.0,-4,190,198,195
1558,10000,0.0,0,0,0,200
1559,9798,1.0,0,197,205,201
1560,9996,0.0,-4,0,0,197
1561,9795,-1.0,-4,204,196,200
1562,10000,0.0,0,0,0,196
1563,9801,-1.0,0,202,194,198
1564,9996,0.0,-4,0,0,203
1565,9791,1.0,-4,200,208,204
1566,9791,0.0,-4,200,208,206
1567,10000,0.0,0,0,0,210
1568,9791,1.0,0,204,212,208
1569,10004,0.0,4,0,0,212
1570,9789,1.0,4,210,218,214
1571,9789,0.0,4,210,218,213
1572,10000,0.0,0,0,0,207
1573,9791,-1.0,0,212,204,208
1574,9791,0.0,0,212,204,208
1575,10004,0.0,4,0,0,203
1576,9801,-1.0,4,206,198,202
1577,10000,0.0,0,0,0,211
1578,9791,1.0,0,204,212,208
1579,9791,0.0,0,204,212,211
1580,9996,0.0,-4,0,0,202
1581,9794,-1.0,-4,205,197,201
1582,9794,0.0,-4,205,197,203
1583,9794,0.0,-4,205,197,202
1584,9794,0.0,-4,205,197,204
1585,9794,0.0,-4,205,197,203
1586,9794,0.0,-4,205,197,205
1587,9992,0.0,-8,0,0,216
1588,9778,1.0,-8,209,217,213
1589,9778,0.0,-8,209,217,212
1590,9778,0.0,-8,209,217,216
1591,9778,0.0,-8,209,217,212
1592,9988,0.0,-12,0,0,208
1593,9784,-1.0,-12,207,199,203
1594,9984,0.0,-16,0,0,209
1595,9775,-1.0,-16,212,204,208
1596,9775,0.0,-16,212,204,208
1597,9775,0.0,-16,212,204,210
1598,9775,0.0,-16,212,204,211
1599,9775,0.0,-16,212,204,209
1600,9980,0.0,-20,0,0,214
1601,9766,1.0,-20,209,217,213
1602,9766,0.0,-20,209,217,213
1603,9766,0.0,-20,209,217,216
1604,9984,0.0,-16,0,0,221
1605,9757,1.0,-16,222,230,226
1606,9757,0.0,-16,222,230,228
1607,9757,0.0,-16,222,230,225
1608,9757,0.0,-16,222,230,227
1609,9988,0.0,-12,0,0,231
1610,9770,1.0,-12,213,221,217
1611,9770,0.0,-12,213,221,214
1612,9984,0.0,-16,0,0,202
1613,9772,-1.0,-16,215,207,211
1614,9988,0.0,-12,0,0,205
1615,9783,-1.0,-12,208,200,204
1616,9783,0.0,-12,208,200,205
1617,9984,0.0,-16,0,0,208
1618,9778,-1.0,-16,209,201,205
1619,9778,0.0,-16,209,201,202
1620,9988,0.0,-12,0,0,200
1621,9785,-1.0,-12,206,198,202
1622,9984,0.0,-16,0,0,207
1623,9783,1.0,-16,196,204,200
1624,9783,0.0,-16,196,204,203
1625,9988,0.0,-12,0,0,207
1626,9778,1.0,-12,205,213,209
1627,9778,0.0,-12,205,213,207
1628,9778,0.0,-12,205,213,210
1629,9778,0.0,-12,205,213,212
1630,9778,0.0,-12,205,213,206
1631,9778,0.0,-12,205,213,210
1632,9778,0.0,-12,205,213,205
1633,9778,0.0,-12,205,213,209
1634,9778,0.0,-12,205,213,210
1635,9992,0.0,-8,0,0,215
1636,9770,1.0,-8,217,225,221
1637,9770,0.0,-8,217,225,222
1638,9770,0.0,-8,217,225,220
1639,9770,0.0,-8,217,225,219
1640,9770,0.0,-8,217,225,219
1641,9988,0.0,-12,0,0,214
1642,9773,-1.0,-12,218,210,214
1643,9773,0.0,-12,218,210,214
1644,9773,0.0,-12,218,210,214
1645,9773,0.0,-12,218,210,216
1646,9992,0.0,-8,0,0,210
1647,9778,-1.0,-8,217,209,213
1648,9996,0.0,-4,0,0,202
1649,9791,-1.0,-4,208,200,204
1650,9791,0.0,-4,208,200,202
1651,9791,0.0,-4,208,200,202
1652,9791,0.0,-4,208,200,206
1653,9992,0.0,-8,0,0,216
1654,9768,1.0,-8,219,227,223
1655,9768,0.0,-8,219,227,223
1656,9988,0.0,-12,0,0,218
1657,9776,1.0,-12,207,215,211
1658,9992,0.0,-8,0,0,216
1659,9776,-1.0,-8,219,211,215
1660,9776,0.0,-8,219,211,216
1661,9776,0.0,-8,219,211,217
1662,9776,0.0,-8,219,211,214
1663,9996,0.0,-4,0,0,211
1664,9783,-1.0,-4,216,208,212
1665,9783,0.0,-4,216,208,210
1666,9783,0.0,-4,216,208,210
1667,9783,0.0,-4,216,208,213
1668,9783,0.0,-4,216,208,213
1669,9783,0.0,-4,216,208,215
1670,9783,0.0,-4,216,208,214
1671,9783,0.0,-4,216,208,216
1672,9783,0.0,-4,216,208,215
1673,9783,0.0,-4,216,208,214
1674,9783,0.0,-4,216,208,214
1675,9783,0.0,-4,216,208,214
1676,9783,0.0,-4,216,208,216
1677,9783,0.0,-4,216,208,211
1678,9783,0.0,-4,216,208,210
1679,9783,0.0,-4,216,208,213
1680,9783,0.0,-4,216,208,214
1681,9783,0.0,-4,216,208,214
1682,9992,0.0,-8,0,0,219
1683,9772,1.0,-8,215,223,219
1684,9772,0.0,-8,215,223,218
1685,9772,0.0,-8,215,223,222
1686,9996,0.0,-4,0,0,223
1687,9774,1.0,-4,217,225,221
1688,9774,0.0,-4,217,225,222
1689,9774,0.0,-4,217,225,224
1690,9774,0.0,-4,217,225,224
1691,9774,0.0,-4,217,225,221
1692,9774,0.0,-4,217,225,222
1693,9774,0.0,-4,217,225,217
1694,9774,0.0,-4,217,225,217
1695,9992,0.0,-8,0,0,212
1696,9773,-1.0,-8,222,214,218
1697,9773,0.0,-8,222,214,219
1698,9773,0.0,-8,222,214,217
1699,9773,0.0,-8,222,214,214
1700,9773,0.0,-8,222,214,216
1701,9996,0.0,-4,0,0,213
1702,9783,-1.0,-4,216,208,212
1703,9783,0.0,-4,216,208,216
1704,9992,0.0,-8,0,0,224
1705,9767,1.0,-8,220,228,224
1706,9767,0.0,-8,220,228,225
1707,9996,0.0,-4,0,0,229
1708,9763,1.0,-4,228,236,232
1709,9763,0.0,-4,228,236,232
1710,10000,0.0,0,0,0,238
1711,9768,1.0,0,227,235,231
1712,10004,0.0,4,0,0,239
1713,9764,1.0,4,235,243,239
1714,9764,0.0,4,235,243,243
1715,9764,0.0,4,235,243,242
1716,9764,0.0,4,235,243,242
1717,9764,0.0,4,235,243,242
1718,10008,0.0,8,0,0,243
1719,9765,1.0,8,238,246,242
1720,9765,0.0,8,238,246,244
1721,9765,0.0,8,238,246,244
1722,9765,0.0,8,238,246,243
1723,9765,0.0,8,238,246,244
1724,9765,0.0,8,238,246,243
1725,9765,0.0,8,238,246,240
1726,10004,0.0,4,0,0,234
1727,9770,-1.0,4,237,229,233
1728,9770,0.0,4,237,229,234
1729,10008,0.0,8,0,0,228
1730,9775,-1.0,8,236,228,232
1731,10004,0.0,4,0,0,236
1732,9770,1.0,4,229,237,233
1733,10000,0.0,0,0,0,227
1734,9773,-1.0,0,230,222,226
1735,9996,0.0,-4,0,0,231
1736,9768,-1.0,-4,231,223,227
1737,9992,0.0,-8,0,0,233
1738,9759,1.0,-8,228,236,232
1739,9996,0.0,-4,0,0,237
1740,9760,1.0,-4,231,239,235
1741,9760,0.0,-4,231,239,234
1742,9760,0.0,-4,231,239,237
1743,9760,0.0,-4,231,239,237
1744,9992,0.0,-8,0,0,230
1745,9761,-1.0,-8,234,226,230
1746,9988,0.0,-12,0,0,235
1747,9750,1.0,-12,233,241,237
1748,9750,0.0,-12,233,241,235
1749,9984,0.0,-16,0,0,232
1750,9747,1.0,-16,232,240,236
1751,9747,0.0,-16,232,240,235
1752,9980,0.0,-20,0,0,231
1753,9744,-1.0,-20,239,231,235
1754,9976,0.0,-24,0,0,242
1755,9726,1.0,-24,245,253,249
1756,9726,0.0,-24,245,253,247
1757,9726,0.0,-24,245,253,249
1758,9980,0.0,-20,0,0,253
1759,9724,1.0,-20,251,259,255
1760,9724,0.0,-20,251,259,255
1761,9724,0.0,-20,251,259,258
1762,9724,0.0,-20,251,259,255
1763,9724,0.0,-20,251,259,259
1764,9984,0.0,-16,0,0,260
1765,9725,1.0,-16,254,262,258
1766,9725,0.0,-16,254,262,258
1767,9725,0.0,-16,254,262,260
1768,9725,0.0,-16,254,262,257
1769,9725,0.0,-16,254,262,261
1770,9725,0.0,-16,254,262,261
1771,9725,0.0,-16,254,262,261
1772,9980,0.0,-20,0,0,254
1773,9727,-1.0,-20,256,248,252
1774,9727,0.0,-20,256,248,252
1775,9727,0.0,-20,256,248,251
1776,9984,0.0,-16,0,0,247
1777,9737,-1.0,-16,250,242,246
1778,9737,0.0,-16,250,242,249
1779,9980,0.0,-20,0,0,252
1780,9732,-1.0,-20,251,243,247
1781,9732,0.0,-20,251,243,246
1782,9984,0.0,-16,0,0,239
1783,9740,-1.0,-16,247,239,243
1784,9980,0.0,-20,0,0,248
1785,9734,1.0,-20,241,249,245
1786,9734,0.0,-20,241,249,243
1787,9734,0.0,-20,241,249,243
1788,9734,0.0,-20,241,249,246
1789,9734,0.0,-20,241,249,245
1790,9984,0.0,-16,0,0,250
1791,9732,1.0,-16,247,255,251
1792,9732,0.0,-16,247,255,251
1793,9732,0.0,-16,247,255,249
1794,9732,0.0,-16,247,255,249
1795,9980,0.0,-20,0,0,247
1796,9732,-1.0,-20,251,243,247
1797,9732,0.0,-20,251,243,245
1798,9732,0.0,-20,251,243,250
1799,9976,0.0,-24,0,0,253
1800,9723,1.0,-24,248,256,252
1801,9723,0.0,-24,248,256,253
1802,9980,0.0,-20,0,0,257
1803,9722,1.0,-20,253,261,257
1804,9722,0.0,-20,253,261,259
1805,9722,0.0,-20,253,261,258
1806,9722,0.0,-20,253,261,257
1807,9722,0.0,-20,253,261,260
1808,9722,0.0,-20,253,261,259
1809,9984,0.0,-16,0,0,262
1810,9718,1.0,-16,261,269,265
1811,9718,0.0,-16,261,269,265
1812,9718,0.0,-16,261,269,266
1813,9718,0.0,-16,261,269,265
1814,9718,0.0,-16,261,269,268
1815,9988,0.0,-12,0,0,271
1816,9717,1.0,-12,266,274,270
1817,9717,0.0,-12,266,274,271
1818,9992,0.0,-8,0,0,277
1819,9714,1.0,-8,273,281,277
1820,9714,0.0,-8,273,281,279
1821,9714,0.0,-8,273,281,277
1822,9714,0.0,-8,273,281,277
1823,9714,0.0,-8,273,281,277
1824,9714,0.0,-8,273,281,280
1825,9996,0.0,-4,0,0,282
1826,9714,1.0,-4,277,285,281
1827,9714,0.0,-4,277,285,280
1828,9992,0.0,-8,0,0,277
1829,9712,-1.0,-8,283,275,279
1830,9712,0.0,-8,283,275,281
1831,9988,0.0,-12,0,0,286
1832,9698,1.0,-12,285,293,289
1833,9698,0.0,-12,285,293,289
1834,9698,0.0,-12,285,293,286
1835,9698,0.0,-12,285,293,286
1836,9698,0.0,-12,285,293,286
1837,9984,0.0,-16,0,0,284
1838,9699,-1.0,-16,288,280,284
1839,9699,0.0,-16,288,280,287
1840,9699,0.0,-16,288,280,286
1841,9980,0.0,-20,0,0,289
1842,9690,1.0,-20,285,293,289
1843,9690,0.0,-20,285,293,288
1844,9690,0.0,-20,285,293,286
1845,9690,0.0,-20,285,293,286
1846,9690,0.0,-20,285,293,289
1847,9690,0.0,-20,285,293,292
1848,9984,0.0,-16,0,0,294
1849,9690,1.0,-16,289,297,293
1850,9690,0.0,-16,289,297,290
1851,9690,0.0,-16,289,297,296
1852,9988,0.0,-12,0,0,304
1853,9683,1.0,-12,300,308,304
1854,9683,0.0,-12,300,308,302
1855,9683,0.0,-12,300,308,302
1856,9984,0.0,-16,0,0,299
1857,9684,-1.0,-16,303,295,299
1858,9684,0.0,-16,303,295,303
1859,9684,0.0,-16,303,295,301
1860,9684,0.0,-16,303,295,301
1861,9684,0.0,-16,303,295,301
1862,9684,0.0,-16,303,295,301
1863,9684,0.0,-16,303,295,300
1864,9684,0.0,-16,303,295,300
1865,9684,0.0,-16,303,295,297
1866,9988,0.0,-12,0,0,295
1867,9691,-1.0,-12,300,292,296
1868,9691,0.0,-12,300,292,299
1869,9984,0.0,-16,0,0,304
1870,9678,1.0,-16,301,309,305
1871,9980,0.0,-20,0,0,299
1872,9685,-1.0,-20,298,290,294
1873,9685,0.0,-20,298,290,294
1874,9976,0.0,-24,0,0,298
1875,9676,-1.0,-24,303,295,299
1876,9676,0.0,-24,303,295,299
1877,9980,0.0,-20,0,0,294
1878,9696,-1.0,-20,287,279,283
1879,9696,0.0,-20,287,279,284
1880,9696,0.0,-20,287,279,281
1881,9976,0.0,-24,0,0,289
1882,9692,-1.0,-24,287,279,283
1883,9972,0.0,-28,0,0,288
1884,9678,1.0,-28,289,297,293
1885,9678,0.0,-28,289,297,294
1886,9678,0.0,-28,289,297,294
1887,9678,0.0,-28,289,297,294
1888,9678,0.0,-28,289,297,292
1889,9678,0.0,-28,289,297,296
1890,9976,0.0,-24,0,0,302
1891,9671,1.0,-24,300,308,304
1892,9671,0.0,-24,300,308,307
1893,9980,0.0,-20,0,0,308
1894,9672,1.0,-20,303,311,307
1895,9672,0.0,-20,303,311,310
1896,9672,0.0,-20,303,311,309
1897,9672,0.0,-20,303,311,308
1898,9672,0.0,-20,303,311,310
1899,9984,0.0,-16,0,0,323
1900,9659,1.0,-16,320,328,324
1901,9988,0.0,-12,0,0,331
1902,9658,1.0,-12,325,333,329
1903,9658,0.0,-12,325,333,333
1904,9992,0.0,-8,0,0,334
1905,9655,1.0,-8,332,340,336
1906,9655,0.0,-8,332,340,336
1907,9655,0.0,-8,332,340,336
1908,9655,0.0,-8,332,340,335
1909,9988,0.0,-12,0,0,330
1910,9655,-1.0,-12,336,328,332
1911,9984,0.0,-16,0,0,336
1912,9647,1.0,-16,332,340,336
1913,9647,0.0,-16,332,340,339
1914,9647,0.0,-16,332,340,339
1915,9988,0.0,-12,0,0,341
1916,9644,1.0,-12,339,347,343
1917,9644,0.0,-12,339,347,339
1918,9984,0.0,-16,0,0,337
1919,9646,-1.0,-16,341,333,337
1920,9988,0.0,-12,0,0,329
1921,9651,-1.0,-12,340,332,336
1922,9992,0.0,-8,0,0,330
1923,9661,-1.0,-8,334,326,330
1924,9661,0.0,-8,334,326,329
1925,9996,0.0,-4,0,0,323
1926,9669,-1.0,-4,330,322,326
1927,9992,0.0,-8,0,0,334
1928,9657,1.0,-8,330,338,334
1929,9657,0.0,-8,330,338,333
1930,9996,0.0,-4,0,0,342
1931,9656,1.0,-4,335,343,339
1932,9992,0.0,-8,0,0,328
1933,9657,-1.0,-8,338,330,334
1934,9996,0.0,-4,0,0,324
1935,9672,-1.0,-4,327,319,323
1936,9672,0.0,-4,327,319,319
1937,9672,0.0,-4,327,319,327
1938,9992,0.0,-8,0,0,333
1939,9657,1.0,-8,330,338,334
1940,9996,0.0,-4,0,0,342
1941,9654,1.0,-4,337,345,341
1942,9654,0.0,-4,337,345,341
1943,9654,0.0,-4,337,345,339
1944,9992,0.0,-8,0,0,336
1945,9657,-1.0,-8,338,330,334
1946,9996,0.0,-4,0,0,329
1947,9679,-1.0,-4,320,312,316
1948,9679,0.0,-4,320,312,313
1949,9679,0.0,-4,320,312,314
1950,9679,0.0,-4,320,312,314
1951,9679,0.0,-4,320,312,314
1952,9679,0.0,-4,320,312,318
1953,10000,0.0,0,0,0,304
1954,9689,-1.0,0,314,306,310
1955,10004,0.0,4,0,0,302
1956,9700,-1.0,4,307,299,303
1957,9700,0.0,4,307,299,301
1958,10008,0.0,8,0,0,296
1959,9711,-1.0,8,300,292,296
1960,10012,0.0,12,0,0,288
1961,9715,-1.0,12,300,292,296
1962,9715,0.0,12,300,292,299
1963,10008,0.0,8,0,0,308
1964,9697,1.0,8,306,314,310
1965,9697,0.0,8,306,314,308
1966,9697,0.0,8,306,314,313
1967,10004,0.0,4,0,0,301
1968,9698,-1.0,4,309,301,305
1969,10008,0.0,8,0,0,300
1970,9703,-1.0,8,308,300,304
1971,10004,0.0,4,0,0,311
1972,9701,1.0,4,298,306,302
1973,10000,0.0,0,0,0,295
1974,9705,-1.0,0,299,291,295
1975,9996,0.0,-4,0,0,300
1976,9696,-1.0,-4,303,295,299
1977,10000,0.0,0,0,0,290
1978,9712,-1.0,0,291,283,287
1979,9712,0.0,0,291,283,287
1980,10004,0.0,4,0,0,280
1981,9709,-1.0,4,298,290,294
1982,9709,0.0,4,298,290,297
1983,10000,0.0,0,0,0,298
1984,9705,1.0,0,290,298,294
1985,10004,0.0,4,0,0,300
1986,9708,1.0,4,291,299,295
1987,10000,0.0,0,0,0,289
1988,9721,-1.0,0,282,274,278
1989,9721,0.0,0,282,274,275
1990,9996,0.0,-4,0,0,288
1991,9710,-1.0,-4,289,281,285
1992,10000,0.0,0,0,0,280
1993,9723,1.0,0,272,280,276
1994,10004,0.0,4,0,0,287
1995,9709,1.0,4,290,298,294
1996,9709,0.0,4,290,298,295
1997,10008,0.0,8,0,0,300
1998,9708,1.0,8,295,303,299
1999,10012,0.0,12,0,0,304
2000,9712,1.0,12,295,303,299
2001,10016,0.0,16,0,0,304
2002,9712,1.0,16,299,307,303
2003,10020,0.0,20,0,0,310
2004,9704,1.0,20,311,319,315
2005,9704,0.0,20,311,319,313
2006,10016,0.0,16,0,0,308
2007,9706,1.0,16,305,313,309
2008,10020,0.0,20,0,0,314
2009,9709,-1.0,20,314,306,310
2010,10024,0.0,24,0,0,299
2011,9722,-1.0,24,305,297,301
2012,10028,0.0,28,0,0,296
2013,9742,-1.0,28,289,281,285
2014,9742,0.0,28,289,281,282
2015,9742,0.0,28,289,281,287
2016,10032,0.0,32,0,0,279
2017,9751,-1.0,32,284,276,280
2018,10028,0.0,28,0,0,285
2019,9741,1.0,28,282,290,286
2020,10024,0.0,24,0,0,280
2021,9749,1.0,24,270,278,274
2022,10028,0.0,28,0,0,280
2023,9757,-1.0,28,274,266,270
2024,10024,0.0,24,0,0,283
2025,9734,1.0,24,285,293,289
2026,10020,0.0,20,0,0,277
2027,9735,1.0,20,280,288,284
2028,9735,0.0,20,280,288,281
2029,10024,0.0,24,0,0,289
2030,9746,-1.0,24,281,273,277
2031,9746,0.0,24,281,273,274
2032,10028,0.0,28,0,0,264
2033,9758,-1.0,28,273,265,269
2034,10032,0.0,32,0,0,260
2035,9776,-1.0,32,259,251,255
2036,10028,0.0,28,0,0,261
2037,9766,-1.0,28,265,257,261
2038,10024,0.0,24,0,0,266
2039,9769,1.0,24,250,258,254
2040,9769,0.0,24,250,258,253
2041,9769,0.0,24,250,258,252
2042,10028,0.0,28,0,0,260
2043,9768,-1.0,28,263,255,259
2044,9768,0.0,28,263,255,262
2045,10024,0.0,24,0,0,265
2046,9750,1.0,24,269,277,273
2047,9750,0.0,24,269,277,271
2048,9750,0.0,24,269,277,272
2049,9750,0.0,24,269,277,274
2050,9750,0.0,24,269,277,270
2051,10020,0.0,20,0,0,268
2052,9747,-1.0,20,276,268,272
2053,9747,0.0,20,276,268,270
2054,10024,0.0,24,0,0,264
2055,9771,-1.0,24,256,248,252
2056,10028,0.0,28,0,0,242
2057,9783,-1.0,28,248,240,244
2058,10024,0.0,24,0,0,251
2059,9779,-1.0,24,248,240,244
2060,9779,0.0,24,248,240,247
2061,10020,0.0,20,0,0,253
2062,9766,1.0,20,249,257,253
2063,10024,0.0,24,0,0,258
2064,9756,1.0,24,263,271,267
2065,9756,0.0,24,263,271,264
2066,10020,0.0,20,0,0,256
2067,9759,1.0,20,256,264,260
2068,9759,0.0,20,256,264,256
2069,9759,0.0,20,256,264,259
2070,9759,0.0,20,256,264,262
2071,10024,0.0,24,0,0,266
2072,9755,1.0,24,264,272,268
2073,9755,0.0,24,264,272,267
2074,9755,0.0,24,264,272,264
2075,10020,0.0,20,0,0,253
2076,9767,-1.0,20,256,248,252
2077,9767,0.0,20,256,248,254
2078,10016,0.0,16,0,0,256
2079,9761,-1.0,16,258,250,254
2080,10012,0.0,12,0,0,259
2081,9749,1.0,12,258,266,262
2082,9749,0.0,12,258,266,264
2083,9749,0.0,12,258,266,260
2084,9749,0.0,12,258,266,258
2085,10008,0.0,8,0,0,251
2086,9739,1.0,8,264,272,268
2087,10012,0.0,12,0,0,276
2088,9731,1.0,12,276,284,280
2089,9731,0.0,12,276,284,278
2090,10008,0.0,8,0,0,274
2091,9725,1.0,8,278,286,282
2092,9725,0.0,8,278,286,283
2093,9725,0.0,8,278,286,282
2094,9725,0.0,8,278,286,280
2095,9725,0.0,8,278,286,282
2096,10012,0.0,12,0,0,289
2097,9724,1.0,12,283,291,287
2098,10016,0.0,16,0,0,291
2099,9722,1.0,16,289,297,293
2100,9722,0.0,16,289,297,292
2101,9722,0.0,16,289,297,291
2102,9722,0.0,16,289,297,290
2103,10012,0.0,12,0,0,286
2104,9734,-1.0,12,281,273,277
2105,9734,0.0,12,281,273,276
2106,9734,0.0,12,281,273,275
2107,9734,0.0,12,281,273,278
2108,10016,0.0,16,0,0,268
2109,9750,-1.0,16,269,261,265
2110,9750,0.0,16,269,261,262
2111,9750,0.0,16,269,261,261
2112,10020,0.0,20,0,0,260
2113,9763,-1.0,20,260,252,256
2114,9763,0.0,20,260,252,253
2115,9763,0.0,20,260,252,258
2116,9763,0.0,20,260,252,258
2117,10016,0.0,16,0,0,264
2118,9749,1.0,16,262,270,266
2119,10012,0.0,12,0,0,251
2120,9759,-1.0,12,256,248,252
2121,10016,0.0,16,0,0,245
2122,9771,-1.0,16,248,240,244
2123,9771,0.0,16,248,240,244
2124,9771,0.0,16,248,240,242
2125,10020,0.0,20,0,0,238
2126,9779,-1.0,20,244,236,240
2127,9779,0.0,20,244,236,237
2128,9779,0.0,20,244,236,237
2129,10024,0.0,24,0,0,236
2130,9782,-1.0,24,245,237,241
2131,9782,0.0,24,245,237,237
2132,10028,0.0,28,0,0,232
2133,9787,-1.0,28,244,236,240
2134,10024,0.0,24,0,0,248
2135,9774,1.0,24,245,253,249
2136,9774,0.0,24,245,253,246
2137,10020,0.0,20,0,0,234
2138,9790,-1.0,20,233,225,229
2139,9790,0.0,20,233,225,225
2140,9790,0.0,20,233,225,225
2141,10016,0.0,16,0,0,234
2142,9787,1.0,16,224,232,228
2143,10020,0.0,20,0,0,237
2144,9781,1.0,20,234,242,238
2145,9781,0.0,20,234,242,236
2146,9781,0.0,20,234,242,236
2147,9781,0.0,20,234,242,242
2148,10024,0.0,24,0,0,247
2149,9773,1.0,24,246,254,250
2150,10020,0.0,20,0,0,231
2151,9793,-1.0,20,230,222,226
2152,10016,0.0,16,0,0,235
2153,9783,-1.0,16,236,228,232
2154,9783,0.0,16,236,228,228
2155,10020,0.0,20,0,0,220
2156,9805,-1.0,20,218,210,214
2157,10016,0.0,16,0,0,221
2158,9788,-1.0,16,231,223,227
2159,9788,0.0,16,231,223,228
2160,9788,0.0,16,231,223,224
2161,10012,0.0,12,0,0,242
2162,9764,1.0,12,243,251,247
2163,10008,0.0,8,0,0,241
2164,9766,1.0,8,237,245,241
2165,9766,0.0,8,237,245,241
2166,9766,0.0,8,237,245,241
2167,9766,0.0,8,237,245,241
2168,9766,0.0,8,237,245,242
2169,9766,0.0,8,237,245,245
2170,10012,0.0,12,0,0,247
2171,9764,1.0,12,243,251,247
2172,10008,0.0,8,0,0,241
2173,9767,-1.0,8,244,236,240
2174,10004,0.0,4,0,0,255
2175,9749,1.0,4,250,258,254
2176,9749,0.0,4,250,258,255
2177,10000,0.0,0,0,0,250
2178,9754,1.0,0,241,249,245
2179,9754,0.0,0,241,249,244
2180,9754,0.0,0,241,249,247
2181,9754,0.0,0,241,249,245
2182,10004,0.0,4,0,0,252
2183,9747,1.0,4,252,260,256
2184,9747,0.0,4,252,260,257
2185,10000,0.0,0,0,0,249
2186,9755,1.0,0,240,248,244
2187,9996,0.0,-4,0,0,240
2188,9754,-1.0,-4,245,237,241
2189,9754,0.0,-4,245,237,244
2190,9754,0.0,-4,245,237,238
2191,9754,0.0,-4,245,237,238
2192,10000,0.0,0,0,0,236
2193,9765,-1.0,0,238,230,234
2194,9996,0.0,-4,0,0,241
2195,9756,1.0,-4,235,243,239
2196,9756,0.0,-4,235,243,239
2197,9992,0.0,-8,0,0,229
2198,9769,-1.0,-8,226,218,222
2199,9769,0.0,-8,226,218,224
2200,9988,0.0,-12,0,0,227
2201,9759,-1.0,-12,232,224,228
2202,9984,0.0,-16,0,0,235
2203,9745,1.0,-16,234,242,238
2204,9745,0.0,-16,234,242,239
2205,9745,0.0,-16,234,242,240
2206,9745,0.0,-16,234,242,235
2207,9980,0.0,-20,0,0,231
2208,9739,-1.0,-20,244,236,240
2209,9739,0.0,-20,244,236,242
2210,9739,0.0,-20,244,236,242
2211,9739,0.0,-20,244,236,240
2212,9976,0.0,-24,0,0,248
2213,9727,1.0,-24,244,252,248
2214,9972,0.0,-28,0,0,242
2215,9724,1.0,-28,243,251,247
2216,9976,0.0,-24,0,0,252
2217,9711,1.0,-24,260,268,264
2218,9972,0.0,-28,0,0,258
2219,9715,1.0,-28,252,260,256
2220,9976,0.0,-24,0,0,267
2221,9709,1.0,-24,262,270,266
2222,9709,0.0,-24,262,270,263
2223,9709,0.0,-24,262,270,263
2224,9980,0.0,-20,0,0,271
2225,9707,-1.0,-20,276,268,272
2226,9707,0.0,-20,276,268,269
2227,9984,0.0,-16,0,0,262
2228,9725,-1.0,-16,262,254,258
2229,9988,0.0,-12,0,0,252
2230,9736,-1.0,-12,255,247,251
2231,9736,0.0,-12,255,247,254
2232,9736,0.0,-12,255,247,249
2233,9736,0.0,-12,255,247,250
2234,9736,0.0,-12,255,247,249
2235,9992,0.0,-8,0,0,246
2236,9740,-1.0,-8,255,247,251
2237,9988,0.0,-12,0,0,255
2238,9731,1.0,-12,252,260,256
2239,9731,0.0,-12,252,260,254
2240,9731,0.0,-12,252,260,253
2241,9984,0.0,-16,0,0,252
2242,9735,-1.0,-16,252,244,248
2243,9980,0.0,-20,0,0,253
2244,9719,1.0,-20,256,264,260
2245,9984,0.0,-16,0,0,265
2246,9707,1.0,-16,272,280,276
2247,9707,0.0,-16,272,280,279
2248,9707,0.0,-16,272,280,272
2249,9707,0.0,-16,272,280,273
2250,9707,0.0,-16,272,280,272
2251,9707,0.0,-16,272,280,277
2252,9988,0.0,-12,0,0,280
2253,9711,1.0,-12,272,280,276
2254,9711,0.0,-12,272,280,275
2255,9992,0.0,-8,0,0,280
2256,9707,1.0,-8,280,288,284
2257,9996,0.0,-4,0,0,288
2258,9708,1.0,-4,283,291,287
2259,9708,0.0,-4,283,291,287
2260,9708,0.0,-4,283,291,284
2261,10000,0.0,0,0,0,291
2262,9710,1.0,0,285,293,289
2263,9996,0.0,-4,0,0,282
2264,9712,-1.0,-4,287,279,283
2265,9992,0.0,-8,0,0,289
2266,9705,-1.0,-8,290,282,286
2267,9705,0.0,-8,290,282,288
2268,9705,0.0,-8,290,282,288
2269,9705,0.0,-8,290,282,288
2270,9705,0.0,-8,290,282,286
2271,9705,0.0,-8,290,282,285
2272,9996,0.0,-4,0,0,281
2273,9720,-1.0,-4,279,271,275
2274,9992,0.0,-8,0,0,295
2275,9687,1.0,-8,300,308,304
2276,9687,0.0,-8,300,308,307
2277,9687,0.0,-8,300,308,305
2278,9687,0.0,-8,300,308,305
2279,9687,0.0,-8,300,308,304
2280,9687,0.0,-8,300,308,305
2281,9996,0.0,-4,0,0,310
2282,9687,1.0,-4,304,312,308
2283,9687,0.0,-4,304,312,307
2284,9687,0.0,-4,304,312,312
2285,9687,0.0,-4,304,312,310
2286,9687,0.0,-4,304,312,308
2287,9687,0.0,-4,304,312,309
2288,9687,0.0,-4,304,312,311
2289,10000,0.0,0,0,0,314
2290,9681,1.0,0,314,322,318
2291,9681,0.0,0,314,322,318
2292,9681,0.0,0,314,322,321
2293,9681,0.0,0,314,322,315
2294,9996,0.0,-4,0,0,313
2295,9670,1.0,-4,321,329,325
2296,10000,0.0,0,0,0,332
2297,9668,1.0,0,327,335,331
2298,9668,0.0,0,327,335,328
2299,9668,0.0,0,327,335,332
2300,10004,0.0,4,0,0,335
2301,9668,-1.0,4,339,331,335
2302,9668,0.0,4,339,331,333
2303,10008,0.0,8,0,0,323
2304,9682,-1.0,8,329,321,325
2305,9682,0.0,8,329,321,326
2306,10004,0.0,4,0,0,331
2307,9669,1.0,4,330,338,334
2308,9669,0.0,4,330,338,337
2309,10008,0.0,8,0,0,348
2310,9665,1.0,8,338,346,342
2311,10004,0.0,4,0,0,338
2312,9670,1.0,4,329,337,333
2313,10008,0.0,8,0,0,339
2314,9672,-1.0,8,339,331,335
2315,10012,0.0,12,0,0,328
2316,9677,-1.0,12,338,330,334
2317,9677,0.0,12,338,330,335
2318,9677,0.0,12,338,330,335
2319,10008,0.0,8,0,0,340
2320,9670,1.0,8,333,341,337
2321,9670,0.0,8,333,341,338
2322,9670,0.0,8,333,341,341
2323,9670,0.0,8,333,341,337
2324,10004,0.0,4,0,0,331
2325,9671,-1.0,4,336,328,332
2326,10000,0.0,0,0,0,337
2327,9657,1.0,0,338,346,342
2328,9657,0.0,0,338,346,345
2329,9657,0.0,0,338,346,345
2330,10004,0.0,4,0,0,359
2331,9648,1.0,4,351,359,355
2332,10000,0.0,0,0,0,346
2333,9656,1.0,0,339,347,343
2334,9656,0.0,0,339,347,345
2335,10004,0.0,4,0,0,350
2336,9666,-1.0,4,341,333,337
2337,10008,0.0,8,0,0,330
2338,9669,-1.0,8,342,334,338
2339,9669,0.0,8,342,334,335
2340,9669,0.0,8,342,334,336
2341,10012,0.0,12,0,0,327
2342,9685,-1.0,12,330,322,326
2343,9685,0.0,12,330,322,327
2344,9685,0.0,12,330,322,330
2345,9685,0.0,12,330,322,326
2346,10016,0.0,16,0,0,322
2347,9693,-1.0,16,326,318,322
2348,9693,0.0,16,326,318,321
2349,9693,0.0,16,326,318,324
2350,9693,0.0,16,326,318,321
2351,9693,0.0,16,326,318,320
2352,10020,0.0,20,0,0,316
2353,9703,-1.0,20,320,312,316
2354,10016,0.0,16,0,0,321
2355,9693,1.0,16,318,326,322
2356,10020,0.0,20,0,0,327
2357,9700,1.0,20,315,323,319
2358,9700,0.0,20,315,323,322
2359,9700,0.0,20,315,323,323
2360,10024,0.0,24,0,0,328
2361,9695,-1.0,24,332,324,328
2362,9695,0.0,24,332,324,327
2363,9695,0.0,24,332,324,328
2364,10020,0.0,20,0,0,333
2365,9687,1.0,20,328,336,332
2366,9687,0.0,20,328,336,329
2367,9687,0.0,20,328,336,334
2368,10024,0.0,24,0,0,337
2369,9692,1.0,24,327,335,331
2370,10028,0.0,28,0,0,336
2371,9689,1.0,28,334,342,338
2372,10024,0.0,24,0,0,330
2373,9694,-1.0,24,333,325,329
2374,9694,0.0,24,333,325,328
2375,10028,0.0,28,0,0,320
2376,9708,-1.0,28,323,315,319
2377,9708,0.0,28,323,315,317
2378,9708,0.0,28,323,315,317
2379,10032,0.0,32,0,0,312
2380,9719,-1.0,32,316,308,312
2381,9719,0.0,32,316,308,313
2382,9719,0.0,32,316,308,315
2383,10028,0.0,28,0,0,321
2384,9714,1.0,28,309,317,313
2385,10032,0.0,32,0,0,318
2386,9712,1.0,32,315,323,319
2387,10036,0.0,36,0,0,327
2388,9706,1.0,36,325,333,329
2389,9706,0.0,36,325,333,328
2390,9706,0.0,36,325,333,332
2391,9706,0.0,36,325,333,331
2392,9706,0.0,36,325,333,327
2393,9706,0.0,36,325,333,332
2394,9706,0.0,36,325,333,332
2395,9706,0.0,36,325,333,330
2396,9706,0.0,36,325,333,331
2397,9706,0.0,36,325,333,326
2398,9706,0.0,36,325,333,329
2399,9706,0.0,36,325,333,330
2400,10040,0.0,40,0,0,340
2401,9712,1.0,40,323,331,327
2402,9712,0.0,40,323,331,329
2403,10044,0.0,44,0,0,337
2404,9705,-1.0,44,342,334,338
2405,10040,0.0,40,0,0,346
2406,9691,1.0,40,344,352,348
2407,10044,0.0,44,0,0,352
2408,9687,1.0,44,352,360,356
2409,10048,0.0,48,0,0,360
2410,9684,1.0,48,359,367,363
2411,9684,0.0,48,359,367,360
2412,10052,0.0,52,0,0,369
2413,9685,1.0,52,362,370,366
2414,9685,0.0,52,362,370,370
2415,9685,0.0,52,362,370,369
2416,10056,0.0,56,0,0,376
2417,9686,1.0,56,365,373,369
2418,10060,0.0,60,0,0,377
2419,9686,1.0,60,369,377,373
2420,10064,0.0,64,0,0,377
2421,9686,1.0,64,373,381,377
2422,9686,0.0,64,373,381,378
2423,10068,0.0,68,0,0,382
2424,9689,1.0,68,374,382,378
2425,9689,0.0,68,374,382,378
2426,10064,0.0,64,0,0,374
2427,9694,-1.0,64,373,365,369
2428,9694,0.0,64,373,365,372
2429,9694,0.0,64,373,365,368
2430,9694,0.0,64,373,365,370
2431,10060,0.0,60,0,0,374
2432,9688,1.0,60,367,375,371
2433,9688,0.0,60,367,375,374
2434,9688,0.0,60,367,375,374
2435,10056,0.0,56,0,0,365
2436,9685,-1.0,56,374,366,370
2437,9685,0.0,56,374,366,372
2438,9685,0.0,56,374,366,373
2439,9685,0.0,56,374,366,370
2440,9685,0.0,56,374,366,373
2441,9685,0.0,56,374,366,374
2442,9685,0.0,56,374,366,374
2443,9685,0.0,56,374,366,374
2444,10052,0.0,52,0,0,375
2445,9675,1.0,52,372,380,376
2446,10048,0.0,48,0,0,370
2447,9677,-1.0,48,374,366,370
2448,9677,0.0,48,374,366,367
2449,9677,0.0,48,374,366,367
2450,10044,0.0,44,0,0,374
2451,9668,1.0,44,371,379,375
2452,10048,0.0,48,0,0,382
2453,9663,1.0,48,380,388,384
2454,9663,0.0,48,380,388,388
2455,10052,0.0,52,0,0,390
2456,9662,1.0,52,385,393,389
2457,10056,0.0,56,0,0,393
2458,9657,1.0,56,394,402,398
2459,9657,0.0,56,394,402,396
2460,9657,0.0,56,394,402,398
2461,9657,0.0,56,394,402,402
2462,10060,0.0,60,0,0,404
2463,9656,1.0,60,399,407,403
2464,10064,0.0,64,0,0,409
2465,9655,1.0,64,404,412,408
2466,10060,0.0,60,0,0,397
2467,9656,-1.0,60,407,399,403
2468,10056,0.0,56,0,0,411
2469,9650,-1.0,56,409,401,405
2470,9650,0.0,56,409,401,405
2471,10052,0.0,52,0,0,414
2472,9637,1.0,52,410,418,414
2473,10056,0.0,56,0,0,420
2474,9640,1.0,56,411,419,415
2475,10052,0.0,52,0,0,406
2476,9642,-1.0,52,413,405,409
2477,9642,0.0,52,413,405,406
2478,10056,0.0,56,0,0,404
2479,9653,-1.0,56,406,398,402
2480,9653,0.0,56,406,398,402
2481,10052,0.0,52,0,0,411
2482,9641,1.0,52,406,414,410
2483,9641,0.0,52,406,414,407
2484,9641,0.0,52,406,414,407
2485,9641,0.0,52,406,414,407
2486,9641,0.0,52,406,414,413
2487,10056,0.0,56,0,0,415
2488,9641,1.0,56,410,418,414
2489,10052,0.0,52,0,0,402
2490,9649,-1.0,52,406,398,402
2491,10048,0.0,48,0,0,409
2492,9641,-1.0,48,410,402,406
2493,9641,0.0,48,410,402,404
2494,10044,0.0,44,0,0,415
2495,9628,1.0,44,411,419,415
2496,10048,0.0,48,0,0,425
2497,9631,1.0,48,412,420,416
2498,9631,0.0,48,412,420,417
2499,10052,0.0,52,0,0,421
2500,9626,1.0,52,421,429,425
2501,10056,0.0,56,0,0,429
2502,9627,1.0,56,424,432,428
2503,10052,0.0,52,0,0,422
2504,9630,1.0,52,417,425,421
2505,9630,0.0,52,417,425,421
2506,9630,0.0,52,417,425,420
2507,9630,0.0,52,417,425,424
2508,9630,0.0,52,417,425,421
2509,9630,0.0,52,417,425,420
2510,9630,0.0,52,417,425,417
2511,9630,0.0,52,417,425,425
2512,9630,0.0,52,417,425,424
2513,10056,0.0,56,0,0,426
2514,9632,-1.0,56,427,419,423
2515,10052,0.0,52,0,0,427
2516,10052,-1.0,52,425,417,421
